% # columns="iteration, evaluation, min max(neg(.)) min(pos(.)) max correlation, correlation matrix principal axes lengths  (sorted square roots of eigenvalues of correlation matrix)", seed=1014893, Thu Feb 12 17:09:50 2026
1 26 -0.03918398283913742 -0.007763622209062882 0.008232516531733238 0.04593112092440588 0.9317410570378372 0.9498326631049604 0.9776539968266429 0.9814698792749467 0.987986696513497 0.9883710110266611 0.9908265028465493 0.9930315344166919 0.9951024022602353 0.9982304557398706 0.9998876400368327 1.0010781462577902 1.0047718589201182 1.0090677775515795 1.0108177988600573 1.0154225870533546 1.0182202419891464 1.0262422282080756 1.043042661909894 1.0689308814119323
2 52 -0.03918398283913742 -0.007763622209062882 0.008232516531733238 0.04593112092440588 0.9317410570378372 0.9498326631049604 0.9776539968266429 0.9814698792749467 0.987986696513497 0.9883710110266611 0.9908265028465493 0.9930315344166919 0.9951024022602353 0.9982304557398706 0.9998876400368327 1.0010781462577902 1.0047718589201182 1.0090677775515795 1.0108177988600573 1.0154225870533546 1.0182202419891464 1.0262422282080756 1.043042661909894 1.0689308814119323
3 78 -0.03918398283913742 -0.007763622209062882 0.008232516531733238 0.04593112092440588 0.9317410570378372 0.9498326631049604 0.9776539968266429 0.9814698792749467 0.987986696513497 0.9883710110266611 0.9908265028465493 0.9930315344166919 0.9951024022602353 0.9982304557398706 0.9998876400368327 1.0010781462577902 1.0047718589201182 1.0090677775515795 1.0108177988600573 1.0154225870533546 1.0182202419891464 1.0262422282080756 1.043042661909894 1.0689308814119323
4 104 -0.03918398283913742 -0.007763622209062882 0.008232516531733238 0.04593112092440588 0.9317410570378372 0.9498326631049604 0.9776539968266429 0.9814698792749467 0.987986696513497 0.9883710110266611 0.9908265028465493 0.9930315344166919 0.9951024022602353 0.9982304557398706 0.9998876400368327 1.0010781462577902 1.0047718589201182 1.0090677775515795 1.0108177988600573 1.0154225870533546 1.0182202419891464 1.0262422282080756 1.043042661909894 1.0689308814119323
5 130 -0.03918398283913742 -0.007763622209062882 0.008232516531733238 0.04593112092440588 0.9317410570378372 0.9498326631049604 0.9776539968266429 0.9814698792749467 0.987986696513497 0.9883710110266611 0.9908265028465493 0.9930315344166919 0.9951024022602353 0.9982304557398706 0.9998876400368327 1.0010781462577902 1.0047718589201182 1.0090677775515795 1.0108177988600573 1.0154225870533546 1.0182202419891464 1.0262422282080756 1.043042661909894 1.0689308814119323
6 156 -0.03918398283913742 -0.007763622209062882 0.008232516531733238 0.04593112092440588 0.9317410570378372 0.9498326631049604 0.9776539968266429 0.9814698792749467 0.987986696513497 0.9883710110266611 0.9908265028465493 0.9930315344166919 0.9951024022602353 0.9982304557398706 0.9998876400368327 1.0010781462577902 1.0047718589201182 1.0090677775515795 1.0108177988600573 1.0154225870533546 1.0182202419891464 1.0262422282080756 1.043042661909894 1.0689308814119323
7 182 -0.03918398283913742 -0.007763622209062882 0.008232516531733238 0.04593112092440588 0.9317410570378372 0.9498326631049604 0.9776539968266429 0.9814698792749467 0.987986696513497 0.9883710110266611 0.9908265028465493 0.9930315344166919 0.9951024022602353 0.9982304557398706 0.9998876400368327 1.0010781462577902 1.0047718589201182 1.0090677775515795 1.0108177988600573 1.0154225870533546 1.0182202419891464 1.0262422282080756 1.043042661909894 1.0689308814119323
8 208 -0.03918398283913742 -0.007763622209062882 0.008232516531733238 0.04593112092440588 0.9317410570378372 0.9498326631049604 0.9776539968266429 0.9814698792749467 0.987986696513497 0.9883710110266611 0.9908265028465493 0.9930315344166919 0.9951024022602353 0.9982304557398706 0.9998876400368327 1.0010781462577902 1.0047718589201182 1.0090677775515795 1.0108177988600573 1.0154225870533546 1.0182202419891464 1.0262422282080756 1.043042661909894 1.0689308814119323
9 234 -0.03918398283913742 -0.007763622209062882 0.008232516531733238 0.04593112092440588 0.9317410570378372 0.9498326631049604 0.9776539968266429 0.9814698792749467 0.987986696513497 0.9883710110266611 0.9908265028465493 0.9930315344166919 0.9951024022602353 0.9982304557398706 0.9998876400368327 1.0010781462577902 1.0047718589201182 1.0090677775515795 1.0108177988600573 1.0154225870533546 1.0182202419891464 1.0262422282080756 1.043042661909894 1.0689308814119323
10 260 -0.03918398283913742 -0.007763622209062882 0.008232516531733238 0.04593112092440588 0.9317410570378372 0.9498326631049604 0.9776539968266429 0.9814698792749467 0.987986696513497 0.9883710110266611 0.9908265028465493 0.9930315344166919 0.9951024022602353 0.9982304557398706 0.9998876400368327 1.0010781462577902 1.0047718589201182 1.0090677775515795 1.0108177988600573 1.0154225870533546 1.0182202419891464 1.0262422282080756 1.043042661909894 1.0689308814119323
11 286 -0.03918398283913742 -0.007763622209062882 0.008232516531733238 0.04593112092440588 0.9317410570378372 0.9498326631049604 0.9776539968266429 0.9814698792749467 0.987986696513497 0.9883710110266611 0.9908265028465493 0.9930315344166919 0.9951024022602353 0.9982304557398706 0.9998876400368327 1.0010781462577902 1.0047718589201182 1.0090677775515795 1.0108177988600573 1.0154225870533546 1.0182202419891464 1.0262422282080756 1.043042661909894 1.0689308814119323
12 312 -0.03918398283913742 -0.007763622209062882 0.008232516531733238 0.04593112092440588 0.9317410570378372 0.9498326631049604 0.9776539968266429 0.9814698792749467 0.987986696513497 0.9883710110266611 0.9908265028465493 0.9930315344166919 0.9951024022602353 0.9982304557398706 0.9998876400368327 1.0010781462577902 1.0047718589201182 1.0090677775515795 1.0108177988600573 1.0154225870533546 1.0182202419891464 1.0262422282080756 1.043042661909894 1.0689308814119323
13 338 -0.03918398283913742 -0.007763622209062882 0.008232516531733238 0.04593112092440588 0.9317410570378372 0.9498326631049604 0.9776539968266429 0.9814698792749467 0.987986696513497 0.9883710110266611 0.9908265028465493 0.9930315344166919 0.9951024022602353 0.9982304557398706 0.9998876400368327 1.0010781462577902 1.0047718589201182 1.0090677775515795 1.0108177988600573 1.0154225870533546 1.0182202419891464 1.0262422282080756 1.043042661909894 1.0689308814119323
14 364 -0.03918398283913742 -0.007763622209062882 0.008232516531733238 0.04593112092440588 0.9317410570378372 0.9498326631049604 0.9776539968266429 0.9814698792749467 0.987986696513497 0.9883710110266611 0.9908265028465493 0.9930315344166919 0.9951024022602353 0.9982304557398706 0.9998876400368327 1.0010781462577902 1.0047718589201182 1.0090677775515795 1.0108177988600573 1.0154225870533546 1.0182202419891464 1.0262422282080756 1.043042661909894 1.0689308814119323
15 390 -0.03918398283913742 -0.007763622209062882 0.008232516531733238 0.04593112092440588 0.9317410570378372 0.9498326631049604 0.9776539968266429 0.9814698792749467 0.987986696513497 0.9883710110266611 0.9908265028465493 0.9930315344166919 0.9951024022602353 0.9982304557398706 0.9998876400368327 1.0010781462577902 1.0047718589201182 1.0090677775515795 1.0108177988600573 1.0154225870533546 1.0182202419891464 1.0262422282080756 1.043042661909894 1.0689308814119323
16 416 -0.03918398283913742 -0.007763622209062882 0.008232516531733238 0.04593112092440588 0.9317410570378372 0.9498326631049604 0.9776539968266429 0.9814698792749467 0.987986696513497 0.9883710110266611 0.9908265028465493 0.9930315344166919 0.9951024022602353 0.9982304557398706 0.9998876400368327 1.0010781462577902 1.0047718589201182 1.0090677775515795 1.0108177988600573 1.0154225870533546 1.0182202419891464 1.0262422282080756 1.043042661909894 1.0689308814119323
17 442 -0.03918398283913742 -0.007763622209062882 0.008232516531733238 0.04593112092440588 0.9317410570378372 0.9498326631049604 0.9776539968266429 0.9814698792749467 0.987986696513497 0.9883710110266611 0.9908265028465493 0.9930315344166919 0.9951024022602353 0.9982304557398706 0.9998876400368327 1.0010781462577902 1.0047718589201182 1.0090677775515795 1.0108177988600573 1.0154225870533546 1.0182202419891464 1.0262422282080756 1.043042661909894 1.0689308814119323
18 468 -0.03918398283913742 -0.007763622209062882 0.008232516531733238 0.04593112092440588 0.9317410570378372 0.9498326631049604 0.9776539968266429 0.9814698792749467 0.987986696513497 0.9883710110266611 0.9908265028465493 0.9930315344166919 0.9951024022602353 0.9982304557398706 0.9998876400368327 1.0010781462577902 1.0047718589201182 1.0090677775515795 1.0108177988600573 1.0154225870533546 1.0182202419891464 1.0262422282080756 1.043042661909894 1.0689308814119323
19 494 -0.03918398283913742 -0.007763622209062882 0.008232516531733238 0.04593112092440588 0.9317410570378372 0.9498326631049604 0.9776539968266429 0.9814698792749467 0.987986696513497 0.9883710110266611 0.9908265028465493 0.9930315344166919 0.9951024022602353 0.9982304557398706 0.9998876400368327 1.0010781462577902 1.0047718589201182 1.0090677775515795 1.0108177988600573 1.0154225870533546 1.0182202419891464 1.0262422282080756 1.043042661909894 1.0689308814119323
20 520 -0.03918398283913742 -0.007763622209062882 0.008232516531733238 0.04593112092440588 0.9317410570378372 0.9498326631049604 0.9776539968266429 0.9814698792749467 0.987986696513497 0.9883710110266611 0.9908265028465493 0.9930315344166919 0.9951024022602353 0.9982304557398706 0.9998876400368327 1.0010781462577902 1.0047718589201182 1.0090677775515795 1.0108177988600573 1.0154225870533546 1.0182202419891464 1.0262422282080756 1.043042661909894 1.0689308814119323
21 546 -0.1331465326256601 -0.035430278121988665 0.03939413771287179 0.13952709613043124 0.6650199220907361 0.8531620273655585 0.8632578446497307 0.8943060739146501 0.9043256654054251 0.9260278966073561 0.9344126889149527 0.9537431681507432 0.9570490692650748 0.9818289743653839 0.996456650229109 1.0342776817503614 1.0380395481172515 1.059310789580503 1.0731360989658725 1.0868572620139298 1.1233215561025516 1.1369043482275145 1.1454065251694248 1.2187241338604982
22 572 -0.1331465326256601 -0.035430278121988665 0.03939413771287179 0.13952709613043124 0.6650199220907361 0.8531620273655585 0.8632578446497307 0.8943060739146501 0.9043256654054251 0.9260278966073561 0.9344126889149527 0.9537431681507432 0.9570490692650748 0.9818289743653839 0.996456650229109 1.0342776817503614 1.0380395481172515 1.059310789580503 1.0731360989658725 1.0868572620139298 1.1233215561025516 1.1369043482275145 1.1454065251694248 1.2187241338604982
23 598 -0.1331465326256601 -0.035430278121988665 0.03939413771287179 0.13952709613043124 0.6650199220907361 0.8531620273655585 0.8632578446497307 0.8943060739146501 0.9043256654054251 0.9260278966073561 0.9344126889149527 0.9537431681507432 0.9570490692650748 0.9818289743653839 0.996456650229109 1.0342776817503614 1.0380395481172515 1.059310789580503 1.0731360989658725 1.0868572620139298 1.1233215561025516 1.1369043482275145 1.1454065251694248 1.2187241338604982
24 624 -0.1331465326256601 -0.035430278121988665 0.03939413771287179 0.13952709613043124 0.6650199220907361 0.8531620273655585 0.8632578446497307 0.8943060739146501 0.9043256654054251 0.9260278966073561 0.9344126889149527 0.9537431681507432 0.9570490692650748 0.9818289743653839 0.996456650229109 1.0342776817503614 1.0380395481172515 1.059310789580503 1.0731360989658725 1.0868572620139298 1.1233215561025516 1.1369043482275145 1.1454065251694248 1.2187241338604982
25 650 -0.1331465326256601 -0.035430278121988665 0.03939413771287179 0.13952709613043124 0.6650199220907361 0.8531620273655585 0.8632578446497307 0.8943060739146501 0.9043256654054251 0.9260278966073561 0.9344126889149527 0.9537431681507432 0.9570490692650748 0.9818289743653839 0.996456650229109 1.0342776817503614 1.0380395481172515 1.059310789580503 1.0731360989658725 1.0868572620139298 1.1233215561025516 1.1369043482275145 1.1454065251694248 1.2187241338604982
26 676 -0.1331465326256601 -0.035430278121988665 0.03939413771287179 0.13952709613043124 0.6650199220907361 0.8531620273655585 0.8632578446497307 0.8943060739146501 0.9043256654054251 0.9260278966073561 0.9344126889149527 0.9537431681507432 0.9570490692650748 0.9818289743653839 0.996456650229109 1.0342776817503614 1.0380395481172515 1.059310789580503 1.0731360989658725 1.0868572620139298 1.1233215561025516 1.1369043482275145 1.1454065251694248 1.2187241338604982
27 702 -0.1331465326256601 -0.035430278121988665 0.03939413771287179 0.13952709613043124 0.6650199220907361 0.8531620273655585 0.8632578446497307 0.8943060739146501 0.9043256654054251 0.9260278966073561 0.9344126889149527 0.9537431681507432 0.9570490692650748 0.9818289743653839 0.996456650229109 1.0342776817503614 1.0380395481172515 1.059310789580503 1.0731360989658725 1.0868572620139298 1.1233215561025516 1.1369043482275145 1.1454065251694248 1.2187241338604982
28 728 -0.1331465326256601 -0.035430278121988665 0.03939413771287179 0.13952709613043124 0.6650199220907361 0.8531620273655585 0.8632578446497307 0.8943060739146501 0.9043256654054251 0.9260278966073561 0.9344126889149527 0.9537431681507432 0.9570490692650748 0.9818289743653839 0.996456650229109 1.0342776817503614 1.0380395481172515 1.059310789580503 1.0731360989658725 1.0868572620139298 1.1233215561025516 1.1369043482275145 1.1454065251694248 1.2187241338604982
29 754 -0.1331465326256601 -0.035430278121988665 0.03939413771287179 0.13952709613043124 0.6650199220907361 0.8531620273655585 0.8632578446497307 0.8943060739146501 0.9043256654054251 0.9260278966073561 0.9344126889149527 0.9537431681507432 0.9570490692650748 0.9818289743653839 0.996456650229109 1.0342776817503614 1.0380395481172515 1.059310789580503 1.0731360989658725 1.0868572620139298 1.1233215561025516 1.1369043482275145 1.1454065251694248 1.2187241338604982
30 780 -0.1331465326256601 -0.035430278121988665 0.03939413771287179 0.13952709613043124 0.6650199220907361 0.8531620273655585 0.8632578446497307 0.8943060739146501 0.9043256654054251 0.9260278966073561 0.9344126889149527 0.9537431681507432 0.9570490692650748 0.9818289743653839 0.996456650229109 1.0342776817503614 1.0380395481172515 1.059310789580503 1.0731360989658725 1.0868572620139298 1.1233215561025516 1.1369043482275145 1.1454065251694248 1.2187241338604982
31 806 -0.1331465326256601 -0.035430278121988665 0.03939413771287179 0.13952709613043124 0.6650199220907361 0.8531620273655585 0.8632578446497307 0.8943060739146501 0.9043256654054251 0.9260278966073561 0.9344126889149527 0.9537431681507432 0.9570490692650748 0.9818289743653839 0.996456650229109 1.0342776817503614 1.0380395481172515 1.059310789580503 1.0731360989658725 1.0868572620139298 1.1233215561025516 1.1369043482275145 1.1454065251694248 1.2187241338604982
32 832 -0.1331465326256601 -0.035430278121988665 0.03939413771287179 0.13952709613043124 0.6650199220907361 0.8531620273655585 0.8632578446497307 0.8943060739146501 0.9043256654054251 0.9260278966073561 0.9344126889149527 0.9537431681507432 0.9570490692650748 0.9818289743653839 0.996456650229109 1.0342776817503614 1.0380395481172515 1.059310789580503 1.0731360989658725 1.0868572620139298 1.1233215561025516 1.1369043482275145 1.1454065251694248 1.2187241338604982
33 858 -0.1331465326256601 -0.035430278121988665 0.03939413771287179 0.13952709613043124 0.6650199220907361 0.8531620273655585 0.8632578446497307 0.8943060739146501 0.9043256654054251 0.9260278966073561 0.9344126889149527 0.9537431681507432 0.9570490692650748 0.9818289743653839 0.996456650229109 1.0342776817503614 1.0380395481172515 1.059310789580503 1.0731360989658725 1.0868572620139298 1.1233215561025516 1.1369043482275145 1.1454065251694248 1.2187241338604982
34 884 -0.1331465326256601 -0.035430278121988665 0.03939413771287179 0.13952709613043124 0.6650199220907361 0.8531620273655585 0.8632578446497307 0.8943060739146501 0.9043256654054251 0.9260278966073561 0.9344126889149527 0.9537431681507432 0.9570490692650748 0.9818289743653839 0.996456650229109 1.0342776817503614 1.0380395481172515 1.059310789580503 1.0731360989658725 1.0868572620139298 1.1233215561025516 1.1369043482275145 1.1454065251694248 1.2187241338604982
35 910 -0.1331465326256601 -0.035430278121988665 0.03939413771287179 0.13952709613043124 0.6650199220907361 0.8531620273655585 0.8632578446497307 0.8943060739146501 0.9043256654054251 0.9260278966073561 0.9344126889149527 0.9537431681507432 0.9570490692650748 0.9818289743653839 0.996456650229109 1.0342776817503614 1.0380395481172515 1.059310789580503 1.0731360989658725 1.0868572620139298 1.1233215561025516 1.1369043482275145 1.1454065251694248 1.2187241338604982
36 936 -0.1331465326256601 -0.035430278121988665 0.03939413771287179 0.13952709613043124 0.6650199220907361 0.8531620273655585 0.8632578446497307 0.8943060739146501 0.9043256654054251 0.9260278966073561 0.9344126889149527 0.9537431681507432 0.9570490692650748 0.9818289743653839 0.996456650229109 1.0342776817503614 1.0380395481172515 1.059310789580503 1.0731360989658725 1.0868572620139298 1.1233215561025516 1.1369043482275145 1.1454065251694248 1.2187241338604982
37 962 -0.1331465326256601 -0.035430278121988665 0.03939413771287179 0.13952709613043124 0.6650199220907361 0.8531620273655585 0.8632578446497307 0.8943060739146501 0.9043256654054251 0.9260278966073561 0.9344126889149527 0.9537431681507432 0.9570490692650748 0.9818289743653839 0.996456650229109 1.0342776817503614 1.0380395481172515 1.059310789580503 1.0731360989658725 1.0868572620139298 1.1233215561025516 1.1369043482275145 1.1454065251694248 1.2187241338604982
38 988 -0.1331465326256601 -0.035430278121988665 0.03939413771287179 0.13952709613043124 0.6650199220907361 0.8531620273655585 0.8632578446497307 0.8943060739146501 0.9043256654054251 0.9260278966073561 0.9344126889149527 0.9537431681507432 0.9570490692650748 0.9818289743653839 0.996456650229109 1.0342776817503614 1.0380395481172515 1.059310789580503 1.0731360989658725 1.0868572620139298 1.1233215561025516 1.1369043482275145 1.1454065251694248 1.2187241338604982
39 1014 -0.1331465326256601 -0.035430278121988665 0.03939413771287179 0.13952709613043124 0.6650199220907361 0.8531620273655585 0.8632578446497307 0.8943060739146501 0.9043256654054251 0.9260278966073561 0.9344126889149527 0.9537431681507432 0.9570490692650748 0.9818289743653839 0.996456650229109 1.0342776817503614 1.0380395481172515 1.059310789580503 1.0731360989658725 1.0868572620139298 1.1233215561025516 1.1369043482275145 1.1454065251694248 1.2187241338604982
40 1040 -0.1331465326256601 -0.035430278121988665 0.03939413771287179 0.13952709613043124 0.6650199220907361 0.8531620273655585 0.8632578446497307 0.8943060739146501 0.9043256654054251 0.9260278966073561 0.9344126889149527 0.9537431681507432 0.9570490692650748 0.9818289743653839 0.996456650229109 1.0342776817503614 1.0380395481172515 1.059310789580503 1.0731360989658725 1.0868572620139298 1.1233215561025516 1.1369043482275145 1.1454065251694248 1.2187241338604982
41 1066 -0.15648540100933322 -0.04186206241390251 0.040510574881970116 0.19350006430440295 0.7154779202166592 0.8208179704220493 0.8361460312075156 0.8458155160517228 0.8579596208615167 0.8986756340517746 0.90690765074966 0.9316694300485698 0.9481073878327935 0.9857472466758401 1.0182867625954404 1.0247812347232537 1.0399406637939381 1.0620636725191572 1.0894173762458355 1.1110299036642741 1.1354942669525279 1.1576333599486264 1.1965945171096004 1.2312348229479582
42 1092 -0.15648540100933322 -0.04186206241390251 0.040510574881970116 0.19350006430440295 0.7154779202166592 0.8208179704220493 0.8361460312075156 0.8458155160517228 0.8579596208615167 0.8986756340517746 0.90690765074966 0.9316694300485698 0.9481073878327935 0.9857472466758401 1.0182867625954404 1.0247812347232537 1.0399406637939381 1.0620636725191572 1.0894173762458355 1.1110299036642741 1.1354942669525279 1.1576333599486264 1.1965945171096004 1.2312348229479582
43 1118 -0.15648540100933322 -0.04186206241390251 0.040510574881970116 0.19350006430440295 0.7154779202166592 0.8208179704220493 0.8361460312075156 0.8458155160517228 0.8579596208615167 0.8986756340517746 0.90690765074966 0.9316694300485698 0.9481073878327935 0.9857472466758401 1.0182867625954404 1.0247812347232537 1.0399406637939381 1.0620636725191572 1.0894173762458355 1.1110299036642741 1.1354942669525279 1.1576333599486264 1.1965945171096004 1.2312348229479582
44 1144 -0.15648540100933322 -0.04186206241390251 0.040510574881970116 0.19350006430440295 0.7154779202166592 0.8208179704220493 0.8361460312075156 0.8458155160517228 0.8579596208615167 0.8986756340517746 0.90690765074966 0.9316694300485698 0.9481073878327935 0.9857472466758401 1.0182867625954404 1.0247812347232537 1.0399406637939381 1.0620636725191572 1.0894173762458355 1.1110299036642741 1.1354942669525279 1.1576333599486264 1.1965945171096004 1.2312348229479582
45 1170 -0.15648540100933322 -0.04186206241390251 0.040510574881970116 0.19350006430440295 0.7154779202166592 0.8208179704220493 0.8361460312075156 0.8458155160517228 0.8579596208615167 0.8986756340517746 0.90690765074966 0.9316694300485698 0.9481073878327935 0.9857472466758401 1.0182867625954404 1.0247812347232537 1.0399406637939381 1.0620636725191572 1.0894173762458355 1.1110299036642741 1.1354942669525279 1.1576333599486264 1.1965945171096004 1.2312348229479582
46 1196 -0.15648540100933322 -0.04186206241390251 0.040510574881970116 0.19350006430440295 0.7154779202166592 0.8208179704220493 0.8361460312075156 0.8458155160517228 0.8579596208615167 0.8986756340517746 0.90690765074966 0.9316694300485698 0.9481073878327935 0.9857472466758401 1.0182867625954404 1.0247812347232537 1.0399406637939381 1.0620636725191572 1.0894173762458355 1.1110299036642741 1.1354942669525279 1.1576333599486264 1.1965945171096004 1.2312348229479582
47 1222 -0.15648540100933322 -0.04186206241390251 0.040510574881970116 0.19350006430440295 0.7154779202166592 0.8208179704220493 0.8361460312075156 0.8458155160517228 0.8579596208615167 0.8986756340517746 0.90690765074966 0.9316694300485698 0.9481073878327935 0.9857472466758401 1.0182867625954404 1.0247812347232537 1.0399406637939381 1.0620636725191572 1.0894173762458355 1.1110299036642741 1.1354942669525279 1.1576333599486264 1.1965945171096004 1.2312348229479582
48 1248 -0.15648540100933322 -0.04186206241390251 0.040510574881970116 0.19350006430440295 0.7154779202166592 0.8208179704220493 0.8361460312075156 0.8458155160517228 0.8579596208615167 0.8986756340517746 0.90690765074966 0.9316694300485698 0.9481073878327935 0.9857472466758401 1.0182867625954404 1.0247812347232537 1.0399406637939381 1.0620636725191572 1.0894173762458355 1.1110299036642741 1.1354942669525279 1.1576333599486264 1.1965945171096004 1.2312348229479582
49 1274 -0.15648540100933322 -0.04186206241390251 0.040510574881970116 0.19350006430440295 0.7154779202166592 0.8208179704220493 0.8361460312075156 0.8458155160517228 0.8579596208615167 0.8986756340517746 0.90690765074966 0.9316694300485698 0.9481073878327935 0.9857472466758401 1.0182867625954404 1.0247812347232537 1.0399406637939381 1.0620636725191572 1.0894173762458355 1.1110299036642741 1.1354942669525279 1.1576333599486264 1.1965945171096004 1.2312348229479582
50 1300 -0.15648540100933322 -0.04186206241390251 0.040510574881970116 0.19350006430440295 0.7154779202166592 0.8208179704220493 0.8361460312075156 0.8458155160517228 0.8579596208615167 0.8986756340517746 0.90690765074966 0.9316694300485698 0.9481073878327935 0.9857472466758401 1.0182867625954404 1.0247812347232537 1.0399406637939381 1.0620636725191572 1.0894173762458355 1.1110299036642741 1.1354942669525279 1.1576333599486264 1.1965945171096004 1.2312348229479582
51 1326 -0.15648540100933322 -0.04186206241390251 0.040510574881970116 0.19350006430440295 0.7154779202166592 0.8208179704220493 0.8361460312075156 0.8458155160517228 0.8579596208615167 0.8986756340517746 0.90690765074966 0.9316694300485698 0.9481073878327935 0.9857472466758401 1.0182867625954404 1.0247812347232537 1.0399406637939381 1.0620636725191572 1.0894173762458355 1.1110299036642741 1.1354942669525279 1.1576333599486264 1.1965945171096004 1.2312348229479582
52 1352 -0.15648540100933322 -0.04186206241390251 0.040510574881970116 0.19350006430440295 0.7154779202166592 0.8208179704220493 0.8361460312075156 0.8458155160517228 0.8579596208615167 0.8986756340517746 0.90690765074966 0.9316694300485698 0.9481073878327935 0.9857472466758401 1.0182867625954404 1.0247812347232537 1.0399406637939381 1.0620636725191572 1.0894173762458355 1.1110299036642741 1.1354942669525279 1.1576333599486264 1.1965945171096004 1.2312348229479582
53 1378 -0.15648540100933322 -0.04186206241390251 0.040510574881970116 0.19350006430440295 0.7154779202166592 0.8208179704220493 0.8361460312075156 0.8458155160517228 0.8579596208615167 0.8986756340517746 0.90690765074966 0.9316694300485698 0.9481073878327935 0.9857472466758401 1.0182867625954404 1.0247812347232537 1.0399406637939381 1.0620636725191572 1.0894173762458355 1.1110299036642741 1.1354942669525279 1.1576333599486264 1.1965945171096004 1.2312348229479582
54 1404 -0.15648540100933322 -0.04186206241390251 0.040510574881970116 0.19350006430440295 0.7154779202166592 0.8208179704220493 0.8361460312075156 0.8458155160517228 0.8579596208615167 0.8986756340517746 0.90690765074966 0.9316694300485698 0.9481073878327935 0.9857472466758401 1.0182867625954404 1.0247812347232537 1.0399406637939381 1.0620636725191572 1.0894173762458355 1.1110299036642741 1.1354942669525279 1.1576333599486264 1.1965945171096004 1.2312348229479582
55 1430 -0.15648540100933322 -0.04186206241390251 0.040510574881970116 0.19350006430440295 0.7154779202166592 0.8208179704220493 0.8361460312075156 0.8458155160517228 0.8579596208615167 0.8986756340517746 0.90690765074966 0.9316694300485698 0.9481073878327935 0.9857472466758401 1.0182867625954404 1.0247812347232537 1.0399406637939381 1.0620636725191572 1.0894173762458355 1.1110299036642741 1.1354942669525279 1.1576333599486264 1.1965945171096004 1.2312348229479582
56 1456 -0.15648540100933322 -0.04186206241390251 0.040510574881970116 0.19350006430440295 0.7154779202166592 0.8208179704220493 0.8361460312075156 0.8458155160517228 0.8579596208615167 0.8986756340517746 0.90690765074966 0.9316694300485698 0.9481073878327935 0.9857472466758401 1.0182867625954404 1.0247812347232537 1.0399406637939381 1.0620636725191572 1.0894173762458355 1.1110299036642741 1.1354942669525279 1.1576333599486264 1.1965945171096004 1.2312348229479582
57 1482 -0.15648540100933322 -0.04186206241390251 0.040510574881970116 0.19350006430440295 0.7154779202166592 0.8208179704220493 0.8361460312075156 0.8458155160517228 0.8579596208615167 0.8986756340517746 0.90690765074966 0.9316694300485698 0.9481073878327935 0.9857472466758401 1.0182867625954404 1.0247812347232537 1.0399406637939381 1.0620636725191572 1.0894173762458355 1.1110299036642741 1.1354942669525279 1.1576333599486264 1.1965945171096004 1.2312348229479582
58 1508 -0.15648540100933322 -0.04186206241390251 0.040510574881970116 0.19350006430440295 0.7154779202166592 0.8208179704220493 0.8361460312075156 0.8458155160517228 0.8579596208615167 0.8986756340517746 0.90690765074966 0.9316694300485698 0.9481073878327935 0.9857472466758401 1.0182867625954404 1.0247812347232537 1.0399406637939381 1.0620636725191572 1.0894173762458355 1.1110299036642741 1.1354942669525279 1.1576333599486264 1.1965945171096004 1.2312348229479582
59 1534 -0.15648540100933322 -0.04186206241390251 0.040510574881970116 0.19350006430440295 0.7154779202166592 0.8208179704220493 0.8361460312075156 0.8458155160517228 0.8579596208615167 0.8986756340517746 0.90690765074966 0.9316694300485698 0.9481073878327935 0.9857472466758401 1.0182867625954404 1.0247812347232537 1.0399406637939381 1.0620636725191572 1.0894173762458355 1.1110299036642741 1.1354942669525279 1.1576333599486264 1.1965945171096004 1.2312348229479582
60 1560 -0.15648540100933322 -0.04186206241390251 0.040510574881970116 0.19350006430440295 0.7154779202166592 0.8208179704220493 0.8361460312075156 0.8458155160517228 0.8579596208615167 0.8986756340517746 0.90690765074966 0.9316694300485698 0.9481073878327935 0.9857472466758401 1.0182867625954404 1.0247812347232537 1.0399406637939381 1.0620636725191572 1.0894173762458355 1.1110299036642741 1.1354942669525279 1.1576333599486264 1.1965945171096004 1.2312348229479582
61 1586 -0.18750778496751663 -0.04774514976563598 0.05486925222903956 0.20431276767164538 0.7201944848599657 0.7826659639994221 0.8055873362819167 0.8300939584407684 0.8524496365339679 0.8670747703893894 0.8960437303480459 0.9250172131290216 0.9483289026182027 0.9702066811575719 0.9822441103254369 1.0086855250803657 1.0363425264921482 1.0623708652574508 1.0920234304071867 1.1125869470016032 1.1403331542299917 1.1880183364498182 1.2202336232156898 1.317986370247974
62 1612 -0.18750778496751663 -0.04774514976563598 0.05486925222903956 0.20431276767164538 0.7201944848599657 0.7826659639994221 0.8055873362819167 0.8300939584407684 0.8524496365339679 0.8670747703893894 0.8960437303480459 0.9250172131290216 0.9483289026182027 0.9702066811575719 0.9822441103254369 1.0086855250803657 1.0363425264921482 1.0623708652574508 1.0920234304071867 1.1125869470016032 1.1403331542299917 1.1880183364498182 1.2202336232156898 1.317986370247974
63 1638 -0.18750778496751663 -0.04774514976563598 0.05486925222903956 0.20431276767164538 0.7201944848599657 0.7826659639994221 0.8055873362819167 0.8300939584407684 0.8524496365339679 0.8670747703893894 0.8960437303480459 0.9250172131290216 0.9483289026182027 0.9702066811575719 0.9822441103254369 1.0086855250803657 1.0363425264921482 1.0623708652574508 1.0920234304071867 1.1125869470016032 1.1403331542299917 1.1880183364498182 1.2202336232156898 1.317986370247974
64 1664 -0.18750778496751663 -0.04774514976563598 0.05486925222903956 0.20431276767164538 0.7201944848599657 0.7826659639994221 0.8055873362819167 0.8300939584407684 0.8524496365339679 0.8670747703893894 0.8960437303480459 0.9250172131290216 0.9483289026182027 0.9702066811575719 0.9822441103254369 1.0086855250803657 1.0363425264921482 1.0623708652574508 1.0920234304071867 1.1125869470016032 1.1403331542299917 1.1880183364498182 1.2202336232156898 1.317986370247974
65 1690 -0.18750778496751663 -0.04774514976563598 0.05486925222903956 0.20431276767164538 0.7201944848599657 0.7826659639994221 0.8055873362819167 0.8300939584407684 0.8524496365339679 0.8670747703893894 0.8960437303480459 0.9250172131290216 0.9483289026182027 0.9702066811575719 0.9822441103254369 1.0086855250803657 1.0363425264921482 1.0623708652574508 1.0920234304071867 1.1125869470016032 1.1403331542299917 1.1880183364498182 1.2202336232156898 1.317986370247974
66 1716 -0.18750778496751663 -0.04774514976563598 0.05486925222903956 0.20431276767164538 0.7201944848599657 0.7826659639994221 0.8055873362819167 0.8300939584407684 0.8524496365339679 0.8670747703893894 0.8960437303480459 0.9250172131290216 0.9483289026182027 0.9702066811575719 0.9822441103254369 1.0086855250803657 1.0363425264921482 1.0623708652574508 1.0920234304071867 1.1125869470016032 1.1403331542299917 1.1880183364498182 1.2202336232156898 1.317986370247974
67 1742 -0.18750778496751663 -0.04774514976563598 0.05486925222903956 0.20431276767164538 0.7201944848599657 0.7826659639994221 0.8055873362819167 0.8300939584407684 0.8524496365339679 0.8670747703893894 0.8960437303480459 0.9250172131290216 0.9483289026182027 0.9702066811575719 0.9822441103254369 1.0086855250803657 1.0363425264921482 1.0623708652574508 1.0920234304071867 1.1125869470016032 1.1403331542299917 1.1880183364498182 1.2202336232156898 1.317986370247974
68 1768 -0.18750778496751663 -0.04774514976563598 0.05486925222903956 0.20431276767164538 0.7201944848599657 0.7826659639994221 0.8055873362819167 0.8300939584407684 0.8524496365339679 0.8670747703893894 0.8960437303480459 0.9250172131290216 0.9483289026182027 0.9702066811575719 0.9822441103254369 1.0086855250803657 1.0363425264921482 1.0623708652574508 1.0920234304071867 1.1125869470016032 1.1403331542299917 1.1880183364498182 1.2202336232156898 1.317986370247974
69 1794 -0.18750778496751663 -0.04774514976563598 0.05486925222903956 0.20431276767164538 0.7201944848599657 0.7826659639994221 0.8055873362819167 0.8300939584407684 0.8524496365339679 0.8670747703893894 0.8960437303480459 0.9250172131290216 0.9483289026182027 0.9702066811575719 0.9822441103254369 1.0086855250803657 1.0363425264921482 1.0623708652574508 1.0920234304071867 1.1125869470016032 1.1403331542299917 1.1880183364498182 1.2202336232156898 1.317986370247974
70 1820 -0.18750778496751663 -0.04774514976563598 0.05486925222903956 0.20431276767164538 0.7201944848599657 0.7826659639994221 0.8055873362819167 0.8300939584407684 0.8524496365339679 0.8670747703893894 0.8960437303480459 0.9250172131290216 0.9483289026182027 0.9702066811575719 0.9822441103254369 1.0086855250803657 1.0363425264921482 1.0623708652574508 1.0920234304071867 1.1125869470016032 1.1403331542299917 1.1880183364498182 1.2202336232156898 1.317986370247974
71 1846 -0.18750778496751663 -0.04774514976563598 0.05486925222903956 0.20431276767164538 0.7201944848599657 0.7826659639994221 0.8055873362819167 0.8300939584407684 0.8524496365339679 0.8670747703893894 0.8960437303480459 0.9250172131290216 0.9483289026182027 0.9702066811575719 0.9822441103254369 1.0086855250803657 1.0363425264921482 1.0623708652574508 1.0920234304071867 1.1125869470016032 1.1403331542299917 1.1880183364498182 1.2202336232156898 1.317986370247974
72 1872 -0.18750778496751663 -0.04774514976563598 0.05486925222903956 0.20431276767164538 0.7201944848599657 0.7826659639994221 0.8055873362819167 0.8300939584407684 0.8524496365339679 0.8670747703893894 0.8960437303480459 0.9250172131290216 0.9483289026182027 0.9702066811575719 0.9822441103254369 1.0086855250803657 1.0363425264921482 1.0623708652574508 1.0920234304071867 1.1125869470016032 1.1403331542299917 1.1880183364498182 1.2202336232156898 1.317986370247974
73 1898 -0.18750778496751663 -0.04774514976563598 0.05486925222903956 0.20431276767164538 0.7201944848599657 0.7826659639994221 0.8055873362819167 0.8300939584407684 0.8524496365339679 0.8670747703893894 0.8960437303480459 0.9250172131290216 0.9483289026182027 0.9702066811575719 0.9822441103254369 1.0086855250803657 1.0363425264921482 1.0623708652574508 1.0920234304071867 1.1125869470016032 1.1403331542299917 1.1880183364498182 1.2202336232156898 1.317986370247974
74 1924 -0.18750778496751663 -0.04774514976563598 0.05486925222903956 0.20431276767164538 0.7201944848599657 0.7826659639994221 0.8055873362819167 0.8300939584407684 0.8524496365339679 0.8670747703893894 0.8960437303480459 0.9250172131290216 0.9483289026182027 0.9702066811575719 0.9822441103254369 1.0086855250803657 1.0363425264921482 1.0623708652574508 1.0920234304071867 1.1125869470016032 1.1403331542299917 1.1880183364498182 1.2202336232156898 1.317986370247974
75 1950 -0.18750778496751663 -0.04774514976563598 0.05486925222903956 0.20431276767164538 0.7201944848599657 0.7826659639994221 0.8055873362819167 0.8300939584407684 0.8524496365339679 0.8670747703893894 0.8960437303480459 0.9250172131290216 0.9483289026182027 0.9702066811575719 0.9822441103254369 1.0086855250803657 1.0363425264921482 1.0623708652574508 1.0920234304071867 1.1125869470016032 1.1403331542299917 1.1880183364498182 1.2202336232156898 1.317986370247974
76 1976 -0.18750778496751663 -0.04774514976563598 0.05486925222903956 0.20431276767164538 0.7201944848599657 0.7826659639994221 0.8055873362819167 0.8300939584407684 0.8524496365339679 0.8670747703893894 0.8960437303480459 0.9250172131290216 0.9483289026182027 0.9702066811575719 0.9822441103254369 1.0086855250803657 1.0363425264921482 1.0623708652574508 1.0920234304071867 1.1125869470016032 1.1403331542299917 1.1880183364498182 1.2202336232156898 1.317986370247974
77 2002 -0.18750778496751663 -0.04774514976563598 0.05486925222903956 0.20431276767164538 0.7201944848599657 0.7826659639994221 0.8055873362819167 0.8300939584407684 0.8524496365339679 0.8670747703893894 0.8960437303480459 0.9250172131290216 0.9483289026182027 0.9702066811575719 0.9822441103254369 1.0086855250803657 1.0363425264921482 1.0623708652574508 1.0920234304071867 1.1125869470016032 1.1403331542299917 1.1880183364498182 1.2202336232156898 1.317986370247974
78 2028 -0.18750778496751663 -0.04774514976563598 0.05486925222903956 0.20431276767164538 0.7201944848599657 0.7826659639994221 0.8055873362819167 0.8300939584407684 0.8524496365339679 0.8670747703893894 0.8960437303480459 0.9250172131290216 0.9483289026182027 0.9702066811575719 0.9822441103254369 1.0086855250803657 1.0363425264921482 1.0623708652574508 1.0920234304071867 1.1125869470016032 1.1403331542299917 1.1880183364498182 1.2202336232156898 1.317986370247974
79 2054 -0.18750778496751663 -0.04774514976563598 0.05486925222903956 0.20431276767164538 0.7201944848599657 0.7826659639994221 0.8055873362819167 0.8300939584407684 0.8524496365339679 0.8670747703893894 0.8960437303480459 0.9250172131290216 0.9483289026182027 0.9702066811575719 0.9822441103254369 1.0086855250803657 1.0363425264921482 1.0623708652574508 1.0920234304071867 1.1125869470016032 1.1403331542299917 1.1880183364498182 1.2202336232156898 1.317986370247974
80 2080 -0.18750778496751663 -0.04774514976563598 0.05486925222903956 0.20431276767164538 0.7201944848599657 0.7826659639994221 0.8055873362819167 0.8300939584407684 0.8524496365339679 0.8670747703893894 0.8960437303480459 0.9250172131290216 0.9483289026182027 0.9702066811575719 0.9822441103254369 1.0086855250803657 1.0363425264921482 1.0623708652574508 1.0920234304071867 1.1125869470016032 1.1403331542299917 1.1880183364498182 1.2202336232156898 1.317986370247974
81 2106 -0.20006158500361998 -0.04888391637591141 0.06567451835324598 0.18795917353713848 0.7323350731296602 0.7416211791922498 0.7941484149400252 0.8205675624152828 0.8299611283839694 0.8548832095151904 0.8926304876989499 0.8949893236005589 0.9273515890706449 0.953760420715796 0.9772213675840197 0.9969555400040226 1.0262103631074342 1.075675091628938 1.1025872026609131 1.18059085579502 1.1823892789472894 1.1938732999486594 1.2426522717760662 1.2986386611517258
82 2132 -0.20006158500361998 -0.04888391637591141 0.06567451835324598 0.18795917353713848 0.7323350731296602 0.7416211791922498 0.7941484149400252 0.8205675624152828 0.8299611283839694 0.8548832095151904 0.8926304876989499 0.8949893236005589 0.9273515890706449 0.953760420715796 0.9772213675840197 0.9969555400040226 1.0262103631074342 1.075675091628938 1.1025872026609131 1.18059085579502 1.1823892789472894 1.1938732999486594 1.2426522717760662 1.2986386611517258
83 2158 -0.20006158500361998 -0.04888391637591141 0.06567451835324598 0.18795917353713848 0.7323350731296602 0.7416211791922498 0.7941484149400252 0.8205675624152828 0.8299611283839694 0.8548832095151904 0.8926304876989499 0.8949893236005589 0.9273515890706449 0.953760420715796 0.9772213675840197 0.9969555400040226 1.0262103631074342 1.075675091628938 1.1025872026609131 1.18059085579502 1.1823892789472894 1.1938732999486594 1.2426522717760662 1.2986386611517258
84 2184 -0.20006158500361998 -0.04888391637591141 0.06567451835324598 0.18795917353713848 0.7323350731296602 0.7416211791922498 0.7941484149400252 0.8205675624152828 0.8299611283839694 0.8548832095151904 0.8926304876989499 0.8949893236005589 0.9273515890706449 0.953760420715796 0.9772213675840197 0.9969555400040226 1.0262103631074342 1.075675091628938 1.1025872026609131 1.18059085579502 1.1823892789472894 1.1938732999486594 1.2426522717760662 1.2986386611517258
85 2210 -0.20006158500361998 -0.04888391637591141 0.06567451835324598 0.18795917353713848 0.7323350731296602 0.7416211791922498 0.7941484149400252 0.8205675624152828 0.8299611283839694 0.8548832095151904 0.8926304876989499 0.8949893236005589 0.9273515890706449 0.953760420715796 0.9772213675840197 0.9969555400040226 1.0262103631074342 1.075675091628938 1.1025872026609131 1.18059085579502 1.1823892789472894 1.1938732999486594 1.2426522717760662 1.2986386611517258
86 2236 -0.20006158500361998 -0.04888391637591141 0.06567451835324598 0.18795917353713848 0.7323350731296602 0.7416211791922498 0.7941484149400252 0.8205675624152828 0.8299611283839694 0.8548832095151904 0.8926304876989499 0.8949893236005589 0.9273515890706449 0.953760420715796 0.9772213675840197 0.9969555400040226 1.0262103631074342 1.075675091628938 1.1025872026609131 1.18059085579502 1.1823892789472894 1.1938732999486594 1.2426522717760662 1.2986386611517258
87 2262 -0.20006158500361998 -0.04888391637591141 0.06567451835324598 0.18795917353713848 0.7323350731296602 0.7416211791922498 0.7941484149400252 0.8205675624152828 0.8299611283839694 0.8548832095151904 0.8926304876989499 0.8949893236005589 0.9273515890706449 0.953760420715796 0.9772213675840197 0.9969555400040226 1.0262103631074342 1.075675091628938 1.1025872026609131 1.18059085579502 1.1823892789472894 1.1938732999486594 1.2426522717760662 1.2986386611517258
88 2288 -0.20006158500361998 -0.04888391637591141 0.06567451835324598 0.18795917353713848 0.7323350731296602 0.7416211791922498 0.7941484149400252 0.8205675624152828 0.8299611283839694 0.8548832095151904 0.8926304876989499 0.8949893236005589 0.9273515890706449 0.953760420715796 0.9772213675840197 0.9969555400040226 1.0262103631074342 1.075675091628938 1.1025872026609131 1.18059085579502 1.1823892789472894 1.1938732999486594 1.2426522717760662 1.2986386611517258
89 2314 -0.20006158500361998 -0.04888391637591141 0.06567451835324598 0.18795917353713848 0.7323350731296602 0.7416211791922498 0.7941484149400252 0.8205675624152828 0.8299611283839694 0.8548832095151904 0.8926304876989499 0.8949893236005589 0.9273515890706449 0.953760420715796 0.9772213675840197 0.9969555400040226 1.0262103631074342 1.075675091628938 1.1025872026609131 1.18059085579502 1.1823892789472894 1.1938732999486594 1.2426522717760662 1.2986386611517258
90 2340 -0.20006158500361998 -0.04888391637591141 0.06567451835324598 0.18795917353713848 0.7323350731296602 0.7416211791922498 0.7941484149400252 0.8205675624152828 0.8299611283839694 0.8548832095151904 0.8926304876989499 0.8949893236005589 0.9273515890706449 0.953760420715796 0.9772213675840197 0.9969555400040226 1.0262103631074342 1.075675091628938 1.1025872026609131 1.18059085579502 1.1823892789472894 1.1938732999486594 1.2426522717760662 1.2986386611517258
91 2366 -0.20006158500361998 -0.04888391637591141 0.06567451835324598 0.18795917353713848 0.7323350731296602 0.7416211791922498 0.7941484149400252 0.8205675624152828 0.8299611283839694 0.8548832095151904 0.8926304876989499 0.8949893236005589 0.9273515890706449 0.953760420715796 0.9772213675840197 0.9969555400040226 1.0262103631074342 1.075675091628938 1.1025872026609131 1.18059085579502 1.1823892789472894 1.1938732999486594 1.2426522717760662 1.2986386611517258
92 2392 -0.20006158500361998 -0.04888391637591141 0.06567451835324598 0.18795917353713848 0.7323350731296602 0.7416211791922498 0.7941484149400252 0.8205675624152828 0.8299611283839694 0.8548832095151904 0.8926304876989499 0.8949893236005589 0.9273515890706449 0.953760420715796 0.9772213675840197 0.9969555400040226 1.0262103631074342 1.075675091628938 1.1025872026609131 1.18059085579502 1.1823892789472894 1.1938732999486594 1.2426522717760662 1.2986386611517258
93 2418 -0.20006158500361998 -0.04888391637591141 0.06567451835324598 0.18795917353713848 0.7323350731296602 0.7416211791922498 0.7941484149400252 0.8205675624152828 0.8299611283839694 0.8548832095151904 0.8926304876989499 0.8949893236005589 0.9273515890706449 0.953760420715796 0.9772213675840197 0.9969555400040226 1.0262103631074342 1.075675091628938 1.1025872026609131 1.18059085579502 1.1823892789472894 1.1938732999486594 1.2426522717760662 1.2986386611517258
94 2444 -0.20006158500361998 -0.04888391637591141 0.06567451835324598 0.18795917353713848 0.7323350731296602 0.7416211791922498 0.7941484149400252 0.8205675624152828 0.8299611283839694 0.8548832095151904 0.8926304876989499 0.8949893236005589 0.9273515890706449 0.953760420715796 0.9772213675840197 0.9969555400040226 1.0262103631074342 1.075675091628938 1.1025872026609131 1.18059085579502 1.1823892789472894 1.1938732999486594 1.2426522717760662 1.2986386611517258
95 2470 -0.20006158500361998 -0.04888391637591141 0.06567451835324598 0.18795917353713848 0.7323350731296602 0.7416211791922498 0.7941484149400252 0.8205675624152828 0.8299611283839694 0.8548832095151904 0.8926304876989499 0.8949893236005589 0.9273515890706449 0.953760420715796 0.9772213675840197 0.9969555400040226 1.0262103631074342 1.075675091628938 1.1025872026609131 1.18059085579502 1.1823892789472894 1.1938732999486594 1.2426522717760662 1.2986386611517258
96 2496 -0.20006158500361998 -0.04888391637591141 0.06567451835324598 0.18795917353713848 0.7323350731296602 0.7416211791922498 0.7941484149400252 0.8205675624152828 0.8299611283839694 0.8548832095151904 0.8926304876989499 0.8949893236005589 0.9273515890706449 0.953760420715796 0.9772213675840197 0.9969555400040226 1.0262103631074342 1.075675091628938 1.1025872026609131 1.18059085579502 1.1823892789472894 1.1938732999486594 1.2426522717760662 1.2986386611517258
97 2522 -0.20006158500361998 -0.04888391637591141 0.06567451835324598 0.18795917353713848 0.7323350731296602 0.7416211791922498 0.7941484149400252 0.8205675624152828 0.8299611283839694 0.8548832095151904 0.8926304876989499 0.8949893236005589 0.9273515890706449 0.953760420715796 0.9772213675840197 0.9969555400040226 1.0262103631074342 1.075675091628938 1.1025872026609131 1.18059085579502 1.1823892789472894 1.1938732999486594 1.2426522717760662 1.2986386611517258
98 2548 -0.20006158500361998 -0.04888391637591141 0.06567451835324598 0.18795917353713848 0.7323350731296602 0.7416211791922498 0.7941484149400252 0.8205675624152828 0.8299611283839694 0.8548832095151904 0.8926304876989499 0.8949893236005589 0.9273515890706449 0.953760420715796 0.9772213675840197 0.9969555400040226 1.0262103631074342 1.075675091628938 1.1025872026609131 1.18059085579502 1.1823892789472894 1.1938732999486594 1.2426522717760662 1.2986386611517258
99 2574 -0.20006158500361998 -0.04888391637591141 0.06567451835324598 0.18795917353713848 0.7323350731296602 0.7416211791922498 0.7941484149400252 0.8205675624152828 0.8299611283839694 0.8548832095151904 0.8926304876989499 0.8949893236005589 0.9273515890706449 0.953760420715796 0.9772213675840197 0.9969555400040226 1.0262103631074342 1.075675091628938 1.1025872026609131 1.18059085579502 1.1823892789472894 1.1938732999486594 1.2426522717760662 1.2986386611517258
100 2600 -0.20006158500361998 -0.04888391637591141 0.06567451835324598 0.18795917353713848 0.7323350731296602 0.7416211791922498 0.7941484149400252 0.8205675624152828 0.8299611283839694 0.8548832095151904 0.8926304876989499 0.8949893236005589 0.9273515890706449 0.953760420715796 0.9772213675840197 0.9969555400040226 1.0262103631074342 1.075675091628938 1.1025872026609131 1.18059085579502 1.1823892789472894 1.1938732999486594 1.2426522717760662 1.2986386611517258
101 2626 -0.1825751606462431 -0.04310798722339128 0.04938045748018553 0.21531852104116783 0.7400696694661508 0.7766879882268722 0.8008675891463248 0.8249616512871782 0.8391875846659423 0.8576105727272801 0.8749857317786242 0.9229546403068425 0.9318452882014194 0.9479320717970912 0.9776294831234861 1.000007696221898 1.0578877082153995 1.0728539035884475 1.079973133012981 1.1380626382979866 1.185461454029945 1.209142445600671 1.22939728423868 1.2793775635028053
102 2652 -0.1825751606462431 -0.04310798722339128 0.04938045748018553 0.21531852104116783 0.7400696694661508 0.7766879882268722 0.8008675891463248 0.8249616512871782 0.8391875846659423 0.8576105727272801 0.8749857317786242 0.9229546403068425 0.9318452882014194 0.9479320717970912 0.9776294831234861 1.000007696221898 1.0578877082153995 1.0728539035884475 1.079973133012981 1.1380626382979866 1.185461454029945 1.209142445600671 1.22939728423868 1.2793775635028053
103 2678 -0.1825751606462431 -0.04310798722339128 0.04938045748018553 0.21531852104116783 0.7400696694661508 0.7766879882268722 0.8008675891463248 0.8249616512871782 0.8391875846659423 0.8576105727272801 0.8749857317786242 0.9229546403068425 0.9318452882014194 0.9479320717970912 0.9776294831234861 1.000007696221898 1.0578877082153995 1.0728539035884475 1.079973133012981 1.1380626382979866 1.185461454029945 1.209142445600671 1.22939728423868 1.2793775635028053
104 2704 -0.1825751606462431 -0.04310798722339128 0.04938045748018553 0.21531852104116783 0.7400696694661508 0.7766879882268722 0.8008675891463248 0.8249616512871782 0.8391875846659423 0.8576105727272801 0.8749857317786242 0.9229546403068425 0.9318452882014194 0.9479320717970912 0.9776294831234861 1.000007696221898 1.0578877082153995 1.0728539035884475 1.079973133012981 1.1380626382979866 1.185461454029945 1.209142445600671 1.22939728423868 1.2793775635028053
105 2730 -0.1825751606462431 -0.04310798722339128 0.04938045748018553 0.21531852104116783 0.7400696694661508 0.7766879882268722 0.8008675891463248 0.8249616512871782 0.8391875846659423 0.8576105727272801 0.8749857317786242 0.9229546403068425 0.9318452882014194 0.9479320717970912 0.9776294831234861 1.000007696221898 1.0578877082153995 1.0728539035884475 1.079973133012981 1.1380626382979866 1.185461454029945 1.209142445600671 1.22939728423868 1.2793775635028053
106 2756 -0.1825751606462431 -0.04310798722339128 0.04938045748018553 0.21531852104116783 0.7400696694661508 0.7766879882268722 0.8008675891463248 0.8249616512871782 0.8391875846659423 0.8576105727272801 0.8749857317786242 0.9229546403068425 0.9318452882014194 0.9479320717970912 0.9776294831234861 1.000007696221898 1.0578877082153995 1.0728539035884475 1.079973133012981 1.1380626382979866 1.185461454029945 1.209142445600671 1.22939728423868 1.2793775635028053
107 2782 -0.1825751606462431 -0.04310798722339128 0.04938045748018553 0.21531852104116783 0.7400696694661508 0.7766879882268722 0.8008675891463248 0.8249616512871782 0.8391875846659423 0.8576105727272801 0.8749857317786242 0.9229546403068425 0.9318452882014194 0.9479320717970912 0.9776294831234861 1.000007696221898 1.0578877082153995 1.0728539035884475 1.079973133012981 1.1380626382979866 1.185461454029945 1.209142445600671 1.22939728423868 1.2793775635028053
108 2808 -0.1825751606462431 -0.04310798722339128 0.04938045748018553 0.21531852104116783 0.7400696694661508 0.7766879882268722 0.8008675891463248 0.8249616512871782 0.8391875846659423 0.8576105727272801 0.8749857317786242 0.9229546403068425 0.9318452882014194 0.9479320717970912 0.9776294831234861 1.000007696221898 1.0578877082153995 1.0728539035884475 1.079973133012981 1.1380626382979866 1.185461454029945 1.209142445600671 1.22939728423868 1.2793775635028053
109 2834 -0.1825751606462431 -0.04310798722339128 0.04938045748018553 0.21531852104116783 0.7400696694661508 0.7766879882268722 0.8008675891463248 0.8249616512871782 0.8391875846659423 0.8576105727272801 0.8749857317786242 0.9229546403068425 0.9318452882014194 0.9479320717970912 0.9776294831234861 1.000007696221898 1.0578877082153995 1.0728539035884475 1.079973133012981 1.1380626382979866 1.185461454029945 1.209142445600671 1.22939728423868 1.2793775635028053
110 2860 -0.1825751606462431 -0.04310798722339128 0.04938045748018553 0.21531852104116783 0.7400696694661508 0.7766879882268722 0.8008675891463248 0.8249616512871782 0.8391875846659423 0.8576105727272801 0.8749857317786242 0.9229546403068425 0.9318452882014194 0.9479320717970912 0.9776294831234861 1.000007696221898 1.0578877082153995 1.0728539035884475 1.079973133012981 1.1380626382979866 1.185461454029945 1.209142445600671 1.22939728423868 1.2793775635028053
111 2886 -0.1825751606462431 -0.04310798722339128 0.04938045748018553 0.21531852104116783 0.7400696694661508 0.7766879882268722 0.8008675891463248 0.8249616512871782 0.8391875846659423 0.8576105727272801 0.8749857317786242 0.9229546403068425 0.9318452882014194 0.9479320717970912 0.9776294831234861 1.000007696221898 1.0578877082153995 1.0728539035884475 1.079973133012981 1.1380626382979866 1.185461454029945 1.209142445600671 1.22939728423868 1.2793775635028053
112 2912 -0.1825751606462431 -0.04310798722339128 0.04938045748018553 0.21531852104116783 0.7400696694661508 0.7766879882268722 0.8008675891463248 0.8249616512871782 0.8391875846659423 0.8576105727272801 0.8749857317786242 0.9229546403068425 0.9318452882014194 0.9479320717970912 0.9776294831234861 1.000007696221898 1.0578877082153995 1.0728539035884475 1.079973133012981 1.1380626382979866 1.185461454029945 1.209142445600671 1.22939728423868 1.2793775635028053
113 2938 -0.1825751606462431 -0.04310798722339128 0.04938045748018553 0.21531852104116783 0.7400696694661508 0.7766879882268722 0.8008675891463248 0.8249616512871782 0.8391875846659423 0.8576105727272801 0.8749857317786242 0.9229546403068425 0.9318452882014194 0.9479320717970912 0.9776294831234861 1.000007696221898 1.0578877082153995 1.0728539035884475 1.079973133012981 1.1380626382979866 1.185461454029945 1.209142445600671 1.22939728423868 1.2793775635028053
114 2964 -0.1825751606462431 -0.04310798722339128 0.04938045748018553 0.21531852104116783 0.7400696694661508 0.7766879882268722 0.8008675891463248 0.8249616512871782 0.8391875846659423 0.8576105727272801 0.8749857317786242 0.9229546403068425 0.9318452882014194 0.9479320717970912 0.9776294831234861 1.000007696221898 1.0578877082153995 1.0728539035884475 1.079973133012981 1.1380626382979866 1.185461454029945 1.209142445600671 1.22939728423868 1.2793775635028053
115 2990 -0.1825751606462431 -0.04310798722339128 0.04938045748018553 0.21531852104116783 0.7400696694661508 0.7766879882268722 0.8008675891463248 0.8249616512871782 0.8391875846659423 0.8576105727272801 0.8749857317786242 0.9229546403068425 0.9318452882014194 0.9479320717970912 0.9776294831234861 1.000007696221898 1.0578877082153995 1.0728539035884475 1.079973133012981 1.1380626382979866 1.185461454029945 1.209142445600671 1.22939728423868 1.2793775635028053
116 3016 -0.1825751606462431 -0.04310798722339128 0.04938045748018553 0.21531852104116783 0.7400696694661508 0.7766879882268722 0.8008675891463248 0.8249616512871782 0.8391875846659423 0.8576105727272801 0.8749857317786242 0.9229546403068425 0.9318452882014194 0.9479320717970912 0.9776294831234861 1.000007696221898 1.0578877082153995 1.0728539035884475 1.079973133012981 1.1380626382979866 1.185461454029945 1.209142445600671 1.22939728423868 1.2793775635028053
117 3042 -0.1825751606462431 -0.04310798722339128 0.04938045748018553 0.21531852104116783 0.7400696694661508 0.7766879882268722 0.8008675891463248 0.8249616512871782 0.8391875846659423 0.8576105727272801 0.8749857317786242 0.9229546403068425 0.9318452882014194 0.9479320717970912 0.9776294831234861 1.000007696221898 1.0578877082153995 1.0728539035884475 1.079973133012981 1.1380626382979866 1.185461454029945 1.209142445600671 1.22939728423868 1.2793775635028053
118 3068 -0.1825751606462431 -0.04310798722339128 0.04938045748018553 0.21531852104116783 0.7400696694661508 0.7766879882268722 0.8008675891463248 0.8249616512871782 0.8391875846659423 0.8576105727272801 0.8749857317786242 0.9229546403068425 0.9318452882014194 0.9479320717970912 0.9776294831234861 1.000007696221898 1.0578877082153995 1.0728539035884475 1.079973133012981 1.1380626382979866 1.185461454029945 1.209142445600671 1.22939728423868 1.2793775635028053
119 3094 -0.1825751606462431 -0.04310798722339128 0.04938045748018553 0.21531852104116783 0.7400696694661508 0.7766879882268722 0.8008675891463248 0.8249616512871782 0.8391875846659423 0.8576105727272801 0.8749857317786242 0.9229546403068425 0.9318452882014194 0.9479320717970912 0.9776294831234861 1.000007696221898 1.0578877082153995 1.0728539035884475 1.079973133012981 1.1380626382979866 1.185461454029945 1.209142445600671 1.22939728423868 1.2793775635028053
120 3120 -0.1825751606462431 -0.04310798722339128 0.04938045748018553 0.21531852104116783 0.7400696694661508 0.7766879882268722 0.8008675891463248 0.8249616512871782 0.8391875846659423 0.8576105727272801 0.8749857317786242 0.9229546403068425 0.9318452882014194 0.9479320717970912 0.9776294831234861 1.000007696221898 1.0578877082153995 1.0728539035884475 1.079973133012981 1.1380626382979866 1.185461454029945 1.209142445600671 1.22939728423868 1.2793775635028053
121 3146 -0.2522377620618329 -0.046845261492023976 0.04715866431519635 0.2048153966984304 0.7418093048481117 0.7844467993542154 0.7952793628897531 0.824566870884632 0.8422341689262489 0.8673838944473857 0.8858632293501191 0.9078281527299483 0.9478153449805711 0.9749598391642245 0.9873374760305633 1.0141265878222372 1.0273361367593143 1.0418428846419447 1.0982836721086782 1.121141853916113 1.1313802262101336 1.2216212379777953 1.2492025552449395 1.2892811968456228
122 3172 -0.2522377620618329 -0.046845261492023976 0.04715866431519635 0.2048153966984304 0.7418093048481117 0.7844467993542154 0.7952793628897531 0.824566870884632 0.8422341689262489 0.8673838944473857 0.8858632293501191 0.9078281527299483 0.9478153449805711 0.9749598391642245 0.9873374760305633 1.0141265878222372 1.0273361367593143 1.0418428846419447 1.0982836721086782 1.121141853916113 1.1313802262101336 1.2216212379777953 1.2492025552449395 1.2892811968456228
123 3198 -0.2522377620618329 -0.046845261492023976 0.04715866431519635 0.2048153966984304 0.7418093048481117 0.7844467993542154 0.7952793628897531 0.824566870884632 0.8422341689262489 0.8673838944473857 0.8858632293501191 0.9078281527299483 0.9478153449805711 0.9749598391642245 0.9873374760305633 1.0141265878222372 1.0273361367593143 1.0418428846419447 1.0982836721086782 1.121141853916113 1.1313802262101336 1.2216212379777953 1.2492025552449395 1.2892811968456228
124 3224 -0.2522377620618329 -0.046845261492023976 0.04715866431519635 0.2048153966984304 0.7418093048481117 0.7844467993542154 0.7952793628897531 0.824566870884632 0.8422341689262489 0.8673838944473857 0.8858632293501191 0.9078281527299483 0.9478153449805711 0.9749598391642245 0.9873374760305633 1.0141265878222372 1.0273361367593143 1.0418428846419447 1.0982836721086782 1.121141853916113 1.1313802262101336 1.2216212379777953 1.2492025552449395 1.2892811968456228
125 3250 -0.2522377620618329 -0.046845261492023976 0.04715866431519635 0.2048153966984304 0.7418093048481117 0.7844467993542154 0.7952793628897531 0.824566870884632 0.8422341689262489 0.8673838944473857 0.8858632293501191 0.9078281527299483 0.9478153449805711 0.9749598391642245 0.9873374760305633 1.0141265878222372 1.0273361367593143 1.0418428846419447 1.0982836721086782 1.121141853916113 1.1313802262101336 1.2216212379777953 1.2492025552449395 1.2892811968456228
126 3276 -0.2522377620618329 -0.046845261492023976 0.04715866431519635 0.2048153966984304 0.7418093048481117 0.7844467993542154 0.7952793628897531 0.824566870884632 0.8422341689262489 0.8673838944473857 0.8858632293501191 0.9078281527299483 0.9478153449805711 0.9749598391642245 0.9873374760305633 1.0141265878222372 1.0273361367593143 1.0418428846419447 1.0982836721086782 1.121141853916113 1.1313802262101336 1.2216212379777953 1.2492025552449395 1.2892811968456228
127 3302 -0.2522377620618329 -0.046845261492023976 0.04715866431519635 0.2048153966984304 0.7418093048481117 0.7844467993542154 0.7952793628897531 0.824566870884632 0.8422341689262489 0.8673838944473857 0.8858632293501191 0.9078281527299483 0.9478153449805711 0.9749598391642245 0.9873374760305633 1.0141265878222372 1.0273361367593143 1.0418428846419447 1.0982836721086782 1.121141853916113 1.1313802262101336 1.2216212379777953 1.2492025552449395 1.2892811968456228
128 3328 -0.2522377620618329 -0.046845261492023976 0.04715866431519635 0.2048153966984304 0.7418093048481117 0.7844467993542154 0.7952793628897531 0.824566870884632 0.8422341689262489 0.8673838944473857 0.8858632293501191 0.9078281527299483 0.9478153449805711 0.9749598391642245 0.9873374760305633 1.0141265878222372 1.0273361367593143 1.0418428846419447 1.0982836721086782 1.121141853916113 1.1313802262101336 1.2216212379777953 1.2492025552449395 1.2892811968456228
129 3354 -0.2522377620618329 -0.046845261492023976 0.04715866431519635 0.2048153966984304 0.7418093048481117 0.7844467993542154 0.7952793628897531 0.824566870884632 0.8422341689262489 0.8673838944473857 0.8858632293501191 0.9078281527299483 0.9478153449805711 0.9749598391642245 0.9873374760305633 1.0141265878222372 1.0273361367593143 1.0418428846419447 1.0982836721086782 1.121141853916113 1.1313802262101336 1.2216212379777953 1.2492025552449395 1.2892811968456228
130 3380 -0.2522377620618329 -0.046845261492023976 0.04715866431519635 0.2048153966984304 0.7418093048481117 0.7844467993542154 0.7952793628897531 0.824566870884632 0.8422341689262489 0.8673838944473857 0.8858632293501191 0.9078281527299483 0.9478153449805711 0.9749598391642245 0.9873374760305633 1.0141265878222372 1.0273361367593143 1.0418428846419447 1.0982836721086782 1.121141853916113 1.1313802262101336 1.2216212379777953 1.2492025552449395 1.2892811968456228
131 3406 -0.2522377620618329 -0.046845261492023976 0.04715866431519635 0.2048153966984304 0.7418093048481117 0.7844467993542154 0.7952793628897531 0.824566870884632 0.8422341689262489 0.8673838944473857 0.8858632293501191 0.9078281527299483 0.9478153449805711 0.9749598391642245 0.9873374760305633 1.0141265878222372 1.0273361367593143 1.0418428846419447 1.0982836721086782 1.121141853916113 1.1313802262101336 1.2216212379777953 1.2492025552449395 1.2892811968456228
132 3432 -0.2522377620618329 -0.046845261492023976 0.04715866431519635 0.2048153966984304 0.7418093048481117 0.7844467993542154 0.7952793628897531 0.824566870884632 0.8422341689262489 0.8673838944473857 0.8858632293501191 0.9078281527299483 0.9478153449805711 0.9749598391642245 0.9873374760305633 1.0141265878222372 1.0273361367593143 1.0418428846419447 1.0982836721086782 1.121141853916113 1.1313802262101336 1.2216212379777953 1.2492025552449395 1.2892811968456228
133 3458 -0.2522377620618329 -0.046845261492023976 0.04715866431519635 0.2048153966984304 0.7418093048481117 0.7844467993542154 0.7952793628897531 0.824566870884632 0.8422341689262489 0.8673838944473857 0.8858632293501191 0.9078281527299483 0.9478153449805711 0.9749598391642245 0.9873374760305633 1.0141265878222372 1.0273361367593143 1.0418428846419447 1.0982836721086782 1.121141853916113 1.1313802262101336 1.2216212379777953 1.2492025552449395 1.2892811968456228
134 3484 -0.2522377620618329 -0.046845261492023976 0.04715866431519635 0.2048153966984304 0.7418093048481117 0.7844467993542154 0.7952793628897531 0.824566870884632 0.8422341689262489 0.8673838944473857 0.8858632293501191 0.9078281527299483 0.9478153449805711 0.9749598391642245 0.9873374760305633 1.0141265878222372 1.0273361367593143 1.0418428846419447 1.0982836721086782 1.121141853916113 1.1313802262101336 1.2216212379777953 1.2492025552449395 1.2892811968456228
135 3510 -0.2522377620618329 -0.046845261492023976 0.04715866431519635 0.2048153966984304 0.7418093048481117 0.7844467993542154 0.7952793628897531 0.824566870884632 0.8422341689262489 0.8673838944473857 0.8858632293501191 0.9078281527299483 0.9478153449805711 0.9749598391642245 0.9873374760305633 1.0141265878222372 1.0273361367593143 1.0418428846419447 1.0982836721086782 1.121141853916113 1.1313802262101336 1.2216212379777953 1.2492025552449395 1.2892811968456228
136 3536 -0.2522377620618329 -0.046845261492023976 0.04715866431519635 0.2048153966984304 0.7418093048481117 0.7844467993542154 0.7952793628897531 0.824566870884632 0.8422341689262489 0.8673838944473857 0.8858632293501191 0.9078281527299483 0.9478153449805711 0.9749598391642245 0.9873374760305633 1.0141265878222372 1.0273361367593143 1.0418428846419447 1.0982836721086782 1.121141853916113 1.1313802262101336 1.2216212379777953 1.2492025552449395 1.2892811968456228
137 3562 -0.2522377620618329 -0.046845261492023976 0.04715866431519635 0.2048153966984304 0.7418093048481117 0.7844467993542154 0.7952793628897531 0.824566870884632 0.8422341689262489 0.8673838944473857 0.8858632293501191 0.9078281527299483 0.9478153449805711 0.9749598391642245 0.9873374760305633 1.0141265878222372 1.0273361367593143 1.0418428846419447 1.0982836721086782 1.121141853916113 1.1313802262101336 1.2216212379777953 1.2492025552449395 1.2892811968456228
138 3588 -0.2522377620618329 -0.046845261492023976 0.04715866431519635 0.2048153966984304 0.7418093048481117 0.7844467993542154 0.7952793628897531 0.824566870884632 0.8422341689262489 0.8673838944473857 0.8858632293501191 0.9078281527299483 0.9478153449805711 0.9749598391642245 0.9873374760305633 1.0141265878222372 1.0273361367593143 1.0418428846419447 1.0982836721086782 1.121141853916113 1.1313802262101336 1.2216212379777953 1.2492025552449395 1.2892811968456228
139 3614 -0.2522377620618329 -0.046845261492023976 0.04715866431519635 0.2048153966984304 0.7418093048481117 0.7844467993542154 0.7952793628897531 0.824566870884632 0.8422341689262489 0.8673838944473857 0.8858632293501191 0.9078281527299483 0.9478153449805711 0.9749598391642245 0.9873374760305633 1.0141265878222372 1.0273361367593143 1.0418428846419447 1.0982836721086782 1.121141853916113 1.1313802262101336 1.2216212379777953 1.2492025552449395 1.2892811968456228
140 3640 -0.2522377620618329 -0.046845261492023976 0.04715866431519635 0.2048153966984304 0.7418093048481117 0.7844467993542154 0.7952793628897531 0.824566870884632 0.8422341689262489 0.8673838944473857 0.8858632293501191 0.9078281527299483 0.9478153449805711 0.9749598391642245 0.9873374760305633 1.0141265878222372 1.0273361367593143 1.0418428846419447 1.0982836721086782 1.121141853916113 1.1313802262101336 1.2216212379777953 1.2492025552449395 1.2892811968456228
141 3666 -0.2070089855044973 -0.046798160313322706 0.049832901811056096 0.21016215090628662 0.7698166813683176 0.793503646999824 0.8087507441212375 0.8324187724724255 0.846814330911479 0.8692201173962945 0.8912792574525378 0.9122193981726949 0.93095152709435 0.9590912490693555 0.99712947644054 1.0028846219370369 1.0286153979457688 1.0556852374962966 1.072002677954454 1.113938500028828 1.139861489531759 1.2192436023557391 1.2210531789206194 1.3059950766621453
142 3692 -0.2070089855044973 -0.046798160313322706 0.049832901811056096 0.21016215090628662 0.7698166813683176 0.793503646999824 0.8087507441212375 0.8324187724724255 0.846814330911479 0.8692201173962945 0.8912792574525378 0.9122193981726949 0.93095152709435 0.9590912490693555 0.99712947644054 1.0028846219370369 1.0286153979457688 1.0556852374962966 1.072002677954454 1.113938500028828 1.139861489531759 1.2192436023557391 1.2210531789206194 1.3059950766621453
143 3718 -0.2070089855044973 -0.046798160313322706 0.049832901811056096 0.21016215090628662 0.7698166813683176 0.793503646999824 0.8087507441212375 0.8324187724724255 0.846814330911479 0.8692201173962945 0.8912792574525378 0.9122193981726949 0.93095152709435 0.9590912490693555 0.99712947644054 1.0028846219370369 1.0286153979457688 1.0556852374962966 1.072002677954454 1.113938500028828 1.139861489531759 1.2192436023557391 1.2210531789206194 1.3059950766621453
144 3744 -0.2070089855044973 -0.046798160313322706 0.049832901811056096 0.21016215090628662 0.7698166813683176 0.793503646999824 0.8087507441212375 0.8324187724724255 0.846814330911479 0.8692201173962945 0.8912792574525378 0.9122193981726949 0.93095152709435 0.9590912490693555 0.99712947644054 1.0028846219370369 1.0286153979457688 1.0556852374962966 1.072002677954454 1.113938500028828 1.139861489531759 1.2192436023557391 1.2210531789206194 1.3059950766621453
145 3770 -0.2070089855044973 -0.046798160313322706 0.049832901811056096 0.21016215090628662 0.7698166813683176 0.793503646999824 0.8087507441212375 0.8324187724724255 0.846814330911479 0.8692201173962945 0.8912792574525378 0.9122193981726949 0.93095152709435 0.9590912490693555 0.99712947644054 1.0028846219370369 1.0286153979457688 1.0556852374962966 1.072002677954454 1.113938500028828 1.139861489531759 1.2192436023557391 1.2210531789206194 1.3059950766621453
146 3796 -0.2070089855044973 -0.046798160313322706 0.049832901811056096 0.21016215090628662 0.7698166813683176 0.793503646999824 0.8087507441212375 0.8324187724724255 0.846814330911479 0.8692201173962945 0.8912792574525378 0.9122193981726949 0.93095152709435 0.9590912490693555 0.99712947644054 1.0028846219370369 1.0286153979457688 1.0556852374962966 1.072002677954454 1.113938500028828 1.139861489531759 1.2192436023557391 1.2210531789206194 1.3059950766621453
147 3822 -0.2070089855044973 -0.046798160313322706 0.049832901811056096 0.21016215090628662 0.7698166813683176 0.793503646999824 0.8087507441212375 0.8324187724724255 0.846814330911479 0.8692201173962945 0.8912792574525378 0.9122193981726949 0.93095152709435 0.9590912490693555 0.99712947644054 1.0028846219370369 1.0286153979457688 1.0556852374962966 1.072002677954454 1.113938500028828 1.139861489531759 1.2192436023557391 1.2210531789206194 1.3059950766621453
148 3848 -0.2070089855044973 -0.046798160313322706 0.049832901811056096 0.21016215090628662 0.7698166813683176 0.793503646999824 0.8087507441212375 0.8324187724724255 0.846814330911479 0.8692201173962945 0.8912792574525378 0.9122193981726949 0.93095152709435 0.9590912490693555 0.99712947644054 1.0028846219370369 1.0286153979457688 1.0556852374962966 1.072002677954454 1.113938500028828 1.139861489531759 1.2192436023557391 1.2210531789206194 1.3059950766621453
149 3874 -0.2070089855044973 -0.046798160313322706 0.049832901811056096 0.21016215090628662 0.7698166813683176 0.793503646999824 0.8087507441212375 0.8324187724724255 0.846814330911479 0.8692201173962945 0.8912792574525378 0.9122193981726949 0.93095152709435 0.9590912490693555 0.99712947644054 1.0028846219370369 1.0286153979457688 1.0556852374962966 1.072002677954454 1.113938500028828 1.139861489531759 1.2192436023557391 1.2210531789206194 1.3059950766621453
150 3900 -0.2070089855044973 -0.046798160313322706 0.049832901811056096 0.21016215090628662 0.7698166813683176 0.793503646999824 0.8087507441212375 0.8324187724724255 0.846814330911479 0.8692201173962945 0.8912792574525378 0.9122193981726949 0.93095152709435 0.9590912490693555 0.99712947644054 1.0028846219370369 1.0286153979457688 1.0556852374962966 1.072002677954454 1.113938500028828 1.139861489531759 1.2192436023557391 1.2210531789206194 1.3059950766621453
151 3926 -0.2070089855044973 -0.046798160313322706 0.049832901811056096 0.21016215090628662 0.7698166813683176 0.793503646999824 0.8087507441212375 0.8324187724724255 0.846814330911479 0.8692201173962945 0.8912792574525378 0.9122193981726949 0.93095152709435 0.9590912490693555 0.99712947644054 1.0028846219370369 1.0286153979457688 1.0556852374962966 1.072002677954454 1.113938500028828 1.139861489531759 1.2192436023557391 1.2210531789206194 1.3059950766621453
152 3952 -0.2070089855044973 -0.046798160313322706 0.049832901811056096 0.21016215090628662 0.7698166813683176 0.793503646999824 0.8087507441212375 0.8324187724724255 0.846814330911479 0.8692201173962945 0.8912792574525378 0.9122193981726949 0.93095152709435 0.9590912490693555 0.99712947644054 1.0028846219370369 1.0286153979457688 1.0556852374962966 1.072002677954454 1.113938500028828 1.139861489531759 1.2192436023557391 1.2210531789206194 1.3059950766621453
153 3978 -0.2070089855044973 -0.046798160313322706 0.049832901811056096 0.21016215090628662 0.7698166813683176 0.793503646999824 0.8087507441212375 0.8324187724724255 0.846814330911479 0.8692201173962945 0.8912792574525378 0.9122193981726949 0.93095152709435 0.9590912490693555 0.99712947644054 1.0028846219370369 1.0286153979457688 1.0556852374962966 1.072002677954454 1.113938500028828 1.139861489531759 1.2192436023557391 1.2210531789206194 1.3059950766621453
154 4004 -0.2070089855044973 -0.046798160313322706 0.049832901811056096 0.21016215090628662 0.7698166813683176 0.793503646999824 0.8087507441212375 0.8324187724724255 0.846814330911479 0.8692201173962945 0.8912792574525378 0.9122193981726949 0.93095152709435 0.9590912490693555 0.99712947644054 1.0028846219370369 1.0286153979457688 1.0556852374962966 1.072002677954454 1.113938500028828 1.139861489531759 1.2192436023557391 1.2210531789206194 1.3059950766621453
155 4030 -0.2070089855044973 -0.046798160313322706 0.049832901811056096 0.21016215090628662 0.7698166813683176 0.793503646999824 0.8087507441212375 0.8324187724724255 0.846814330911479 0.8692201173962945 0.8912792574525378 0.9122193981726949 0.93095152709435 0.9590912490693555 0.99712947644054 1.0028846219370369 1.0286153979457688 1.0556852374962966 1.072002677954454 1.113938500028828 1.139861489531759 1.2192436023557391 1.2210531789206194 1.3059950766621453
156 4056 -0.2070089855044973 -0.046798160313322706 0.049832901811056096 0.21016215090628662 0.7698166813683176 0.793503646999824 0.8087507441212375 0.8324187724724255 0.846814330911479 0.8692201173962945 0.8912792574525378 0.9122193981726949 0.93095152709435 0.9590912490693555 0.99712947644054 1.0028846219370369 1.0286153979457688 1.0556852374962966 1.072002677954454 1.113938500028828 1.139861489531759 1.2192436023557391 1.2210531789206194 1.3059950766621453
157 4082 -0.2070089855044973 -0.046798160313322706 0.049832901811056096 0.21016215090628662 0.7698166813683176 0.793503646999824 0.8087507441212375 0.8324187724724255 0.846814330911479 0.8692201173962945 0.8912792574525378 0.9122193981726949 0.93095152709435 0.9590912490693555 0.99712947644054 1.0028846219370369 1.0286153979457688 1.0556852374962966 1.072002677954454 1.113938500028828 1.139861489531759 1.2192436023557391 1.2210531789206194 1.3059950766621453
158 4108 -0.2070089855044973 -0.046798160313322706 0.049832901811056096 0.21016215090628662 0.7698166813683176 0.793503646999824 0.8087507441212375 0.8324187724724255 0.846814330911479 0.8692201173962945 0.8912792574525378 0.9122193981726949 0.93095152709435 0.9590912490693555 0.99712947644054 1.0028846219370369 1.0286153979457688 1.0556852374962966 1.072002677954454 1.113938500028828 1.139861489531759 1.2192436023557391 1.2210531789206194 1.3059950766621453
159 4134 -0.2070089855044973 -0.046798160313322706 0.049832901811056096 0.21016215090628662 0.7698166813683176 0.793503646999824 0.8087507441212375 0.8324187724724255 0.846814330911479 0.8692201173962945 0.8912792574525378 0.9122193981726949 0.93095152709435 0.9590912490693555 0.99712947644054 1.0028846219370369 1.0286153979457688 1.0556852374962966 1.072002677954454 1.113938500028828 1.139861489531759 1.2192436023557391 1.2210531789206194 1.3059950766621453
160 4160 -0.2070089855044973 -0.046798160313322706 0.049832901811056096 0.21016215090628662 0.7698166813683176 0.793503646999824 0.8087507441212375 0.8324187724724255 0.846814330911479 0.8692201173962945 0.8912792574525378 0.9122193981726949 0.93095152709435 0.9590912490693555 0.99712947644054 1.0028846219370369 1.0286153979457688 1.0556852374962966 1.072002677954454 1.113938500028828 1.139861489531759 1.2192436023557391 1.2210531789206194 1.3059950766621453
161 4186 -0.18977608502284307 -0.05154569369444552 0.04860815895733485 0.18327040171034703 0.7409367833562784 0.769738087625538 0.7994768819606032 0.8257109896148314 0.8459685893588172 0.8546773387434333 0.8744273202564607 0.904285106022056 0.9483526255651239 0.9891320412749722 1.00182057526001 1.0303705547038646 1.0476511441076863 1.0605834376973675 1.0872273149572094 1.116345709328675 1.1495911122326654 1.1844753682813987 1.2036577947927687 1.3198353910180054
162 4212 -0.18977608502284307 -0.05154569369444552 0.04860815895733485 0.18327040171034703 0.7409367833562784 0.769738087625538 0.7994768819606032 0.8257109896148314 0.8459685893588172 0.8546773387434333 0.8744273202564607 0.904285106022056 0.9483526255651239 0.9891320412749722 1.00182057526001 1.0303705547038646 1.0476511441076863 1.0605834376973675 1.0872273149572094 1.116345709328675 1.1495911122326654 1.1844753682813987 1.2036577947927687 1.3198353910180054
163 4238 -0.18977608502284307 -0.05154569369444552 0.04860815895733485 0.18327040171034703 0.7409367833562784 0.769738087625538 0.7994768819606032 0.8257109896148314 0.8459685893588172 0.8546773387434333 0.8744273202564607 0.904285106022056 0.9483526255651239 0.9891320412749722 1.00182057526001 1.0303705547038646 1.0476511441076863 1.0605834376973675 1.0872273149572094 1.116345709328675 1.1495911122326654 1.1844753682813987 1.2036577947927687 1.3198353910180054
164 4264 -0.18977608502284307 -0.05154569369444552 0.04860815895733485 0.18327040171034703 0.7409367833562784 0.769738087625538 0.7994768819606032 0.8257109896148314 0.8459685893588172 0.8546773387434333 0.8744273202564607 0.904285106022056 0.9483526255651239 0.9891320412749722 1.00182057526001 1.0303705547038646 1.0476511441076863 1.0605834376973675 1.0872273149572094 1.116345709328675 1.1495911122326654 1.1844753682813987 1.2036577947927687 1.3198353910180054
165 4290 -0.18977608502284307 -0.05154569369444552 0.04860815895733485 0.18327040171034703 0.7409367833562784 0.769738087625538 0.7994768819606032 0.8257109896148314 0.8459685893588172 0.8546773387434333 0.8744273202564607 0.904285106022056 0.9483526255651239 0.9891320412749722 1.00182057526001 1.0303705547038646 1.0476511441076863 1.0605834376973675 1.0872273149572094 1.116345709328675 1.1495911122326654 1.1844753682813987 1.2036577947927687 1.3198353910180054
166 4316 -0.18977608502284307 -0.05154569369444552 0.04860815895733485 0.18327040171034703 0.7409367833562784 0.769738087625538 0.7994768819606032 0.8257109896148314 0.8459685893588172 0.8546773387434333 0.8744273202564607 0.904285106022056 0.9483526255651239 0.9891320412749722 1.00182057526001 1.0303705547038646 1.0476511441076863 1.0605834376973675 1.0872273149572094 1.116345709328675 1.1495911122326654 1.1844753682813987 1.2036577947927687 1.3198353910180054
167 4342 -0.18977608502284307 -0.05154569369444552 0.04860815895733485 0.18327040171034703 0.7409367833562784 0.769738087625538 0.7994768819606032 0.8257109896148314 0.8459685893588172 0.8546773387434333 0.8744273202564607 0.904285106022056 0.9483526255651239 0.9891320412749722 1.00182057526001 1.0303705547038646 1.0476511441076863 1.0605834376973675 1.0872273149572094 1.116345709328675 1.1495911122326654 1.1844753682813987 1.2036577947927687 1.3198353910180054
168 4368 -0.18977608502284307 -0.05154569369444552 0.04860815895733485 0.18327040171034703 0.7409367833562784 0.769738087625538 0.7994768819606032 0.8257109896148314 0.8459685893588172 0.8546773387434333 0.8744273202564607 0.904285106022056 0.9483526255651239 0.9891320412749722 1.00182057526001 1.0303705547038646 1.0476511441076863 1.0605834376973675 1.0872273149572094 1.116345709328675 1.1495911122326654 1.1844753682813987 1.2036577947927687 1.3198353910180054
169 4394 -0.18977608502284307 -0.05154569369444552 0.04860815895733485 0.18327040171034703 0.7409367833562784 0.769738087625538 0.7994768819606032 0.8257109896148314 0.8459685893588172 0.8546773387434333 0.8744273202564607 0.904285106022056 0.9483526255651239 0.9891320412749722 1.00182057526001 1.0303705547038646 1.0476511441076863 1.0605834376973675 1.0872273149572094 1.116345709328675 1.1495911122326654 1.1844753682813987 1.2036577947927687 1.3198353910180054
170 4420 -0.18977608502284307 -0.05154569369444552 0.04860815895733485 0.18327040171034703 0.7409367833562784 0.769738087625538 0.7994768819606032 0.8257109896148314 0.8459685893588172 0.8546773387434333 0.8744273202564607 0.904285106022056 0.9483526255651239 0.9891320412749722 1.00182057526001 1.0303705547038646 1.0476511441076863 1.0605834376973675 1.0872273149572094 1.116345709328675 1.1495911122326654 1.1844753682813987 1.2036577947927687 1.3198353910180054
171 4446 -0.18977608502284307 -0.05154569369444552 0.04860815895733485 0.18327040171034703 0.7409367833562784 0.769738087625538 0.7994768819606032 0.8257109896148314 0.8459685893588172 0.8546773387434333 0.8744273202564607 0.904285106022056 0.9483526255651239 0.9891320412749722 1.00182057526001 1.0303705547038646 1.0476511441076863 1.0605834376973675 1.0872273149572094 1.116345709328675 1.1495911122326654 1.1844753682813987 1.2036577947927687 1.3198353910180054
172 4472 -0.18977608502284307 -0.05154569369444552 0.04860815895733485 0.18327040171034703 0.7409367833562784 0.769738087625538 0.7994768819606032 0.8257109896148314 0.8459685893588172 0.8546773387434333 0.8744273202564607 0.904285106022056 0.9483526255651239 0.9891320412749722 1.00182057526001 1.0303705547038646 1.0476511441076863 1.0605834376973675 1.0872273149572094 1.116345709328675 1.1495911122326654 1.1844753682813987 1.2036577947927687 1.3198353910180054
173 4498 -0.18977608502284307 -0.05154569369444552 0.04860815895733485 0.18327040171034703 0.7409367833562784 0.769738087625538 0.7994768819606032 0.8257109896148314 0.8459685893588172 0.8546773387434333 0.8744273202564607 0.904285106022056 0.9483526255651239 0.9891320412749722 1.00182057526001 1.0303705547038646 1.0476511441076863 1.0605834376973675 1.0872273149572094 1.116345709328675 1.1495911122326654 1.1844753682813987 1.2036577947927687 1.3198353910180054
174 4524 -0.18977608502284307 -0.05154569369444552 0.04860815895733485 0.18327040171034703 0.7409367833562784 0.769738087625538 0.7994768819606032 0.8257109896148314 0.8459685893588172 0.8546773387434333 0.8744273202564607 0.904285106022056 0.9483526255651239 0.9891320412749722 1.00182057526001 1.0303705547038646 1.0476511441076863 1.0605834376973675 1.0872273149572094 1.116345709328675 1.1495911122326654 1.1844753682813987 1.2036577947927687 1.3198353910180054
175 4550 -0.18977608502284307 -0.05154569369444552 0.04860815895733485 0.18327040171034703 0.7409367833562784 0.769738087625538 0.7994768819606032 0.8257109896148314 0.8459685893588172 0.8546773387434333 0.8744273202564607 0.904285106022056 0.9483526255651239 0.9891320412749722 1.00182057526001 1.0303705547038646 1.0476511441076863 1.0605834376973675 1.0872273149572094 1.116345709328675 1.1495911122326654 1.1844753682813987 1.2036577947927687 1.3198353910180054
176 4576 -0.18977608502284307 -0.05154569369444552 0.04860815895733485 0.18327040171034703 0.7409367833562784 0.769738087625538 0.7994768819606032 0.8257109896148314 0.8459685893588172 0.8546773387434333 0.8744273202564607 0.904285106022056 0.9483526255651239 0.9891320412749722 1.00182057526001 1.0303705547038646 1.0476511441076863 1.0605834376973675 1.0872273149572094 1.116345709328675 1.1495911122326654 1.1844753682813987 1.2036577947927687 1.3198353910180054
177 4602 -0.18977608502284307 -0.05154569369444552 0.04860815895733485 0.18327040171034703 0.7409367833562784 0.769738087625538 0.7994768819606032 0.8257109896148314 0.8459685893588172 0.8546773387434333 0.8744273202564607 0.904285106022056 0.9483526255651239 0.9891320412749722 1.00182057526001 1.0303705547038646 1.0476511441076863 1.0605834376973675 1.0872273149572094 1.116345709328675 1.1495911122326654 1.1844753682813987 1.2036577947927687 1.3198353910180054
178 4628 -0.18977608502284307 -0.05154569369444552 0.04860815895733485 0.18327040171034703 0.7409367833562784 0.769738087625538 0.7994768819606032 0.8257109896148314 0.8459685893588172 0.8546773387434333 0.8744273202564607 0.904285106022056 0.9483526255651239 0.9891320412749722 1.00182057526001 1.0303705547038646 1.0476511441076863 1.0605834376973675 1.0872273149572094 1.116345709328675 1.1495911122326654 1.1844753682813987 1.2036577947927687 1.3198353910180054
179 4654 -0.18977608502284307 -0.05154569369444552 0.04860815895733485 0.18327040171034703 0.7409367833562784 0.769738087625538 0.7994768819606032 0.8257109896148314 0.8459685893588172 0.8546773387434333 0.8744273202564607 0.904285106022056 0.9483526255651239 0.9891320412749722 1.00182057526001 1.0303705547038646 1.0476511441076863 1.0605834376973675 1.0872273149572094 1.116345709328675 1.1495911122326654 1.1844753682813987 1.2036577947927687 1.3198353910180054
180 4680 -0.18977608502284307 -0.05154569369444552 0.04860815895733485 0.18327040171034703 0.7409367833562784 0.769738087625538 0.7994768819606032 0.8257109896148314 0.8459685893588172 0.8546773387434333 0.8744273202564607 0.904285106022056 0.9483526255651239 0.9891320412749722 1.00182057526001 1.0303705547038646 1.0476511441076863 1.0605834376973675 1.0872273149572094 1.116345709328675 1.1495911122326654 1.1844753682813987 1.2036577947927687 1.3198353910180054
181 4706 -0.18964524078892503 -0.05777628347396268 0.04055649949240938 0.17122853798578846 0.7542820981016741 0.7867124305254223 0.7917063907656898 0.8279117899187386 0.8337306379416736 0.8715680399312618 0.881741397131589 0.9157411377907126 0.9479126113439661 0.9761323253310279 0.9906716468699855 1.0166023550105876 1.0664003655791556 1.0713576172230679 1.0871240098523687 1.1141598479011405 1.1404760833226846 1.1862584685170552 1.228193298442278 1.2799504645330197
182 4732 -0.18964524078892503 -0.05777628347396268 0.04055649949240938 0.17122853798578846 0.7542820981016741 0.7867124305254223 0.7917063907656898 0.8279117899187386 0.8337306379416736 0.8715680399312618 0.881741397131589 0.9157411377907126 0.9479126113439661 0.9761323253310279 0.9906716468699855 1.0166023550105876 1.0664003655791556 1.0713576172230679 1.0871240098523687 1.1141598479011405 1.1404760833226846 1.1862584685170552 1.228193298442278 1.2799504645330197
183 4758 -0.18964524078892503 -0.05777628347396268 0.04055649949240938 0.17122853798578846 0.7542820981016741 0.7867124305254223 0.7917063907656898 0.8279117899187386 0.8337306379416736 0.8715680399312618 0.881741397131589 0.9157411377907126 0.9479126113439661 0.9761323253310279 0.9906716468699855 1.0166023550105876 1.0664003655791556 1.0713576172230679 1.0871240098523687 1.1141598479011405 1.1404760833226846 1.1862584685170552 1.228193298442278 1.2799504645330197
184 4784 -0.18964524078892503 -0.05777628347396268 0.04055649949240938 0.17122853798578846 0.7542820981016741 0.7867124305254223 0.7917063907656898 0.8279117899187386 0.8337306379416736 0.8715680399312618 0.881741397131589 0.9157411377907126 0.9479126113439661 0.9761323253310279 0.9906716468699855 1.0166023550105876 1.0664003655791556 1.0713576172230679 1.0871240098523687 1.1141598479011405 1.1404760833226846 1.1862584685170552 1.228193298442278 1.2799504645330197
185 4810 -0.18964524078892503 -0.05777628347396268 0.04055649949240938 0.17122853798578846 0.7542820981016741 0.7867124305254223 0.7917063907656898 0.8279117899187386 0.8337306379416736 0.8715680399312618 0.881741397131589 0.9157411377907126 0.9479126113439661 0.9761323253310279 0.9906716468699855 1.0166023550105876 1.0664003655791556 1.0713576172230679 1.0871240098523687 1.1141598479011405 1.1404760833226846 1.1862584685170552 1.228193298442278 1.2799504645330197
186 4836 -0.18964524078892503 -0.05777628347396268 0.04055649949240938 0.17122853798578846 0.7542820981016741 0.7867124305254223 0.7917063907656898 0.8279117899187386 0.8337306379416736 0.8715680399312618 0.881741397131589 0.9157411377907126 0.9479126113439661 0.9761323253310279 0.9906716468699855 1.0166023550105876 1.0664003655791556 1.0713576172230679 1.0871240098523687 1.1141598479011405 1.1404760833226846 1.1862584685170552 1.228193298442278 1.2799504645330197
187 4862 -0.18964524078892503 -0.05777628347396268 0.04055649949240938 0.17122853798578846 0.7542820981016741 0.7867124305254223 0.7917063907656898 0.8279117899187386 0.8337306379416736 0.8715680399312618 0.881741397131589 0.9157411377907126 0.9479126113439661 0.9761323253310279 0.9906716468699855 1.0166023550105876 1.0664003655791556 1.0713576172230679 1.0871240098523687 1.1141598479011405 1.1404760833226846 1.1862584685170552 1.228193298442278 1.2799504645330197
188 4888 -0.18964524078892503 -0.05777628347396268 0.04055649949240938 0.17122853798578846 0.7542820981016741 0.7867124305254223 0.7917063907656898 0.8279117899187386 0.8337306379416736 0.8715680399312618 0.881741397131589 0.9157411377907126 0.9479126113439661 0.9761323253310279 0.9906716468699855 1.0166023550105876 1.0664003655791556 1.0713576172230679 1.0871240098523687 1.1141598479011405 1.1404760833226846 1.1862584685170552 1.228193298442278 1.2799504645330197
189 4914 -0.18964524078892503 -0.05777628347396268 0.04055649949240938 0.17122853798578846 0.7542820981016741 0.7867124305254223 0.7917063907656898 0.8279117899187386 0.8337306379416736 0.8715680399312618 0.881741397131589 0.9157411377907126 0.9479126113439661 0.9761323253310279 0.9906716468699855 1.0166023550105876 1.0664003655791556 1.0713576172230679 1.0871240098523687 1.1141598479011405 1.1404760833226846 1.1862584685170552 1.228193298442278 1.2799504645330197
190 4940 -0.18964524078892503 -0.05777628347396268 0.04055649949240938 0.17122853798578846 0.7542820981016741 0.7867124305254223 0.7917063907656898 0.8279117899187386 0.8337306379416736 0.8715680399312618 0.881741397131589 0.9157411377907126 0.9479126113439661 0.9761323253310279 0.9906716468699855 1.0166023550105876 1.0664003655791556 1.0713576172230679 1.0871240098523687 1.1141598479011405 1.1404760833226846 1.1862584685170552 1.228193298442278 1.2799504645330197
191 4966 -0.18964524078892503 -0.05777628347396268 0.04055649949240938 0.17122853798578846 0.7542820981016741 0.7867124305254223 0.7917063907656898 0.8279117899187386 0.8337306379416736 0.8715680399312618 0.881741397131589 0.9157411377907126 0.9479126113439661 0.9761323253310279 0.9906716468699855 1.0166023550105876 1.0664003655791556 1.0713576172230679 1.0871240098523687 1.1141598479011405 1.1404760833226846 1.1862584685170552 1.228193298442278 1.2799504645330197
192 4992 -0.18964524078892503 -0.05777628347396268 0.04055649949240938 0.17122853798578846 0.7542820981016741 0.7867124305254223 0.7917063907656898 0.8279117899187386 0.8337306379416736 0.8715680399312618 0.881741397131589 0.9157411377907126 0.9479126113439661 0.9761323253310279 0.9906716468699855 1.0166023550105876 1.0664003655791556 1.0713576172230679 1.0871240098523687 1.1141598479011405 1.1404760833226846 1.1862584685170552 1.228193298442278 1.2799504645330197
193 5018 -0.18964524078892503 -0.05777628347396268 0.04055649949240938 0.17122853798578846 0.7542820981016741 0.7867124305254223 0.7917063907656898 0.8279117899187386 0.8337306379416736 0.8715680399312618 0.881741397131589 0.9157411377907126 0.9479126113439661 0.9761323253310279 0.9906716468699855 1.0166023550105876 1.0664003655791556 1.0713576172230679 1.0871240098523687 1.1141598479011405 1.1404760833226846 1.1862584685170552 1.228193298442278 1.2799504645330197
194 5044 -0.18964524078892503 -0.05777628347396268 0.04055649949240938 0.17122853798578846 0.7542820981016741 0.7867124305254223 0.7917063907656898 0.8279117899187386 0.8337306379416736 0.8715680399312618 0.881741397131589 0.9157411377907126 0.9479126113439661 0.9761323253310279 0.9906716468699855 1.0166023550105876 1.0664003655791556 1.0713576172230679 1.0871240098523687 1.1141598479011405 1.1404760833226846 1.1862584685170552 1.228193298442278 1.2799504645330197
195 5070 -0.18964524078892503 -0.05777628347396268 0.04055649949240938 0.17122853798578846 0.7542820981016741 0.7867124305254223 0.7917063907656898 0.8279117899187386 0.8337306379416736 0.8715680399312618 0.881741397131589 0.9157411377907126 0.9479126113439661 0.9761323253310279 0.9906716468699855 1.0166023550105876 1.0664003655791556 1.0713576172230679 1.0871240098523687 1.1141598479011405 1.1404760833226846 1.1862584685170552 1.228193298442278 1.2799504645330197
196 5096 -0.18964524078892503 -0.05777628347396268 0.04055649949240938 0.17122853798578846 0.7542820981016741 0.7867124305254223 0.7917063907656898 0.8279117899187386 0.8337306379416736 0.8715680399312618 0.881741397131589 0.9157411377907126 0.9479126113439661 0.9761323253310279 0.9906716468699855 1.0166023550105876 1.0664003655791556 1.0713576172230679 1.0871240098523687 1.1141598479011405 1.1404760833226846 1.1862584685170552 1.228193298442278 1.2799504645330197
197 5122 -0.18964524078892503 -0.05777628347396268 0.04055649949240938 0.17122853798578846 0.7542820981016741 0.7867124305254223 0.7917063907656898 0.8279117899187386 0.8337306379416736 0.8715680399312618 0.881741397131589 0.9157411377907126 0.9479126113439661 0.9761323253310279 0.9906716468699855 1.0166023550105876 1.0664003655791556 1.0713576172230679 1.0871240098523687 1.1141598479011405 1.1404760833226846 1.1862584685170552 1.228193298442278 1.2799504645330197
198 5148 -0.18964524078892503 -0.05777628347396268 0.04055649949240938 0.17122853798578846 0.7542820981016741 0.7867124305254223 0.7917063907656898 0.8279117899187386 0.8337306379416736 0.8715680399312618 0.881741397131589 0.9157411377907126 0.9479126113439661 0.9761323253310279 0.9906716468699855 1.0166023550105876 1.0664003655791556 1.0713576172230679 1.0871240098523687 1.1141598479011405 1.1404760833226846 1.1862584685170552 1.228193298442278 1.2799504645330197
199 5174 -0.18964524078892503 -0.05777628347396268 0.04055649949240938 0.17122853798578846 0.7542820981016741 0.7867124305254223 0.7917063907656898 0.8279117899187386 0.8337306379416736 0.8715680399312618 0.881741397131589 0.9157411377907126 0.9479126113439661 0.9761323253310279 0.9906716468699855 1.0166023550105876 1.0664003655791556 1.0713576172230679 1.0871240098523687 1.1141598479011405 1.1404760833226846 1.1862584685170552 1.228193298442278 1.2799504645330197
200 5200 -0.18964524078892503 -0.05777628347396268 0.04055649949240938 0.17122853798578846 0.7542820981016741 0.7867124305254223 0.7917063907656898 0.8279117899187386 0.8337306379416736 0.8715680399312618 0.881741397131589 0.9157411377907126 0.9479126113439661 0.9761323253310279 0.9906716468699855 1.0166023550105876 1.0664003655791556 1.0713576172230679 1.0871240098523687 1.1141598479011405 1.1404760833226846 1.1862584685170552 1.228193298442278 1.2799504645330197
201 5226 -0.15412469318542432 -0.04587747307399892 0.03667656837124549 0.17121181396767515 0.7823981981021412 0.7893421247441451 0.8195473808667746 0.8542484214708671 0.869677564438893 0.8782848244841251 0.8917336393624917 0.9096941106034391 0.9269188627602839 0.9591325275897462 0.9642405471698483 1.0077795392878934 1.0286715029391733 1.0681554918940737 1.0941003632658024 1.0975562053163366 1.1462150448564532 1.1685116974376055 1.2209598863825524 1.3105979612953138
202 5252 -0.15412469318542432 -0.04587747307399892 0.03667656837124549 0.17121181396767515 0.7823981981021412 0.7893421247441451 0.8195473808667746 0.8542484214708671 0.869677564438893 0.8782848244841251 0.8917336393624917 0.9096941106034391 0.9269188627602839 0.9591325275897462 0.9642405471698483 1.0077795392878934 1.0286715029391733 1.0681554918940737 1.0941003632658024 1.0975562053163366 1.1462150448564532 1.1685116974376055 1.2209598863825524 1.3105979612953138
203 5278 -0.15412469318542432 -0.04587747307399892 0.03667656837124549 0.17121181396767515 0.7823981981021412 0.7893421247441451 0.8195473808667746 0.8542484214708671 0.869677564438893 0.8782848244841251 0.8917336393624917 0.9096941106034391 0.9269188627602839 0.9591325275897462 0.9642405471698483 1.0077795392878934 1.0286715029391733 1.0681554918940737 1.0941003632658024 1.0975562053163366 1.1462150448564532 1.1685116974376055 1.2209598863825524 1.3105979612953138
204 5304 -0.15412469318542432 -0.04587747307399892 0.03667656837124549 0.17121181396767515 0.7823981981021412 0.7893421247441451 0.8195473808667746 0.8542484214708671 0.869677564438893 0.8782848244841251 0.8917336393624917 0.9096941106034391 0.9269188627602839 0.9591325275897462 0.9642405471698483 1.0077795392878934 1.0286715029391733 1.0681554918940737 1.0941003632658024 1.0975562053163366 1.1462150448564532 1.1685116974376055 1.2209598863825524 1.3105979612953138
205 5330 -0.15412469318542432 -0.04587747307399892 0.03667656837124549 0.17121181396767515 0.7823981981021412 0.7893421247441451 0.8195473808667746 0.8542484214708671 0.869677564438893 0.8782848244841251 0.8917336393624917 0.9096941106034391 0.9269188627602839 0.9591325275897462 0.9642405471698483 1.0077795392878934 1.0286715029391733 1.0681554918940737 1.0941003632658024 1.0975562053163366 1.1462150448564532 1.1685116974376055 1.2209598863825524 1.3105979612953138
206 5356 -0.15412469318542432 -0.04587747307399892 0.03667656837124549 0.17121181396767515 0.7823981981021412 0.7893421247441451 0.8195473808667746 0.8542484214708671 0.869677564438893 0.8782848244841251 0.8917336393624917 0.9096941106034391 0.9269188627602839 0.9591325275897462 0.9642405471698483 1.0077795392878934 1.0286715029391733 1.0681554918940737 1.0941003632658024 1.0975562053163366 1.1462150448564532 1.1685116974376055 1.2209598863825524 1.3105979612953138
207 5382 -0.15412469318542432 -0.04587747307399892 0.03667656837124549 0.17121181396767515 0.7823981981021412 0.7893421247441451 0.8195473808667746 0.8542484214708671 0.869677564438893 0.8782848244841251 0.8917336393624917 0.9096941106034391 0.9269188627602839 0.9591325275897462 0.9642405471698483 1.0077795392878934 1.0286715029391733 1.0681554918940737 1.0941003632658024 1.0975562053163366 1.1462150448564532 1.1685116974376055 1.2209598863825524 1.3105979612953138
208 5408 -0.15412469318542432 -0.04587747307399892 0.03667656837124549 0.17121181396767515 0.7823981981021412 0.7893421247441451 0.8195473808667746 0.8542484214708671 0.869677564438893 0.8782848244841251 0.8917336393624917 0.9096941106034391 0.9269188627602839 0.9591325275897462 0.9642405471698483 1.0077795392878934 1.0286715029391733 1.0681554918940737 1.0941003632658024 1.0975562053163366 1.1462150448564532 1.1685116974376055 1.2209598863825524 1.3105979612953138
209 5434 -0.15412469318542432 -0.04587747307399892 0.03667656837124549 0.17121181396767515 0.7823981981021412 0.7893421247441451 0.8195473808667746 0.8542484214708671 0.869677564438893 0.8782848244841251 0.8917336393624917 0.9096941106034391 0.9269188627602839 0.9591325275897462 0.9642405471698483 1.0077795392878934 1.0286715029391733 1.0681554918940737 1.0941003632658024 1.0975562053163366 1.1462150448564532 1.1685116974376055 1.2209598863825524 1.3105979612953138
210 5460 -0.15412469318542432 -0.04587747307399892 0.03667656837124549 0.17121181396767515 0.7823981981021412 0.7893421247441451 0.8195473808667746 0.8542484214708671 0.869677564438893 0.8782848244841251 0.8917336393624917 0.9096941106034391 0.9269188627602839 0.9591325275897462 0.9642405471698483 1.0077795392878934 1.0286715029391733 1.0681554918940737 1.0941003632658024 1.0975562053163366 1.1462150448564532 1.1685116974376055 1.2209598863825524 1.3105979612953138
211 5486 -0.15412469318542432 -0.04587747307399892 0.03667656837124549 0.17121181396767515 0.7823981981021412 0.7893421247441451 0.8195473808667746 0.8542484214708671 0.869677564438893 0.8782848244841251 0.8917336393624917 0.9096941106034391 0.9269188627602839 0.9591325275897462 0.9642405471698483 1.0077795392878934 1.0286715029391733 1.0681554918940737 1.0941003632658024 1.0975562053163366 1.1462150448564532 1.1685116974376055 1.2209598863825524 1.3105979612953138
212 5512 -0.15412469318542432 -0.04587747307399892 0.03667656837124549 0.17121181396767515 0.7823981981021412 0.7893421247441451 0.8195473808667746 0.8542484214708671 0.869677564438893 0.8782848244841251 0.8917336393624917 0.9096941106034391 0.9269188627602839 0.9591325275897462 0.9642405471698483 1.0077795392878934 1.0286715029391733 1.0681554918940737 1.0941003632658024 1.0975562053163366 1.1462150448564532 1.1685116974376055 1.2209598863825524 1.3105979612953138
213 5538 -0.15412469318542432 -0.04587747307399892 0.03667656837124549 0.17121181396767515 0.7823981981021412 0.7893421247441451 0.8195473808667746 0.8542484214708671 0.869677564438893 0.8782848244841251 0.8917336393624917 0.9096941106034391 0.9269188627602839 0.9591325275897462 0.9642405471698483 1.0077795392878934 1.0286715029391733 1.0681554918940737 1.0941003632658024 1.0975562053163366 1.1462150448564532 1.1685116974376055 1.2209598863825524 1.3105979612953138
214 5564 -0.15412469318542432 -0.04587747307399892 0.03667656837124549 0.17121181396767515 0.7823981981021412 0.7893421247441451 0.8195473808667746 0.8542484214708671 0.869677564438893 0.8782848244841251 0.8917336393624917 0.9096941106034391 0.9269188627602839 0.9591325275897462 0.9642405471698483 1.0077795392878934 1.0286715029391733 1.0681554918940737 1.0941003632658024 1.0975562053163366 1.1462150448564532 1.1685116974376055 1.2209598863825524 1.3105979612953138
215 5590 -0.15412469318542432 -0.04587747307399892 0.03667656837124549 0.17121181396767515 0.7823981981021412 0.7893421247441451 0.8195473808667746 0.8542484214708671 0.869677564438893 0.8782848244841251 0.8917336393624917 0.9096941106034391 0.9269188627602839 0.9591325275897462 0.9642405471698483 1.0077795392878934 1.0286715029391733 1.0681554918940737 1.0941003632658024 1.0975562053163366 1.1462150448564532 1.1685116974376055 1.2209598863825524 1.3105979612953138
216 5616 -0.15412469318542432 -0.04587747307399892 0.03667656837124549 0.17121181396767515 0.7823981981021412 0.7893421247441451 0.8195473808667746 0.8542484214708671 0.869677564438893 0.8782848244841251 0.8917336393624917 0.9096941106034391 0.9269188627602839 0.9591325275897462 0.9642405471698483 1.0077795392878934 1.0286715029391733 1.0681554918940737 1.0941003632658024 1.0975562053163366 1.1462150448564532 1.1685116974376055 1.2209598863825524 1.3105979612953138
217 5642 -0.15412469318542432 -0.04587747307399892 0.03667656837124549 0.17121181396767515 0.7823981981021412 0.7893421247441451 0.8195473808667746 0.8542484214708671 0.869677564438893 0.8782848244841251 0.8917336393624917 0.9096941106034391 0.9269188627602839 0.9591325275897462 0.9642405471698483 1.0077795392878934 1.0286715029391733 1.0681554918940737 1.0941003632658024 1.0975562053163366 1.1462150448564532 1.1685116974376055 1.2209598863825524 1.3105979612953138
218 5668 -0.15412469318542432 -0.04587747307399892 0.03667656837124549 0.17121181396767515 0.7823981981021412 0.7893421247441451 0.8195473808667746 0.8542484214708671 0.869677564438893 0.8782848244841251 0.8917336393624917 0.9096941106034391 0.9269188627602839 0.9591325275897462 0.9642405471698483 1.0077795392878934 1.0286715029391733 1.0681554918940737 1.0941003632658024 1.0975562053163366 1.1462150448564532 1.1685116974376055 1.2209598863825524 1.3105979612953138
219 5694 -0.15412469318542432 -0.04587747307399892 0.03667656837124549 0.17121181396767515 0.7823981981021412 0.7893421247441451 0.8195473808667746 0.8542484214708671 0.869677564438893 0.8782848244841251 0.8917336393624917 0.9096941106034391 0.9269188627602839 0.9591325275897462 0.9642405471698483 1.0077795392878934 1.0286715029391733 1.0681554918940737 1.0941003632658024 1.0975562053163366 1.1462150448564532 1.1685116974376055 1.2209598863825524 1.3105979612953138
220 5720 -0.15412469318542432 -0.04587747307399892 0.03667656837124549 0.17121181396767515 0.7823981981021412 0.7893421247441451 0.8195473808667746 0.8542484214708671 0.869677564438893 0.8782848244841251 0.8917336393624917 0.9096941106034391 0.9269188627602839 0.9591325275897462 0.9642405471698483 1.0077795392878934 1.0286715029391733 1.0681554918940737 1.0941003632658024 1.0975562053163366 1.1462150448564532 1.1685116974376055 1.2209598863825524 1.3105979612953138
221 5746 -0.16042336972821503 -0.04619388113685677 0.04295838795842115 0.15970641345868938 0.7686397576927818 0.7744451354622754 0.8326176106929272 0.8373819574408147 0.8540940079211495 0.8702785495314069 0.8959413697119764 0.9283389006145428 0.9451069250111517 0.9788301093015049 0.9860241454430776 0.9961948220460797 1.0295258072456692 1.0566722791418353 1.0739118528873521 1.0878752042239643 1.1353367818439148 1.1764518767008558 1.2493953247823866 1.3039717404174922
222 5772 -0.16042336972821503 -0.04619388113685677 0.04295838795842115 0.15970641345868938 0.7686397576927818 0.7744451354622754 0.8326176106929272 0.8373819574408147 0.8540940079211495 0.8702785495314069 0.8959413697119764 0.9283389006145428 0.9451069250111517 0.9788301093015049 0.9860241454430776 0.9961948220460797 1.0295258072456692 1.0566722791418353 1.0739118528873521 1.0878752042239643 1.1353367818439148 1.1764518767008558 1.2493953247823866 1.3039717404174922
223 5798 -0.16042336972821503 -0.04619388113685677 0.04295838795842115 0.15970641345868938 0.7686397576927818 0.7744451354622754 0.8326176106929272 0.8373819574408147 0.8540940079211495 0.8702785495314069 0.8959413697119764 0.9283389006145428 0.9451069250111517 0.9788301093015049 0.9860241454430776 0.9961948220460797 1.0295258072456692 1.0566722791418353 1.0739118528873521 1.0878752042239643 1.1353367818439148 1.1764518767008558 1.2493953247823866 1.3039717404174922
224 5824 -0.16042336972821503 -0.04619388113685677 0.04295838795842115 0.15970641345868938 0.7686397576927818 0.7744451354622754 0.8326176106929272 0.8373819574408147 0.8540940079211495 0.8702785495314069 0.8959413697119764 0.9283389006145428 0.9451069250111517 0.9788301093015049 0.9860241454430776 0.9961948220460797 1.0295258072456692 1.0566722791418353 1.0739118528873521 1.0878752042239643 1.1353367818439148 1.1764518767008558 1.2493953247823866 1.3039717404174922
225 5850 -0.16042336972821503 -0.04619388113685677 0.04295838795842115 0.15970641345868938 0.7686397576927818 0.7744451354622754 0.8326176106929272 0.8373819574408147 0.8540940079211495 0.8702785495314069 0.8959413697119764 0.9283389006145428 0.9451069250111517 0.9788301093015049 0.9860241454430776 0.9961948220460797 1.0295258072456692 1.0566722791418353 1.0739118528873521 1.0878752042239643 1.1353367818439148 1.1764518767008558 1.2493953247823866 1.3039717404174922
226 5876 -0.16042336972821503 -0.04619388113685677 0.04295838795842115 0.15970641345868938 0.7686397576927818 0.7744451354622754 0.8326176106929272 0.8373819574408147 0.8540940079211495 0.8702785495314069 0.8959413697119764 0.9283389006145428 0.9451069250111517 0.9788301093015049 0.9860241454430776 0.9961948220460797 1.0295258072456692 1.0566722791418353 1.0739118528873521 1.0878752042239643 1.1353367818439148 1.1764518767008558 1.2493953247823866 1.3039717404174922
227 5902 -0.16042336972821503 -0.04619388113685677 0.04295838795842115 0.15970641345868938 0.7686397576927818 0.7744451354622754 0.8326176106929272 0.8373819574408147 0.8540940079211495 0.8702785495314069 0.8959413697119764 0.9283389006145428 0.9451069250111517 0.9788301093015049 0.9860241454430776 0.9961948220460797 1.0295258072456692 1.0566722791418353 1.0739118528873521 1.0878752042239643 1.1353367818439148 1.1764518767008558 1.2493953247823866 1.3039717404174922
228 5928 -0.16042336972821503 -0.04619388113685677 0.04295838795842115 0.15970641345868938 0.7686397576927818 0.7744451354622754 0.8326176106929272 0.8373819574408147 0.8540940079211495 0.8702785495314069 0.8959413697119764 0.9283389006145428 0.9451069250111517 0.9788301093015049 0.9860241454430776 0.9961948220460797 1.0295258072456692 1.0566722791418353 1.0739118528873521 1.0878752042239643 1.1353367818439148 1.1764518767008558 1.2493953247823866 1.3039717404174922
229 5954 -0.16042336972821503 -0.04619388113685677 0.04295838795842115 0.15970641345868938 0.7686397576927818 0.7744451354622754 0.8326176106929272 0.8373819574408147 0.8540940079211495 0.8702785495314069 0.8959413697119764 0.9283389006145428 0.9451069250111517 0.9788301093015049 0.9860241454430776 0.9961948220460797 1.0295258072456692 1.0566722791418353 1.0739118528873521 1.0878752042239643 1.1353367818439148 1.1764518767008558 1.2493953247823866 1.3039717404174922
230 5980 -0.16042336972821503 -0.04619388113685677 0.04295838795842115 0.15970641345868938 0.7686397576927818 0.7744451354622754 0.8326176106929272 0.8373819574408147 0.8540940079211495 0.8702785495314069 0.8959413697119764 0.9283389006145428 0.9451069250111517 0.9788301093015049 0.9860241454430776 0.9961948220460797 1.0295258072456692 1.0566722791418353 1.0739118528873521 1.0878752042239643 1.1353367818439148 1.1764518767008558 1.2493953247823866 1.3039717404174922
231 6006 -0.16042336972821503 -0.04619388113685677 0.04295838795842115 0.15970641345868938 0.7686397576927818 0.7744451354622754 0.8326176106929272 0.8373819574408147 0.8540940079211495 0.8702785495314069 0.8959413697119764 0.9283389006145428 0.9451069250111517 0.9788301093015049 0.9860241454430776 0.9961948220460797 1.0295258072456692 1.0566722791418353 1.0739118528873521 1.0878752042239643 1.1353367818439148 1.1764518767008558 1.2493953247823866 1.3039717404174922
232 6032 -0.16042336972821503 -0.04619388113685677 0.04295838795842115 0.15970641345868938 0.7686397576927818 0.7744451354622754 0.8326176106929272 0.8373819574408147 0.8540940079211495 0.8702785495314069 0.8959413697119764 0.9283389006145428 0.9451069250111517 0.9788301093015049 0.9860241454430776 0.9961948220460797 1.0295258072456692 1.0566722791418353 1.0739118528873521 1.0878752042239643 1.1353367818439148 1.1764518767008558 1.2493953247823866 1.3039717404174922
233 6058 -0.16042336972821503 -0.04619388113685677 0.04295838795842115 0.15970641345868938 0.7686397576927818 0.7744451354622754 0.8326176106929272 0.8373819574408147 0.8540940079211495 0.8702785495314069 0.8959413697119764 0.9283389006145428 0.9451069250111517 0.9788301093015049 0.9860241454430776 0.9961948220460797 1.0295258072456692 1.0566722791418353 1.0739118528873521 1.0878752042239643 1.1353367818439148 1.1764518767008558 1.2493953247823866 1.3039717404174922
234 6084 -0.16042336972821503 -0.04619388113685677 0.04295838795842115 0.15970641345868938 0.7686397576927818 0.7744451354622754 0.8326176106929272 0.8373819574408147 0.8540940079211495 0.8702785495314069 0.8959413697119764 0.9283389006145428 0.9451069250111517 0.9788301093015049 0.9860241454430776 0.9961948220460797 1.0295258072456692 1.0566722791418353 1.0739118528873521 1.0878752042239643 1.1353367818439148 1.1764518767008558 1.2493953247823866 1.3039717404174922
235 6110 -0.16042336972821503 -0.04619388113685677 0.04295838795842115 0.15970641345868938 0.7686397576927818 0.7744451354622754 0.8326176106929272 0.8373819574408147 0.8540940079211495 0.8702785495314069 0.8959413697119764 0.9283389006145428 0.9451069250111517 0.9788301093015049 0.9860241454430776 0.9961948220460797 1.0295258072456692 1.0566722791418353 1.0739118528873521 1.0878752042239643 1.1353367818439148 1.1764518767008558 1.2493953247823866 1.3039717404174922
236 6136 -0.16042336972821503 -0.04619388113685677 0.04295838795842115 0.15970641345868938 0.7686397576927818 0.7744451354622754 0.8326176106929272 0.8373819574408147 0.8540940079211495 0.8702785495314069 0.8959413697119764 0.9283389006145428 0.9451069250111517 0.9788301093015049 0.9860241454430776 0.9961948220460797 1.0295258072456692 1.0566722791418353 1.0739118528873521 1.0878752042239643 1.1353367818439148 1.1764518767008558 1.2493953247823866 1.3039717404174922
237 6162 -0.16042336972821503 -0.04619388113685677 0.04295838795842115 0.15970641345868938 0.7686397576927818 0.7744451354622754 0.8326176106929272 0.8373819574408147 0.8540940079211495 0.8702785495314069 0.8959413697119764 0.9283389006145428 0.9451069250111517 0.9788301093015049 0.9860241454430776 0.9961948220460797 1.0295258072456692 1.0566722791418353 1.0739118528873521 1.0878752042239643 1.1353367818439148 1.1764518767008558 1.2493953247823866 1.3039717404174922
238 6188 -0.16042336972821503 -0.04619388113685677 0.04295838795842115 0.15970641345868938 0.7686397576927818 0.7744451354622754 0.8326176106929272 0.8373819574408147 0.8540940079211495 0.8702785495314069 0.8959413697119764 0.9283389006145428 0.9451069250111517 0.9788301093015049 0.9860241454430776 0.9961948220460797 1.0295258072456692 1.0566722791418353 1.0739118528873521 1.0878752042239643 1.1353367818439148 1.1764518767008558 1.2493953247823866 1.3039717404174922
239 6214 -0.16042336972821503 -0.04619388113685677 0.04295838795842115 0.15970641345868938 0.7686397576927818 0.7744451354622754 0.8326176106929272 0.8373819574408147 0.8540940079211495 0.8702785495314069 0.8959413697119764 0.9283389006145428 0.9451069250111517 0.9788301093015049 0.9860241454430776 0.9961948220460797 1.0295258072456692 1.0566722791418353 1.0739118528873521 1.0878752042239643 1.1353367818439148 1.1764518767008558 1.2493953247823866 1.3039717404174922
240 6240 -0.16042336972821503 -0.04619388113685677 0.04295838795842115 0.15970641345868938 0.7686397576927818 0.7744451354622754 0.8326176106929272 0.8373819574408147 0.8540940079211495 0.8702785495314069 0.8959413697119764 0.9283389006145428 0.9451069250111517 0.9788301093015049 0.9860241454430776 0.9961948220460797 1.0295258072456692 1.0566722791418353 1.0739118528873521 1.0878752042239643 1.1353367818439148 1.1764518767008558 1.2493953247823866 1.3039717404174922
241 6266 -0.15611053733828884 -0.04640124156782767 0.04471726938027608 0.1632561634388584 0.7874502729468679 0.7954657303883614 0.8386287050072281 0.8535364085675459 0.8720116800930342 0.8794982173283542 0.8955666713106023 0.9038611961135979 0.9434570251737137 0.9686786910936134 0.9812527222942461 1.0067614996094627 1.030656062883403 1.0421473032449626 1.0846499039095616 1.1076852565223831 1.155442953944349 1.1790388415114783 1.2194602388333289 1.2623443233790281
242 6292 -0.15611053733828884 -0.04640124156782767 0.04471726938027608 0.1632561634388584 0.7874502729468679 0.7954657303883614 0.8386287050072281 0.8535364085675459 0.8720116800930342 0.8794982173283542 0.8955666713106023 0.9038611961135979 0.9434570251737137 0.9686786910936134 0.9812527222942461 1.0067614996094627 1.030656062883403 1.0421473032449626 1.0846499039095616 1.1076852565223831 1.155442953944349 1.1790388415114783 1.2194602388333289 1.2623443233790281
243 6318 -0.15611053733828884 -0.04640124156782767 0.04471726938027608 0.1632561634388584 0.7874502729468679 0.7954657303883614 0.8386287050072281 0.8535364085675459 0.8720116800930342 0.8794982173283542 0.8955666713106023 0.9038611961135979 0.9434570251737137 0.9686786910936134 0.9812527222942461 1.0067614996094627 1.030656062883403 1.0421473032449626 1.0846499039095616 1.1076852565223831 1.155442953944349 1.1790388415114783 1.2194602388333289 1.2623443233790281
244 6344 -0.15611053733828884 -0.04640124156782767 0.04471726938027608 0.1632561634388584 0.7874502729468679 0.7954657303883614 0.8386287050072281 0.8535364085675459 0.8720116800930342 0.8794982173283542 0.8955666713106023 0.9038611961135979 0.9434570251737137 0.9686786910936134 0.9812527222942461 1.0067614996094627 1.030656062883403 1.0421473032449626 1.0846499039095616 1.1076852565223831 1.155442953944349 1.1790388415114783 1.2194602388333289 1.2623443233790281
245 6370 -0.15611053733828884 -0.04640124156782767 0.04471726938027608 0.1632561634388584 0.7874502729468679 0.7954657303883614 0.8386287050072281 0.8535364085675459 0.8720116800930342 0.8794982173283542 0.8955666713106023 0.9038611961135979 0.9434570251737137 0.9686786910936134 0.9812527222942461 1.0067614996094627 1.030656062883403 1.0421473032449626 1.0846499039095616 1.1076852565223831 1.155442953944349 1.1790388415114783 1.2194602388333289 1.2623443233790281
246 6396 -0.15611053733828884 -0.04640124156782767 0.04471726938027608 0.1632561634388584 0.7874502729468679 0.7954657303883614 0.8386287050072281 0.8535364085675459 0.8720116800930342 0.8794982173283542 0.8955666713106023 0.9038611961135979 0.9434570251737137 0.9686786910936134 0.9812527222942461 1.0067614996094627 1.030656062883403 1.0421473032449626 1.0846499039095616 1.1076852565223831 1.155442953944349 1.1790388415114783 1.2194602388333289 1.2623443233790281
247 6422 -0.15611053733828884 -0.04640124156782767 0.04471726938027608 0.1632561634388584 0.7874502729468679 0.7954657303883614 0.8386287050072281 0.8535364085675459 0.8720116800930342 0.8794982173283542 0.8955666713106023 0.9038611961135979 0.9434570251737137 0.9686786910936134 0.9812527222942461 1.0067614996094627 1.030656062883403 1.0421473032449626 1.0846499039095616 1.1076852565223831 1.155442953944349 1.1790388415114783 1.2194602388333289 1.2623443233790281
248 6448 -0.15611053733828884 -0.04640124156782767 0.04471726938027608 0.1632561634388584 0.7874502729468679 0.7954657303883614 0.8386287050072281 0.8535364085675459 0.8720116800930342 0.8794982173283542 0.8955666713106023 0.9038611961135979 0.9434570251737137 0.9686786910936134 0.9812527222942461 1.0067614996094627 1.030656062883403 1.0421473032449626 1.0846499039095616 1.1076852565223831 1.155442953944349 1.1790388415114783 1.2194602388333289 1.2623443233790281
249 6474 -0.15611053733828884 -0.04640124156782767 0.04471726938027608 0.1632561634388584 0.7874502729468679 0.7954657303883614 0.8386287050072281 0.8535364085675459 0.8720116800930342 0.8794982173283542 0.8955666713106023 0.9038611961135979 0.9434570251737137 0.9686786910936134 0.9812527222942461 1.0067614996094627 1.030656062883403 1.0421473032449626 1.0846499039095616 1.1076852565223831 1.155442953944349 1.1790388415114783 1.2194602388333289 1.2623443233790281
250 6500 -0.15611053733828884 -0.04640124156782767 0.04471726938027608 0.1632561634388584 0.7874502729468679 0.7954657303883614 0.8386287050072281 0.8535364085675459 0.8720116800930342 0.8794982173283542 0.8955666713106023 0.9038611961135979 0.9434570251737137 0.9686786910936134 0.9812527222942461 1.0067614996094627 1.030656062883403 1.0421473032449626 1.0846499039095616 1.1076852565223831 1.155442953944349 1.1790388415114783 1.2194602388333289 1.2623443233790281
251 6526 -0.15611053733828884 -0.04640124156782767 0.04471726938027608 0.1632561634388584 0.7874502729468679 0.7954657303883614 0.8386287050072281 0.8535364085675459 0.8720116800930342 0.8794982173283542 0.8955666713106023 0.9038611961135979 0.9434570251737137 0.9686786910936134 0.9812527222942461 1.0067614996094627 1.030656062883403 1.0421473032449626 1.0846499039095616 1.1076852565223831 1.155442953944349 1.1790388415114783 1.2194602388333289 1.2623443233790281
252 6552 -0.15611053733828884 -0.04640124156782767 0.04471726938027608 0.1632561634388584 0.7874502729468679 0.7954657303883614 0.8386287050072281 0.8535364085675459 0.8720116800930342 0.8794982173283542 0.8955666713106023 0.9038611961135979 0.9434570251737137 0.9686786910936134 0.9812527222942461 1.0067614996094627 1.030656062883403 1.0421473032449626 1.0846499039095616 1.1076852565223831 1.155442953944349 1.1790388415114783 1.2194602388333289 1.2623443233790281
253 6578 -0.15611053733828884 -0.04640124156782767 0.04471726938027608 0.1632561634388584 0.7874502729468679 0.7954657303883614 0.8386287050072281 0.8535364085675459 0.8720116800930342 0.8794982173283542 0.8955666713106023 0.9038611961135979 0.9434570251737137 0.9686786910936134 0.9812527222942461 1.0067614996094627 1.030656062883403 1.0421473032449626 1.0846499039095616 1.1076852565223831 1.155442953944349 1.1790388415114783 1.2194602388333289 1.2623443233790281
254 6604 -0.15611053733828884 -0.04640124156782767 0.04471726938027608 0.1632561634388584 0.7874502729468679 0.7954657303883614 0.8386287050072281 0.8535364085675459 0.8720116800930342 0.8794982173283542 0.8955666713106023 0.9038611961135979 0.9434570251737137 0.9686786910936134 0.9812527222942461 1.0067614996094627 1.030656062883403 1.0421473032449626 1.0846499039095616 1.1076852565223831 1.155442953944349 1.1790388415114783 1.2194602388333289 1.2623443233790281
255 6630 -0.15611053733828884 -0.04640124156782767 0.04471726938027608 0.1632561634388584 0.7874502729468679 0.7954657303883614 0.8386287050072281 0.8535364085675459 0.8720116800930342 0.8794982173283542 0.8955666713106023 0.9038611961135979 0.9434570251737137 0.9686786910936134 0.9812527222942461 1.0067614996094627 1.030656062883403 1.0421473032449626 1.0846499039095616 1.1076852565223831 1.155442953944349 1.1790388415114783 1.2194602388333289 1.2623443233790281
256 6656 -0.15611053733828884 -0.04640124156782767 0.04471726938027608 0.1632561634388584 0.7874502729468679 0.7954657303883614 0.8386287050072281 0.8535364085675459 0.8720116800930342 0.8794982173283542 0.8955666713106023 0.9038611961135979 0.9434570251737137 0.9686786910936134 0.9812527222942461 1.0067614996094627 1.030656062883403 1.0421473032449626 1.0846499039095616 1.1076852565223831 1.155442953944349 1.1790388415114783 1.2194602388333289 1.2623443233790281
257 6682 -0.15611053733828884 -0.04640124156782767 0.04471726938027608 0.1632561634388584 0.7874502729468679 0.7954657303883614 0.8386287050072281 0.8535364085675459 0.8720116800930342 0.8794982173283542 0.8955666713106023 0.9038611961135979 0.9434570251737137 0.9686786910936134 0.9812527222942461 1.0067614996094627 1.030656062883403 1.0421473032449626 1.0846499039095616 1.1076852565223831 1.155442953944349 1.1790388415114783 1.2194602388333289 1.2623443233790281
258 6708 -0.15611053733828884 -0.04640124156782767 0.04471726938027608 0.1632561634388584 0.7874502729468679 0.7954657303883614 0.8386287050072281 0.8535364085675459 0.8720116800930342 0.8794982173283542 0.8955666713106023 0.9038611961135979 0.9434570251737137 0.9686786910936134 0.9812527222942461 1.0067614996094627 1.030656062883403 1.0421473032449626 1.0846499039095616 1.1076852565223831 1.155442953944349 1.1790388415114783 1.2194602388333289 1.2623443233790281
259 6734 -0.15611053733828884 -0.04640124156782767 0.04471726938027608 0.1632561634388584 0.7874502729468679 0.7954657303883614 0.8386287050072281 0.8535364085675459 0.8720116800930342 0.8794982173283542 0.8955666713106023 0.9038611961135979 0.9434570251737137 0.9686786910936134 0.9812527222942461 1.0067614996094627 1.030656062883403 1.0421473032449626 1.0846499039095616 1.1076852565223831 1.155442953944349 1.1790388415114783 1.2194602388333289 1.2623443233790281
260 6760 -0.15611053733828884 -0.04640124156782767 0.04471726938027608 0.1632561634388584 0.7874502729468679 0.7954657303883614 0.8386287050072281 0.8535364085675459 0.8720116800930342 0.8794982173283542 0.8955666713106023 0.9038611961135979 0.9434570251737137 0.9686786910936134 0.9812527222942461 1.0067614996094627 1.030656062883403 1.0421473032449626 1.0846499039095616 1.1076852565223831 1.155442953944349 1.1790388415114783 1.2194602388333289 1.2623443233790281
261 6786 -0.17057004815150154 -0.04932332411483949 0.045744824553580095 0.16315391317004851 0.7640801907234778 0.7960064533902037 0.8260268523276688 0.8395449967572648 0.8476143251286682 0.8772940276986477 0.8971266734900685 0.9252604966627165 0.9343305896557347 0.9496211084248894 0.9961478044263733 1.0117806589106848 1.0357165116087579 1.05346227870153 1.0949685171563475 1.1117302363316819 1.1357706031592278 1.2090418236742484 1.2188637797910877 1.265234729353157
262 6812 -0.17057004815150154 -0.04932332411483949 0.045744824553580095 0.16315391317004851 0.7640801907234778 0.7960064533902037 0.8260268523276688 0.8395449967572648 0.8476143251286682 0.8772940276986477 0.8971266734900685 0.9252604966627165 0.9343305896557347 0.9496211084248894 0.9961478044263733 1.0117806589106848 1.0357165116087579 1.05346227870153 1.0949685171563475 1.1117302363316819 1.1357706031592278 1.2090418236742484 1.2188637797910877 1.265234729353157
263 6838 -0.17057004815150154 -0.04932332411483949 0.045744824553580095 0.16315391317004851 0.7640801907234778 0.7960064533902037 0.8260268523276688 0.8395449967572648 0.8476143251286682 0.8772940276986477 0.8971266734900685 0.9252604966627165 0.9343305896557347 0.9496211084248894 0.9961478044263733 1.0117806589106848 1.0357165116087579 1.05346227870153 1.0949685171563475 1.1117302363316819 1.1357706031592278 1.2090418236742484 1.2188637797910877 1.265234729353157
264 6864 -0.17057004815150154 -0.04932332411483949 0.045744824553580095 0.16315391317004851 0.7640801907234778 0.7960064533902037 0.8260268523276688 0.8395449967572648 0.8476143251286682 0.8772940276986477 0.8971266734900685 0.9252604966627165 0.9343305896557347 0.9496211084248894 0.9961478044263733 1.0117806589106848 1.0357165116087579 1.05346227870153 1.0949685171563475 1.1117302363316819 1.1357706031592278 1.2090418236742484 1.2188637797910877 1.265234729353157
265 6890 -0.17057004815150154 -0.04932332411483949 0.045744824553580095 0.16315391317004851 0.7640801907234778 0.7960064533902037 0.8260268523276688 0.8395449967572648 0.8476143251286682 0.8772940276986477 0.8971266734900685 0.9252604966627165 0.9343305896557347 0.9496211084248894 0.9961478044263733 1.0117806589106848 1.0357165116087579 1.05346227870153 1.0949685171563475 1.1117302363316819 1.1357706031592278 1.2090418236742484 1.2188637797910877 1.265234729353157
266 6916 -0.17057004815150154 -0.04932332411483949 0.045744824553580095 0.16315391317004851 0.7640801907234778 0.7960064533902037 0.8260268523276688 0.8395449967572648 0.8476143251286682 0.8772940276986477 0.8971266734900685 0.9252604966627165 0.9343305896557347 0.9496211084248894 0.9961478044263733 1.0117806589106848 1.0357165116087579 1.05346227870153 1.0949685171563475 1.1117302363316819 1.1357706031592278 1.2090418236742484 1.2188637797910877 1.265234729353157
267 6942 -0.17057004815150154 -0.04932332411483949 0.045744824553580095 0.16315391317004851 0.7640801907234778 0.7960064533902037 0.8260268523276688 0.8395449967572648 0.8476143251286682 0.8772940276986477 0.8971266734900685 0.9252604966627165 0.9343305896557347 0.9496211084248894 0.9961478044263733 1.0117806589106848 1.0357165116087579 1.05346227870153 1.0949685171563475 1.1117302363316819 1.1357706031592278 1.2090418236742484 1.2188637797910877 1.265234729353157
268 6968 -0.17057004815150154 -0.04932332411483949 0.045744824553580095 0.16315391317004851 0.7640801907234778 0.7960064533902037 0.8260268523276688 0.8395449967572648 0.8476143251286682 0.8772940276986477 0.8971266734900685 0.9252604966627165 0.9343305896557347 0.9496211084248894 0.9961478044263733 1.0117806589106848 1.0357165116087579 1.05346227870153 1.0949685171563475 1.1117302363316819 1.1357706031592278 1.2090418236742484 1.2188637797910877 1.265234729353157
269 6994 -0.17057004815150154 -0.04932332411483949 0.045744824553580095 0.16315391317004851 0.7640801907234778 0.7960064533902037 0.8260268523276688 0.8395449967572648 0.8476143251286682 0.8772940276986477 0.8971266734900685 0.9252604966627165 0.9343305896557347 0.9496211084248894 0.9961478044263733 1.0117806589106848 1.0357165116087579 1.05346227870153 1.0949685171563475 1.1117302363316819 1.1357706031592278 1.2090418236742484 1.2188637797910877 1.265234729353157
270 7020 -0.17057004815150154 -0.04932332411483949 0.045744824553580095 0.16315391317004851 0.7640801907234778 0.7960064533902037 0.8260268523276688 0.8395449967572648 0.8476143251286682 0.8772940276986477 0.8971266734900685 0.9252604966627165 0.9343305896557347 0.9496211084248894 0.9961478044263733 1.0117806589106848 1.0357165116087579 1.05346227870153 1.0949685171563475 1.1117302363316819 1.1357706031592278 1.2090418236742484 1.2188637797910877 1.265234729353157
271 7046 -0.17057004815150154 -0.04932332411483949 0.045744824553580095 0.16315391317004851 0.7640801907234778 0.7960064533902037 0.8260268523276688 0.8395449967572648 0.8476143251286682 0.8772940276986477 0.8971266734900685 0.9252604966627165 0.9343305896557347 0.9496211084248894 0.9961478044263733 1.0117806589106848 1.0357165116087579 1.05346227870153 1.0949685171563475 1.1117302363316819 1.1357706031592278 1.2090418236742484 1.2188637797910877 1.265234729353157
272 7072 -0.17057004815150154 -0.04932332411483949 0.045744824553580095 0.16315391317004851 0.7640801907234778 0.7960064533902037 0.8260268523276688 0.8395449967572648 0.8476143251286682 0.8772940276986477 0.8971266734900685 0.9252604966627165 0.9343305896557347 0.9496211084248894 0.9961478044263733 1.0117806589106848 1.0357165116087579 1.05346227870153 1.0949685171563475 1.1117302363316819 1.1357706031592278 1.2090418236742484 1.2188637797910877 1.265234729353157
273 7098 -0.17057004815150154 -0.04932332411483949 0.045744824553580095 0.16315391317004851 0.7640801907234778 0.7960064533902037 0.8260268523276688 0.8395449967572648 0.8476143251286682 0.8772940276986477 0.8971266734900685 0.9252604966627165 0.9343305896557347 0.9496211084248894 0.9961478044263733 1.0117806589106848 1.0357165116087579 1.05346227870153 1.0949685171563475 1.1117302363316819 1.1357706031592278 1.2090418236742484 1.2188637797910877 1.265234729353157
274 7124 -0.17057004815150154 -0.04932332411483949 0.045744824553580095 0.16315391317004851 0.7640801907234778 0.7960064533902037 0.8260268523276688 0.8395449967572648 0.8476143251286682 0.8772940276986477 0.8971266734900685 0.9252604966627165 0.9343305896557347 0.9496211084248894 0.9961478044263733 1.0117806589106848 1.0357165116087579 1.05346227870153 1.0949685171563475 1.1117302363316819 1.1357706031592278 1.2090418236742484 1.2188637797910877 1.265234729353157
275 7150 -0.17057004815150154 -0.04932332411483949 0.045744824553580095 0.16315391317004851 0.7640801907234778 0.7960064533902037 0.8260268523276688 0.8395449967572648 0.8476143251286682 0.8772940276986477 0.8971266734900685 0.9252604966627165 0.9343305896557347 0.9496211084248894 0.9961478044263733 1.0117806589106848 1.0357165116087579 1.05346227870153 1.0949685171563475 1.1117302363316819 1.1357706031592278 1.2090418236742484 1.2188637797910877 1.265234729353157
276 7176 -0.17057004815150154 -0.04932332411483949 0.045744824553580095 0.16315391317004851 0.7640801907234778 0.7960064533902037 0.8260268523276688 0.8395449967572648 0.8476143251286682 0.8772940276986477 0.8971266734900685 0.9252604966627165 0.9343305896557347 0.9496211084248894 0.9961478044263733 1.0117806589106848 1.0357165116087579 1.05346227870153 1.0949685171563475 1.1117302363316819 1.1357706031592278 1.2090418236742484 1.2188637797910877 1.265234729353157
277 7202 -0.17057004815150154 -0.04932332411483949 0.045744824553580095 0.16315391317004851 0.7640801907234778 0.7960064533902037 0.8260268523276688 0.8395449967572648 0.8476143251286682 0.8772940276986477 0.8971266734900685 0.9252604966627165 0.9343305896557347 0.9496211084248894 0.9961478044263733 1.0117806589106848 1.0357165116087579 1.05346227870153 1.0949685171563475 1.1117302363316819 1.1357706031592278 1.2090418236742484 1.2188637797910877 1.265234729353157
278 7228 -0.17057004815150154 -0.04932332411483949 0.045744824553580095 0.16315391317004851 0.7640801907234778 0.7960064533902037 0.8260268523276688 0.8395449967572648 0.8476143251286682 0.8772940276986477 0.8971266734900685 0.9252604966627165 0.9343305896557347 0.9496211084248894 0.9961478044263733 1.0117806589106848 1.0357165116087579 1.05346227870153 1.0949685171563475 1.1117302363316819 1.1357706031592278 1.2090418236742484 1.2188637797910877 1.265234729353157
279 7254 -0.17057004815150154 -0.04932332411483949 0.045744824553580095 0.16315391317004851 0.7640801907234778 0.7960064533902037 0.8260268523276688 0.8395449967572648 0.8476143251286682 0.8772940276986477 0.8971266734900685 0.9252604966627165 0.9343305896557347 0.9496211084248894 0.9961478044263733 1.0117806589106848 1.0357165116087579 1.05346227870153 1.0949685171563475 1.1117302363316819 1.1357706031592278 1.2090418236742484 1.2188637797910877 1.265234729353157
280 7280 -0.17057004815150154 -0.04932332411483949 0.045744824553580095 0.16315391317004851 0.7640801907234778 0.7960064533902037 0.8260268523276688 0.8395449967572648 0.8476143251286682 0.8772940276986477 0.8971266734900685 0.9252604966627165 0.9343305896557347 0.9496211084248894 0.9961478044263733 1.0117806589106848 1.0357165116087579 1.05346227870153 1.0949685171563475 1.1117302363316819 1.1357706031592278 1.2090418236742484 1.2188637797910877 1.265234729353157
281 7306 -0.16855218513798537 -0.056437513294012004 0.04084011386766358 0.21698582510182035 0.7548043707627148 0.775760552350629 0.796524467525777 0.8039173397477436 0.8283269693027272 0.8655226310789966 0.8829799947249977 0.9085128559744019 0.9360484235723112 0.9925393464185023 1.0013941528167236 1.0252095440640494 1.0578701619102577 1.0759377283379135 1.1150692340138628 1.1265059817616716 1.1430958634270372 1.2071364889951408 1.2097197617869218 1.255335220898526
282 7332 -0.16855218513798537 -0.056437513294012004 0.04084011386766358 0.21698582510182035 0.7548043707627148 0.775760552350629 0.796524467525777 0.8039173397477436 0.8283269693027272 0.8655226310789966 0.8829799947249977 0.9085128559744019 0.9360484235723112 0.9925393464185023 1.0013941528167236 1.0252095440640494 1.0578701619102577 1.0759377283379135 1.1150692340138628 1.1265059817616716 1.1430958634270372 1.2071364889951408 1.2097197617869218 1.255335220898526
283 7358 -0.16855218513798537 -0.056437513294012004 0.04084011386766358 0.21698582510182035 0.7548043707627148 0.775760552350629 0.796524467525777 0.8039173397477436 0.8283269693027272 0.8655226310789966 0.8829799947249977 0.9085128559744019 0.9360484235723112 0.9925393464185023 1.0013941528167236 1.0252095440640494 1.0578701619102577 1.0759377283379135 1.1150692340138628 1.1265059817616716 1.1430958634270372 1.2071364889951408 1.2097197617869218 1.255335220898526
284 7384 -0.16855218513798537 -0.056437513294012004 0.04084011386766358 0.21698582510182035 0.7548043707627148 0.775760552350629 0.796524467525777 0.8039173397477436 0.8283269693027272 0.8655226310789966 0.8829799947249977 0.9085128559744019 0.9360484235723112 0.9925393464185023 1.0013941528167236 1.0252095440640494 1.0578701619102577 1.0759377283379135 1.1150692340138628 1.1265059817616716 1.1430958634270372 1.2071364889951408 1.2097197617869218 1.255335220898526
285 7410 -0.16855218513798537 -0.056437513294012004 0.04084011386766358 0.21698582510182035 0.7548043707627148 0.775760552350629 0.796524467525777 0.8039173397477436 0.8283269693027272 0.8655226310789966 0.8829799947249977 0.9085128559744019 0.9360484235723112 0.9925393464185023 1.0013941528167236 1.0252095440640494 1.0578701619102577 1.0759377283379135 1.1150692340138628 1.1265059817616716 1.1430958634270372 1.2071364889951408 1.2097197617869218 1.255335220898526
286 7436 -0.16855218513798537 -0.056437513294012004 0.04084011386766358 0.21698582510182035 0.7548043707627148 0.775760552350629 0.796524467525777 0.8039173397477436 0.8283269693027272 0.8655226310789966 0.8829799947249977 0.9085128559744019 0.9360484235723112 0.9925393464185023 1.0013941528167236 1.0252095440640494 1.0578701619102577 1.0759377283379135 1.1150692340138628 1.1265059817616716 1.1430958634270372 1.2071364889951408 1.2097197617869218 1.255335220898526
287 7462 -0.16855218513798537 -0.056437513294012004 0.04084011386766358 0.21698582510182035 0.7548043707627148 0.775760552350629 0.796524467525777 0.8039173397477436 0.8283269693027272 0.8655226310789966 0.8829799947249977 0.9085128559744019 0.9360484235723112 0.9925393464185023 1.0013941528167236 1.0252095440640494 1.0578701619102577 1.0759377283379135 1.1150692340138628 1.1265059817616716 1.1430958634270372 1.2071364889951408 1.2097197617869218 1.255335220898526
288 7488 -0.16855218513798537 -0.056437513294012004 0.04084011386766358 0.21698582510182035 0.7548043707627148 0.775760552350629 0.796524467525777 0.8039173397477436 0.8283269693027272 0.8655226310789966 0.8829799947249977 0.9085128559744019 0.9360484235723112 0.9925393464185023 1.0013941528167236 1.0252095440640494 1.0578701619102577 1.0759377283379135 1.1150692340138628 1.1265059817616716 1.1430958634270372 1.2071364889951408 1.2097197617869218 1.255335220898526
289 7514 -0.16855218513798537 -0.056437513294012004 0.04084011386766358 0.21698582510182035 0.7548043707627148 0.775760552350629 0.796524467525777 0.8039173397477436 0.8283269693027272 0.8655226310789966 0.8829799947249977 0.9085128559744019 0.9360484235723112 0.9925393464185023 1.0013941528167236 1.0252095440640494 1.0578701619102577 1.0759377283379135 1.1150692340138628 1.1265059817616716 1.1430958634270372 1.2071364889951408 1.2097197617869218 1.255335220898526
290 7540 -0.16855218513798537 -0.056437513294012004 0.04084011386766358 0.21698582510182035 0.7548043707627148 0.775760552350629 0.796524467525777 0.8039173397477436 0.8283269693027272 0.8655226310789966 0.8829799947249977 0.9085128559744019 0.9360484235723112 0.9925393464185023 1.0013941528167236 1.0252095440640494 1.0578701619102577 1.0759377283379135 1.1150692340138628 1.1265059817616716 1.1430958634270372 1.2071364889951408 1.2097197617869218 1.255335220898526
291 7566 -0.16855218513798537 -0.056437513294012004 0.04084011386766358 0.21698582510182035 0.7548043707627148 0.775760552350629 0.796524467525777 0.8039173397477436 0.8283269693027272 0.8655226310789966 0.8829799947249977 0.9085128559744019 0.9360484235723112 0.9925393464185023 1.0013941528167236 1.0252095440640494 1.0578701619102577 1.0759377283379135 1.1150692340138628 1.1265059817616716 1.1430958634270372 1.2071364889951408 1.2097197617869218 1.255335220898526
292 7592 -0.16855218513798537 -0.056437513294012004 0.04084011386766358 0.21698582510182035 0.7548043707627148 0.775760552350629 0.796524467525777 0.8039173397477436 0.8283269693027272 0.8655226310789966 0.8829799947249977 0.9085128559744019 0.9360484235723112 0.9925393464185023 1.0013941528167236 1.0252095440640494 1.0578701619102577 1.0759377283379135 1.1150692340138628 1.1265059817616716 1.1430958634270372 1.2071364889951408 1.2097197617869218 1.255335220898526
293 7618 -0.16855218513798537 -0.056437513294012004 0.04084011386766358 0.21698582510182035 0.7548043707627148 0.775760552350629 0.796524467525777 0.8039173397477436 0.8283269693027272 0.8655226310789966 0.8829799947249977 0.9085128559744019 0.9360484235723112 0.9925393464185023 1.0013941528167236 1.0252095440640494 1.0578701619102577 1.0759377283379135 1.1150692340138628 1.1265059817616716 1.1430958634270372 1.2071364889951408 1.2097197617869218 1.255335220898526
294 7644 -0.16855218513798537 -0.056437513294012004 0.04084011386766358 0.21698582510182035 0.7548043707627148 0.775760552350629 0.796524467525777 0.8039173397477436 0.8283269693027272 0.8655226310789966 0.8829799947249977 0.9085128559744019 0.9360484235723112 0.9925393464185023 1.0013941528167236 1.0252095440640494 1.0578701619102577 1.0759377283379135 1.1150692340138628 1.1265059817616716 1.1430958634270372 1.2071364889951408 1.2097197617869218 1.255335220898526
295 7670 -0.16855218513798537 -0.056437513294012004 0.04084011386766358 0.21698582510182035 0.7548043707627148 0.775760552350629 0.796524467525777 0.8039173397477436 0.8283269693027272 0.8655226310789966 0.8829799947249977 0.9085128559744019 0.9360484235723112 0.9925393464185023 1.0013941528167236 1.0252095440640494 1.0578701619102577 1.0759377283379135 1.1150692340138628 1.1265059817616716 1.1430958634270372 1.2071364889951408 1.2097197617869218 1.255335220898526
296 7696 -0.16855218513798537 -0.056437513294012004 0.04084011386766358 0.21698582510182035 0.7548043707627148 0.775760552350629 0.796524467525777 0.8039173397477436 0.8283269693027272 0.8655226310789966 0.8829799947249977 0.9085128559744019 0.9360484235723112 0.9925393464185023 1.0013941528167236 1.0252095440640494 1.0578701619102577 1.0759377283379135 1.1150692340138628 1.1265059817616716 1.1430958634270372 1.2071364889951408 1.2097197617869218 1.255335220898526
297 7722 -0.16855218513798537 -0.056437513294012004 0.04084011386766358 0.21698582510182035 0.7548043707627148 0.775760552350629 0.796524467525777 0.8039173397477436 0.8283269693027272 0.8655226310789966 0.8829799947249977 0.9085128559744019 0.9360484235723112 0.9925393464185023 1.0013941528167236 1.0252095440640494 1.0578701619102577 1.0759377283379135 1.1150692340138628 1.1265059817616716 1.1430958634270372 1.2071364889951408 1.2097197617869218 1.255335220898526
298 7748 -0.16855218513798537 -0.056437513294012004 0.04084011386766358 0.21698582510182035 0.7548043707627148 0.775760552350629 0.796524467525777 0.8039173397477436 0.8283269693027272 0.8655226310789966 0.8829799947249977 0.9085128559744019 0.9360484235723112 0.9925393464185023 1.0013941528167236 1.0252095440640494 1.0578701619102577 1.0759377283379135 1.1150692340138628 1.1265059817616716 1.1430958634270372 1.2071364889951408 1.2097197617869218 1.255335220898526
299 7774 -0.16855218513798537 -0.056437513294012004 0.04084011386766358 0.21698582510182035 0.7548043707627148 0.775760552350629 0.796524467525777 0.8039173397477436 0.8283269693027272 0.8655226310789966 0.8829799947249977 0.9085128559744019 0.9360484235723112 0.9925393464185023 1.0013941528167236 1.0252095440640494 1.0578701619102577 1.0759377283379135 1.1150692340138628 1.1265059817616716 1.1430958634270372 1.2071364889951408 1.2097197617869218 1.255335220898526
300 7800 -0.16855218513798537 -0.056437513294012004 0.04084011386766358 0.21698582510182035 0.7548043707627148 0.775760552350629 0.796524467525777 0.8039173397477436 0.8283269693027272 0.8655226310789966 0.8829799947249977 0.9085128559744019 0.9360484235723112 0.9925393464185023 1.0013941528167236 1.0252095440640494 1.0578701619102577 1.0759377283379135 1.1150692340138628 1.1265059817616716 1.1430958634270372 1.2071364889951408 1.2097197617869218 1.255335220898526
301 7826 -0.17098733282957446 -0.052566017467230705 0.040725571449688004 0.16488675421738352 0.7778548744235307 0.7845132660818978 0.7918294117450246 0.8319654445847582 0.8530044906201942 0.8782750743483329 0.9047043565291568 0.9145130967220687 0.9440856997553275 0.9661651202313857 0.9932434549686255 1.0106667516339374 1.049969105598476 1.0574482819113633 1.1027033107936053 1.1291524789528744 1.1470437928008617 1.1643154717790514 1.2367305126694041 1.2495381267638
302 7852 -0.17098733282957446 -0.052566017467230705 0.040725571449688004 0.16488675421738352 0.7778548744235307 0.7845132660818978 0.7918294117450246 0.8319654445847582 0.8530044906201942 0.8782750743483329 0.9047043565291568 0.9145130967220687 0.9440856997553275 0.9661651202313857 0.9932434549686255 1.0106667516339374 1.049969105598476 1.0574482819113633 1.1027033107936053 1.1291524789528744 1.1470437928008617 1.1643154717790514 1.2367305126694041 1.2495381267638
303 7878 -0.17098733282957446 -0.052566017467230705 0.040725571449688004 0.16488675421738352 0.7778548744235307 0.7845132660818978 0.7918294117450246 0.8319654445847582 0.8530044906201942 0.8782750743483329 0.9047043565291568 0.9145130967220687 0.9440856997553275 0.9661651202313857 0.9932434549686255 1.0106667516339374 1.049969105598476 1.0574482819113633 1.1027033107936053 1.1291524789528744 1.1470437928008617 1.1643154717790514 1.2367305126694041 1.2495381267638
304 7904 -0.17098733282957446 -0.052566017467230705 0.040725571449688004 0.16488675421738352 0.7778548744235307 0.7845132660818978 0.7918294117450246 0.8319654445847582 0.8530044906201942 0.8782750743483329 0.9047043565291568 0.9145130967220687 0.9440856997553275 0.9661651202313857 0.9932434549686255 1.0106667516339374 1.049969105598476 1.0574482819113633 1.1027033107936053 1.1291524789528744 1.1470437928008617 1.1643154717790514 1.2367305126694041 1.2495381267638
305 7930 -0.17098733282957446 -0.052566017467230705 0.040725571449688004 0.16488675421738352 0.7778548744235307 0.7845132660818978 0.7918294117450246 0.8319654445847582 0.8530044906201942 0.8782750743483329 0.9047043565291568 0.9145130967220687 0.9440856997553275 0.9661651202313857 0.9932434549686255 1.0106667516339374 1.049969105598476 1.0574482819113633 1.1027033107936053 1.1291524789528744 1.1470437928008617 1.1643154717790514 1.2367305126694041 1.2495381267638
306 7956 -0.17098733282957446 -0.052566017467230705 0.040725571449688004 0.16488675421738352 0.7778548744235307 0.7845132660818978 0.7918294117450246 0.8319654445847582 0.8530044906201942 0.8782750743483329 0.9047043565291568 0.9145130967220687 0.9440856997553275 0.9661651202313857 0.9932434549686255 1.0106667516339374 1.049969105598476 1.0574482819113633 1.1027033107936053 1.1291524789528744 1.1470437928008617 1.1643154717790514 1.2367305126694041 1.2495381267638
307 7982 -0.17098733282957446 -0.052566017467230705 0.040725571449688004 0.16488675421738352 0.7778548744235307 0.7845132660818978 0.7918294117450246 0.8319654445847582 0.8530044906201942 0.8782750743483329 0.9047043565291568 0.9145130967220687 0.9440856997553275 0.9661651202313857 0.9932434549686255 1.0106667516339374 1.049969105598476 1.0574482819113633 1.1027033107936053 1.1291524789528744 1.1470437928008617 1.1643154717790514 1.2367305126694041 1.2495381267638
308 8008 -0.17098733282957446 -0.052566017467230705 0.040725571449688004 0.16488675421738352 0.7778548744235307 0.7845132660818978 0.7918294117450246 0.8319654445847582 0.8530044906201942 0.8782750743483329 0.9047043565291568 0.9145130967220687 0.9440856997553275 0.9661651202313857 0.9932434549686255 1.0106667516339374 1.049969105598476 1.0574482819113633 1.1027033107936053 1.1291524789528744 1.1470437928008617 1.1643154717790514 1.2367305126694041 1.2495381267638
309 8034 -0.17098733282957446 -0.052566017467230705 0.040725571449688004 0.16488675421738352 0.7778548744235307 0.7845132660818978 0.7918294117450246 0.8319654445847582 0.8530044906201942 0.8782750743483329 0.9047043565291568 0.9145130967220687 0.9440856997553275 0.9661651202313857 0.9932434549686255 1.0106667516339374 1.049969105598476 1.0574482819113633 1.1027033107936053 1.1291524789528744 1.1470437928008617 1.1643154717790514 1.2367305126694041 1.2495381267638
310 8060 -0.17098733282957446 -0.052566017467230705 0.040725571449688004 0.16488675421738352 0.7778548744235307 0.7845132660818978 0.7918294117450246 0.8319654445847582 0.8530044906201942 0.8782750743483329 0.9047043565291568 0.9145130967220687 0.9440856997553275 0.9661651202313857 0.9932434549686255 1.0106667516339374 1.049969105598476 1.0574482819113633 1.1027033107936053 1.1291524789528744 1.1470437928008617 1.1643154717790514 1.2367305126694041 1.2495381267638
311 8086 -0.17098733282957446 -0.052566017467230705 0.040725571449688004 0.16488675421738352 0.7778548744235307 0.7845132660818978 0.7918294117450246 0.8319654445847582 0.8530044906201942 0.8782750743483329 0.9047043565291568 0.9145130967220687 0.9440856997553275 0.9661651202313857 0.9932434549686255 1.0106667516339374 1.049969105598476 1.0574482819113633 1.1027033107936053 1.1291524789528744 1.1470437928008617 1.1643154717790514 1.2367305126694041 1.2495381267638
312 8112 -0.17098733282957446 -0.052566017467230705 0.040725571449688004 0.16488675421738352 0.7778548744235307 0.7845132660818978 0.7918294117450246 0.8319654445847582 0.8530044906201942 0.8782750743483329 0.9047043565291568 0.9145130967220687 0.9440856997553275 0.9661651202313857 0.9932434549686255 1.0106667516339374 1.049969105598476 1.0574482819113633 1.1027033107936053 1.1291524789528744 1.1470437928008617 1.1643154717790514 1.2367305126694041 1.2495381267638
313 8138 -0.17098733282957446 -0.052566017467230705 0.040725571449688004 0.16488675421738352 0.7778548744235307 0.7845132660818978 0.7918294117450246 0.8319654445847582 0.8530044906201942 0.8782750743483329 0.9047043565291568 0.9145130967220687 0.9440856997553275 0.9661651202313857 0.9932434549686255 1.0106667516339374 1.049969105598476 1.0574482819113633 1.1027033107936053 1.1291524789528744 1.1470437928008617 1.1643154717790514 1.2367305126694041 1.2495381267638
314 8164 -0.17098733282957446 -0.052566017467230705 0.040725571449688004 0.16488675421738352 0.7778548744235307 0.7845132660818978 0.7918294117450246 0.8319654445847582 0.8530044906201942 0.8782750743483329 0.9047043565291568 0.9145130967220687 0.9440856997553275 0.9661651202313857 0.9932434549686255 1.0106667516339374 1.049969105598476 1.0574482819113633 1.1027033107936053 1.1291524789528744 1.1470437928008617 1.1643154717790514 1.2367305126694041 1.2495381267638
315 8190 -0.17098733282957446 -0.052566017467230705 0.040725571449688004 0.16488675421738352 0.7778548744235307 0.7845132660818978 0.7918294117450246 0.8319654445847582 0.8530044906201942 0.8782750743483329 0.9047043565291568 0.9145130967220687 0.9440856997553275 0.9661651202313857 0.9932434549686255 1.0106667516339374 1.049969105598476 1.0574482819113633 1.1027033107936053 1.1291524789528744 1.1470437928008617 1.1643154717790514 1.2367305126694041 1.2495381267638
316 8216 -0.17098733282957446 -0.052566017467230705 0.040725571449688004 0.16488675421738352 0.7778548744235307 0.7845132660818978 0.7918294117450246 0.8319654445847582 0.8530044906201942 0.8782750743483329 0.9047043565291568 0.9145130967220687 0.9440856997553275 0.9661651202313857 0.9932434549686255 1.0106667516339374 1.049969105598476 1.0574482819113633 1.1027033107936053 1.1291524789528744 1.1470437928008617 1.1643154717790514 1.2367305126694041 1.2495381267638
317 8242 -0.17098733282957446 -0.052566017467230705 0.040725571449688004 0.16488675421738352 0.7778548744235307 0.7845132660818978 0.7918294117450246 0.8319654445847582 0.8530044906201942 0.8782750743483329 0.9047043565291568 0.9145130967220687 0.9440856997553275 0.9661651202313857 0.9932434549686255 1.0106667516339374 1.049969105598476 1.0574482819113633 1.1027033107936053 1.1291524789528744 1.1470437928008617 1.1643154717790514 1.2367305126694041 1.2495381267638
318 8268 -0.17098733282957446 -0.052566017467230705 0.040725571449688004 0.16488675421738352 0.7778548744235307 0.7845132660818978 0.7918294117450246 0.8319654445847582 0.8530044906201942 0.8782750743483329 0.9047043565291568 0.9145130967220687 0.9440856997553275 0.9661651202313857 0.9932434549686255 1.0106667516339374 1.049969105598476 1.0574482819113633 1.1027033107936053 1.1291524789528744 1.1470437928008617 1.1643154717790514 1.2367305126694041 1.2495381267638
319 8294 -0.17098733282957446 -0.052566017467230705 0.040725571449688004 0.16488675421738352 0.7778548744235307 0.7845132660818978 0.7918294117450246 0.8319654445847582 0.8530044906201942 0.8782750743483329 0.9047043565291568 0.9145130967220687 0.9440856997553275 0.9661651202313857 0.9932434549686255 1.0106667516339374 1.049969105598476 1.0574482819113633 1.1027033107936053 1.1291524789528744 1.1470437928008617 1.1643154717790514 1.2367305126694041 1.2495381267638
320 8320 -0.17098733282957446 -0.052566017467230705 0.040725571449688004 0.16488675421738352 0.7778548744235307 0.7845132660818978 0.7918294117450246 0.8319654445847582 0.8530044906201942 0.8782750743483329 0.9047043565291568 0.9145130967220687 0.9440856997553275 0.9661651202313857 0.9932434549686255 1.0106667516339374 1.049969105598476 1.0574482819113633 1.1027033107936053 1.1291524789528744 1.1470437928008617 1.1643154717790514 1.2367305126694041 1.2495381267638
321 8346 -0.15937618223597055 -0.05277459611172029 0.044212274384147966 0.23203912908606716 0.7695114553658647 0.777544555000312 0.7861719205975384 0.8034400959204376 0.8502853014526394 0.8651986878670075 0.8725919753976284 0.9107631919611335 0.9387329748419454 0.9551073414067429 0.9898442035662267 1.0205619729136068 1.0375681577769016 1.0679721008722747 1.0804519676870903 1.125982866476608 1.155973631988507 1.194019550067873 1.2477436335901588 1.3004992575927798
322 8372 -0.15937618223597055 -0.05277459611172029 0.044212274384147966 0.23203912908606716 0.7695114553658647 0.777544555000312 0.7861719205975384 0.8034400959204376 0.8502853014526394 0.8651986878670075 0.8725919753976284 0.9107631919611335 0.9387329748419454 0.9551073414067429 0.9898442035662267 1.0205619729136068 1.0375681577769016 1.0679721008722747 1.0804519676870903 1.125982866476608 1.155973631988507 1.194019550067873 1.2477436335901588 1.3004992575927798
323 8398 -0.15937618223597055 -0.05277459611172029 0.044212274384147966 0.23203912908606716 0.7695114553658647 0.777544555000312 0.7861719205975384 0.8034400959204376 0.8502853014526394 0.8651986878670075 0.8725919753976284 0.9107631919611335 0.9387329748419454 0.9551073414067429 0.9898442035662267 1.0205619729136068 1.0375681577769016 1.0679721008722747 1.0804519676870903 1.125982866476608 1.155973631988507 1.194019550067873 1.2477436335901588 1.3004992575927798
324 8424 -0.15937618223597055 -0.05277459611172029 0.044212274384147966 0.23203912908606716 0.7695114553658647 0.777544555000312 0.7861719205975384 0.8034400959204376 0.8502853014526394 0.8651986878670075 0.8725919753976284 0.9107631919611335 0.9387329748419454 0.9551073414067429 0.9898442035662267 1.0205619729136068 1.0375681577769016 1.0679721008722747 1.0804519676870903 1.125982866476608 1.155973631988507 1.194019550067873 1.2477436335901588 1.3004992575927798
325 8450 -0.15937618223597055 -0.05277459611172029 0.044212274384147966 0.23203912908606716 0.7695114553658647 0.777544555000312 0.7861719205975384 0.8034400959204376 0.8502853014526394 0.8651986878670075 0.8725919753976284 0.9107631919611335 0.9387329748419454 0.9551073414067429 0.9898442035662267 1.0205619729136068 1.0375681577769016 1.0679721008722747 1.0804519676870903 1.125982866476608 1.155973631988507 1.194019550067873 1.2477436335901588 1.3004992575927798
326 8476 -0.15937618223597055 -0.05277459611172029 0.044212274384147966 0.23203912908606716 0.7695114553658647 0.777544555000312 0.7861719205975384 0.8034400959204376 0.8502853014526394 0.8651986878670075 0.8725919753976284 0.9107631919611335 0.9387329748419454 0.9551073414067429 0.9898442035662267 1.0205619729136068 1.0375681577769016 1.0679721008722747 1.0804519676870903 1.125982866476608 1.155973631988507 1.194019550067873 1.2477436335901588 1.3004992575927798
327 8502 -0.15937618223597055 -0.05277459611172029 0.044212274384147966 0.23203912908606716 0.7695114553658647 0.777544555000312 0.7861719205975384 0.8034400959204376 0.8502853014526394 0.8651986878670075 0.8725919753976284 0.9107631919611335 0.9387329748419454 0.9551073414067429 0.9898442035662267 1.0205619729136068 1.0375681577769016 1.0679721008722747 1.0804519676870903 1.125982866476608 1.155973631988507 1.194019550067873 1.2477436335901588 1.3004992575927798
328 8528 -0.15937618223597055 -0.05277459611172029 0.044212274384147966 0.23203912908606716 0.7695114553658647 0.777544555000312 0.7861719205975384 0.8034400959204376 0.8502853014526394 0.8651986878670075 0.8725919753976284 0.9107631919611335 0.9387329748419454 0.9551073414067429 0.9898442035662267 1.0205619729136068 1.0375681577769016 1.0679721008722747 1.0804519676870903 1.125982866476608 1.155973631988507 1.194019550067873 1.2477436335901588 1.3004992575927798
329 8554 -0.15937618223597055 -0.05277459611172029 0.044212274384147966 0.23203912908606716 0.7695114553658647 0.777544555000312 0.7861719205975384 0.8034400959204376 0.8502853014526394 0.8651986878670075 0.8725919753976284 0.9107631919611335 0.9387329748419454 0.9551073414067429 0.9898442035662267 1.0205619729136068 1.0375681577769016 1.0679721008722747 1.0804519676870903 1.125982866476608 1.155973631988507 1.194019550067873 1.2477436335901588 1.3004992575927798
330 8580 -0.15937618223597055 -0.05277459611172029 0.044212274384147966 0.23203912908606716 0.7695114553658647 0.777544555000312 0.7861719205975384 0.8034400959204376 0.8502853014526394 0.8651986878670075 0.8725919753976284 0.9107631919611335 0.9387329748419454 0.9551073414067429 0.9898442035662267 1.0205619729136068 1.0375681577769016 1.0679721008722747 1.0804519676870903 1.125982866476608 1.155973631988507 1.194019550067873 1.2477436335901588 1.3004992575927798
331 8606 -0.15937618223597055 -0.05277459611172029 0.044212274384147966 0.23203912908606716 0.7695114553658647 0.777544555000312 0.7861719205975384 0.8034400959204376 0.8502853014526394 0.8651986878670075 0.8725919753976284 0.9107631919611335 0.9387329748419454 0.9551073414067429 0.9898442035662267 1.0205619729136068 1.0375681577769016 1.0679721008722747 1.0804519676870903 1.125982866476608 1.155973631988507 1.194019550067873 1.2477436335901588 1.3004992575927798
332 8632 -0.15937618223597055 -0.05277459611172029 0.044212274384147966 0.23203912908606716 0.7695114553658647 0.777544555000312 0.7861719205975384 0.8034400959204376 0.8502853014526394 0.8651986878670075 0.8725919753976284 0.9107631919611335 0.9387329748419454 0.9551073414067429 0.9898442035662267 1.0205619729136068 1.0375681577769016 1.0679721008722747 1.0804519676870903 1.125982866476608 1.155973631988507 1.194019550067873 1.2477436335901588 1.3004992575927798
333 8658 -0.15937618223597055 -0.05277459611172029 0.044212274384147966 0.23203912908606716 0.7695114553658647 0.777544555000312 0.7861719205975384 0.8034400959204376 0.8502853014526394 0.8651986878670075 0.8725919753976284 0.9107631919611335 0.9387329748419454 0.9551073414067429 0.9898442035662267 1.0205619729136068 1.0375681577769016 1.0679721008722747 1.0804519676870903 1.125982866476608 1.155973631988507 1.194019550067873 1.2477436335901588 1.3004992575927798
334 8684 -0.15937618223597055 -0.05277459611172029 0.044212274384147966 0.23203912908606716 0.7695114553658647 0.777544555000312 0.7861719205975384 0.8034400959204376 0.8502853014526394 0.8651986878670075 0.8725919753976284 0.9107631919611335 0.9387329748419454 0.9551073414067429 0.9898442035662267 1.0205619729136068 1.0375681577769016 1.0679721008722747 1.0804519676870903 1.125982866476608 1.155973631988507 1.194019550067873 1.2477436335901588 1.3004992575927798
335 8710 -0.15937618223597055 -0.05277459611172029 0.044212274384147966 0.23203912908606716 0.7695114553658647 0.777544555000312 0.7861719205975384 0.8034400959204376 0.8502853014526394 0.8651986878670075 0.8725919753976284 0.9107631919611335 0.9387329748419454 0.9551073414067429 0.9898442035662267 1.0205619729136068 1.0375681577769016 1.0679721008722747 1.0804519676870903 1.125982866476608 1.155973631988507 1.194019550067873 1.2477436335901588 1.3004992575927798
336 8736 -0.15937618223597055 -0.05277459611172029 0.044212274384147966 0.23203912908606716 0.7695114553658647 0.777544555000312 0.7861719205975384 0.8034400959204376 0.8502853014526394 0.8651986878670075 0.8725919753976284 0.9107631919611335 0.9387329748419454 0.9551073414067429 0.9898442035662267 1.0205619729136068 1.0375681577769016 1.0679721008722747 1.0804519676870903 1.125982866476608 1.155973631988507 1.194019550067873 1.2477436335901588 1.3004992575927798
337 8762 -0.15937618223597055 -0.05277459611172029 0.044212274384147966 0.23203912908606716 0.7695114553658647 0.777544555000312 0.7861719205975384 0.8034400959204376 0.8502853014526394 0.8651986878670075 0.8725919753976284 0.9107631919611335 0.9387329748419454 0.9551073414067429 0.9898442035662267 1.0205619729136068 1.0375681577769016 1.0679721008722747 1.0804519676870903 1.125982866476608 1.155973631988507 1.194019550067873 1.2477436335901588 1.3004992575927798
338 8788 -0.15937618223597055 -0.05277459611172029 0.044212274384147966 0.23203912908606716 0.7695114553658647 0.777544555000312 0.7861719205975384 0.8034400959204376 0.8502853014526394 0.8651986878670075 0.8725919753976284 0.9107631919611335 0.9387329748419454 0.9551073414067429 0.9898442035662267 1.0205619729136068 1.0375681577769016 1.0679721008722747 1.0804519676870903 1.125982866476608 1.155973631988507 1.194019550067873 1.2477436335901588 1.3004992575927798
339 8814 -0.15937618223597055 -0.05277459611172029 0.044212274384147966 0.23203912908606716 0.7695114553658647 0.777544555000312 0.7861719205975384 0.8034400959204376 0.8502853014526394 0.8651986878670075 0.8725919753976284 0.9107631919611335 0.9387329748419454 0.9551073414067429 0.9898442035662267 1.0205619729136068 1.0375681577769016 1.0679721008722747 1.0804519676870903 1.125982866476608 1.155973631988507 1.194019550067873 1.2477436335901588 1.3004992575927798
340 8840 -0.15937618223597055 -0.05277459611172029 0.044212274384147966 0.23203912908606716 0.7695114553658647 0.777544555000312 0.7861719205975384 0.8034400959204376 0.8502853014526394 0.8651986878670075 0.8725919753976284 0.9107631919611335 0.9387329748419454 0.9551073414067429 0.9898442035662267 1.0205619729136068 1.0375681577769016 1.0679721008722747 1.0804519676870903 1.125982866476608 1.155973631988507 1.194019550067873 1.2477436335901588 1.3004992575927798
341 8866 -0.19015491254915634 -0.04211861820975227 0.04245669779848379 0.14340632694874564 0.7693902355374326 0.7819360221688704 0.8077679492635129 0.8225528271427641 0.8507343959365485 0.8785984461564607 0.8968775455342906 0.9111670308043305 0.9472670760097258 0.9553835108150455 0.9905186851678023 1.021117178809668 1.0527675867722088 1.0567399905223769 1.089572421276306 1.134649028399542 1.1456557023312202 1.1940654525646284 1.2191253376786886 1.256643184308887
342 8892 -0.19015491254915634 -0.04211861820975227 0.04245669779848379 0.14340632694874564 0.7693902355374326 0.7819360221688704 0.8077679492635129 0.8225528271427641 0.8507343959365485 0.8785984461564607 0.8968775455342906 0.9111670308043305 0.9472670760097258 0.9553835108150455 0.9905186851678023 1.021117178809668 1.0527675867722088 1.0567399905223769 1.089572421276306 1.134649028399542 1.1456557023312202 1.1940654525646284 1.2191253376786886 1.256643184308887
343 8918 -0.19015491254915634 -0.04211861820975227 0.04245669779848379 0.14340632694874564 0.7693902355374326 0.7819360221688704 0.8077679492635129 0.8225528271427641 0.8507343959365485 0.8785984461564607 0.8968775455342906 0.9111670308043305 0.9472670760097258 0.9553835108150455 0.9905186851678023 1.021117178809668 1.0527675867722088 1.0567399905223769 1.089572421276306 1.134649028399542 1.1456557023312202 1.1940654525646284 1.2191253376786886 1.256643184308887
344 8944 -0.19015491254915634 -0.04211861820975227 0.04245669779848379 0.14340632694874564 0.7693902355374326 0.7819360221688704 0.8077679492635129 0.8225528271427641 0.8507343959365485 0.8785984461564607 0.8968775455342906 0.9111670308043305 0.9472670760097258 0.9553835108150455 0.9905186851678023 1.021117178809668 1.0527675867722088 1.0567399905223769 1.089572421276306 1.134649028399542 1.1456557023312202 1.1940654525646284 1.2191253376786886 1.256643184308887
345 8970 -0.19015491254915634 -0.04211861820975227 0.04245669779848379 0.14340632694874564 0.7693902355374326 0.7819360221688704 0.8077679492635129 0.8225528271427641 0.8507343959365485 0.8785984461564607 0.8968775455342906 0.9111670308043305 0.9472670760097258 0.9553835108150455 0.9905186851678023 1.021117178809668 1.0527675867722088 1.0567399905223769 1.089572421276306 1.134649028399542 1.1456557023312202 1.1940654525646284 1.2191253376786886 1.256643184308887
346 8996 -0.19015491254915634 -0.04211861820975227 0.04245669779848379 0.14340632694874564 0.7693902355374326 0.7819360221688704 0.8077679492635129 0.8225528271427641 0.8507343959365485 0.8785984461564607 0.8968775455342906 0.9111670308043305 0.9472670760097258 0.9553835108150455 0.9905186851678023 1.021117178809668 1.0527675867722088 1.0567399905223769 1.089572421276306 1.134649028399542 1.1456557023312202 1.1940654525646284 1.2191253376786886 1.256643184308887
347 9022 -0.19015491254915634 -0.04211861820975227 0.04245669779848379 0.14340632694874564 0.7693902355374326 0.7819360221688704 0.8077679492635129 0.8225528271427641 0.8507343959365485 0.8785984461564607 0.8968775455342906 0.9111670308043305 0.9472670760097258 0.9553835108150455 0.9905186851678023 1.021117178809668 1.0527675867722088 1.0567399905223769 1.089572421276306 1.134649028399542 1.1456557023312202 1.1940654525646284 1.2191253376786886 1.256643184308887
348 9048 -0.19015491254915634 -0.04211861820975227 0.04245669779848379 0.14340632694874564 0.7693902355374326 0.7819360221688704 0.8077679492635129 0.8225528271427641 0.8507343959365485 0.8785984461564607 0.8968775455342906 0.9111670308043305 0.9472670760097258 0.9553835108150455 0.9905186851678023 1.021117178809668 1.0527675867722088 1.0567399905223769 1.089572421276306 1.134649028399542 1.1456557023312202 1.1940654525646284 1.2191253376786886 1.256643184308887
349 9074 -0.19015491254915634 -0.04211861820975227 0.04245669779848379 0.14340632694874564 0.7693902355374326 0.7819360221688704 0.8077679492635129 0.8225528271427641 0.8507343959365485 0.8785984461564607 0.8968775455342906 0.9111670308043305 0.9472670760097258 0.9553835108150455 0.9905186851678023 1.021117178809668 1.0527675867722088 1.0567399905223769 1.089572421276306 1.134649028399542 1.1456557023312202 1.1940654525646284 1.2191253376786886 1.256643184308887
350 9100 -0.19015491254915634 -0.04211861820975227 0.04245669779848379 0.14340632694874564 0.7693902355374326 0.7819360221688704 0.8077679492635129 0.8225528271427641 0.8507343959365485 0.8785984461564607 0.8968775455342906 0.9111670308043305 0.9472670760097258 0.9553835108150455 0.9905186851678023 1.021117178809668 1.0527675867722088 1.0567399905223769 1.089572421276306 1.134649028399542 1.1456557023312202 1.1940654525646284 1.2191253376786886 1.256643184308887
351 9126 -0.19015491254915634 -0.04211861820975227 0.04245669779848379 0.14340632694874564 0.7693902355374326 0.7819360221688704 0.8077679492635129 0.8225528271427641 0.8507343959365485 0.8785984461564607 0.8968775455342906 0.9111670308043305 0.9472670760097258 0.9553835108150455 0.9905186851678023 1.021117178809668 1.0527675867722088 1.0567399905223769 1.089572421276306 1.134649028399542 1.1456557023312202 1.1940654525646284 1.2191253376786886 1.256643184308887
352 9152 -0.19015491254915634 -0.04211861820975227 0.04245669779848379 0.14340632694874564 0.7693902355374326 0.7819360221688704 0.8077679492635129 0.8225528271427641 0.8507343959365485 0.8785984461564607 0.8968775455342906 0.9111670308043305 0.9472670760097258 0.9553835108150455 0.9905186851678023 1.021117178809668 1.0527675867722088 1.0567399905223769 1.089572421276306 1.134649028399542 1.1456557023312202 1.1940654525646284 1.2191253376786886 1.256643184308887
353 9178 -0.19015491254915634 -0.04211861820975227 0.04245669779848379 0.14340632694874564 0.7693902355374326 0.7819360221688704 0.8077679492635129 0.8225528271427641 0.8507343959365485 0.8785984461564607 0.8968775455342906 0.9111670308043305 0.9472670760097258 0.9553835108150455 0.9905186851678023 1.021117178809668 1.0527675867722088 1.0567399905223769 1.089572421276306 1.134649028399542 1.1456557023312202 1.1940654525646284 1.2191253376786886 1.256643184308887
354 9204 -0.19015491254915634 -0.04211861820975227 0.04245669779848379 0.14340632694874564 0.7693902355374326 0.7819360221688704 0.8077679492635129 0.8225528271427641 0.8507343959365485 0.8785984461564607 0.8968775455342906 0.9111670308043305 0.9472670760097258 0.9553835108150455 0.9905186851678023 1.021117178809668 1.0527675867722088 1.0567399905223769 1.089572421276306 1.134649028399542 1.1456557023312202 1.1940654525646284 1.2191253376786886 1.256643184308887
355 9230 -0.19015491254915634 -0.04211861820975227 0.04245669779848379 0.14340632694874564 0.7693902355374326 0.7819360221688704 0.8077679492635129 0.8225528271427641 0.8507343959365485 0.8785984461564607 0.8968775455342906 0.9111670308043305 0.9472670760097258 0.9553835108150455 0.9905186851678023 1.021117178809668 1.0527675867722088 1.0567399905223769 1.089572421276306 1.134649028399542 1.1456557023312202 1.1940654525646284 1.2191253376786886 1.256643184308887
356 9256 -0.19015491254915634 -0.04211861820975227 0.04245669779848379 0.14340632694874564 0.7693902355374326 0.7819360221688704 0.8077679492635129 0.8225528271427641 0.8507343959365485 0.8785984461564607 0.8968775455342906 0.9111670308043305 0.9472670760097258 0.9553835108150455 0.9905186851678023 1.021117178809668 1.0527675867722088 1.0567399905223769 1.089572421276306 1.134649028399542 1.1456557023312202 1.1940654525646284 1.2191253376786886 1.256643184308887
357 9282 -0.19015491254915634 -0.04211861820975227 0.04245669779848379 0.14340632694874564 0.7693902355374326 0.7819360221688704 0.8077679492635129 0.8225528271427641 0.8507343959365485 0.8785984461564607 0.8968775455342906 0.9111670308043305 0.9472670760097258 0.9553835108150455 0.9905186851678023 1.021117178809668 1.0527675867722088 1.0567399905223769 1.089572421276306 1.134649028399542 1.1456557023312202 1.1940654525646284 1.2191253376786886 1.256643184308887
358 9308 -0.19015491254915634 -0.04211861820975227 0.04245669779848379 0.14340632694874564 0.7693902355374326 0.7819360221688704 0.8077679492635129 0.8225528271427641 0.8507343959365485 0.8785984461564607 0.8968775455342906 0.9111670308043305 0.9472670760097258 0.9553835108150455 0.9905186851678023 1.021117178809668 1.0527675867722088 1.0567399905223769 1.089572421276306 1.134649028399542 1.1456557023312202 1.1940654525646284 1.2191253376786886 1.256643184308887
359 9334 -0.19015491254915634 -0.04211861820975227 0.04245669779848379 0.14340632694874564 0.7693902355374326 0.7819360221688704 0.8077679492635129 0.8225528271427641 0.8507343959365485 0.8785984461564607 0.8968775455342906 0.9111670308043305 0.9472670760097258 0.9553835108150455 0.9905186851678023 1.021117178809668 1.0527675867722088 1.0567399905223769 1.089572421276306 1.134649028399542 1.1456557023312202 1.1940654525646284 1.2191253376786886 1.256643184308887
360 9360 -0.19015491254915634 -0.04211861820975227 0.04245669779848379 0.14340632694874564 0.7693902355374326 0.7819360221688704 0.8077679492635129 0.8225528271427641 0.8507343959365485 0.8785984461564607 0.8968775455342906 0.9111670308043305 0.9472670760097258 0.9553835108150455 0.9905186851678023 1.021117178809668 1.0527675867722088 1.0567399905223769 1.089572421276306 1.134649028399542 1.1456557023312202 1.1940654525646284 1.2191253376786886 1.256643184308887
361 9386 -0.1731925225985348 -0.043206489685441024 0.04823900534261452 0.19149726630902691 0.7631125341465003 0.7861166374418018 0.7944108431974747 0.8221332543152067 0.8565860932004304 0.8773850790696376 0.8935824347164683 0.9265397466384594 0.9544666022724143 0.9833288237215946 0.9959824607294748 1.0157536211083888 1.040276636299637 1.0576357082502714 1.080056942036369 1.0980612361516089 1.153940669018455 1.169983149550795 1.190288906193444 1.3191824430418497
362 9412 -0.1731925225985348 -0.043206489685441024 0.04823900534261452 0.19149726630902691 0.7631125341465003 0.7861166374418018 0.7944108431974747 0.8221332543152067 0.8565860932004304 0.8773850790696376 0.8935824347164683 0.9265397466384594 0.9544666022724143 0.9833288237215946 0.9959824607294748 1.0157536211083888 1.040276636299637 1.0576357082502714 1.080056942036369 1.0980612361516089 1.153940669018455 1.169983149550795 1.190288906193444 1.3191824430418497
363 9438 -0.1731925225985348 -0.043206489685441024 0.04823900534261452 0.19149726630902691 0.7631125341465003 0.7861166374418018 0.7944108431974747 0.8221332543152067 0.8565860932004304 0.8773850790696376 0.8935824347164683 0.9265397466384594 0.9544666022724143 0.9833288237215946 0.9959824607294748 1.0157536211083888 1.040276636299637 1.0576357082502714 1.080056942036369 1.0980612361516089 1.153940669018455 1.169983149550795 1.190288906193444 1.3191824430418497
364 9464 -0.1731925225985348 -0.043206489685441024 0.04823900534261452 0.19149726630902691 0.7631125341465003 0.7861166374418018 0.7944108431974747 0.8221332543152067 0.8565860932004304 0.8773850790696376 0.8935824347164683 0.9265397466384594 0.9544666022724143 0.9833288237215946 0.9959824607294748 1.0157536211083888 1.040276636299637 1.0576357082502714 1.080056942036369 1.0980612361516089 1.153940669018455 1.169983149550795 1.190288906193444 1.3191824430418497
365 9490 -0.1731925225985348 -0.043206489685441024 0.04823900534261452 0.19149726630902691 0.7631125341465003 0.7861166374418018 0.7944108431974747 0.8221332543152067 0.8565860932004304 0.8773850790696376 0.8935824347164683 0.9265397466384594 0.9544666022724143 0.9833288237215946 0.9959824607294748 1.0157536211083888 1.040276636299637 1.0576357082502714 1.080056942036369 1.0980612361516089 1.153940669018455 1.169983149550795 1.190288906193444 1.3191824430418497
366 9516 -0.1731925225985348 -0.043206489685441024 0.04823900534261452 0.19149726630902691 0.7631125341465003 0.7861166374418018 0.7944108431974747 0.8221332543152067 0.8565860932004304 0.8773850790696376 0.8935824347164683 0.9265397466384594 0.9544666022724143 0.9833288237215946 0.9959824607294748 1.0157536211083888 1.040276636299637 1.0576357082502714 1.080056942036369 1.0980612361516089 1.153940669018455 1.169983149550795 1.190288906193444 1.3191824430418497
367 9542 -0.1731925225985348 -0.043206489685441024 0.04823900534261452 0.19149726630902691 0.7631125341465003 0.7861166374418018 0.7944108431974747 0.8221332543152067 0.8565860932004304 0.8773850790696376 0.8935824347164683 0.9265397466384594 0.9544666022724143 0.9833288237215946 0.9959824607294748 1.0157536211083888 1.040276636299637 1.0576357082502714 1.080056942036369 1.0980612361516089 1.153940669018455 1.169983149550795 1.190288906193444 1.3191824430418497
368 9568 -0.1731925225985348 -0.043206489685441024 0.04823900534261452 0.19149726630902691 0.7631125341465003 0.7861166374418018 0.7944108431974747 0.8221332543152067 0.8565860932004304 0.8773850790696376 0.8935824347164683 0.9265397466384594 0.9544666022724143 0.9833288237215946 0.9959824607294748 1.0157536211083888 1.040276636299637 1.0576357082502714 1.080056942036369 1.0980612361516089 1.153940669018455 1.169983149550795 1.190288906193444 1.3191824430418497
369 9594 -0.1731925225985348 -0.043206489685441024 0.04823900534261452 0.19149726630902691 0.7631125341465003 0.7861166374418018 0.7944108431974747 0.8221332543152067 0.8565860932004304 0.8773850790696376 0.8935824347164683 0.9265397466384594 0.9544666022724143 0.9833288237215946 0.9959824607294748 1.0157536211083888 1.040276636299637 1.0576357082502714 1.080056942036369 1.0980612361516089 1.153940669018455 1.169983149550795 1.190288906193444 1.3191824430418497
370 9620 -0.1731925225985348 -0.043206489685441024 0.04823900534261452 0.19149726630902691 0.7631125341465003 0.7861166374418018 0.7944108431974747 0.8221332543152067 0.8565860932004304 0.8773850790696376 0.8935824347164683 0.9265397466384594 0.9544666022724143 0.9833288237215946 0.9959824607294748 1.0157536211083888 1.040276636299637 1.0576357082502714 1.080056942036369 1.0980612361516089 1.153940669018455 1.169983149550795 1.190288906193444 1.3191824430418497
371 9646 -0.1731925225985348 -0.043206489685441024 0.04823900534261452 0.19149726630902691 0.7631125341465003 0.7861166374418018 0.7944108431974747 0.8221332543152067 0.8565860932004304 0.8773850790696376 0.8935824347164683 0.9265397466384594 0.9544666022724143 0.9833288237215946 0.9959824607294748 1.0157536211083888 1.040276636299637 1.0576357082502714 1.080056942036369 1.0980612361516089 1.153940669018455 1.169983149550795 1.190288906193444 1.3191824430418497
372 9672 -0.1731925225985348 -0.043206489685441024 0.04823900534261452 0.19149726630902691 0.7631125341465003 0.7861166374418018 0.7944108431974747 0.8221332543152067 0.8565860932004304 0.8773850790696376 0.8935824347164683 0.9265397466384594 0.9544666022724143 0.9833288237215946 0.9959824607294748 1.0157536211083888 1.040276636299637 1.0576357082502714 1.080056942036369 1.0980612361516089 1.153940669018455 1.169983149550795 1.190288906193444 1.3191824430418497
373 9698 -0.1731925225985348 -0.043206489685441024 0.04823900534261452 0.19149726630902691 0.7631125341465003 0.7861166374418018 0.7944108431974747 0.8221332543152067 0.8565860932004304 0.8773850790696376 0.8935824347164683 0.9265397466384594 0.9544666022724143 0.9833288237215946 0.9959824607294748 1.0157536211083888 1.040276636299637 1.0576357082502714 1.080056942036369 1.0980612361516089 1.153940669018455 1.169983149550795 1.190288906193444 1.3191824430418497
374 9724 -0.1731925225985348 -0.043206489685441024 0.04823900534261452 0.19149726630902691 0.7631125341465003 0.7861166374418018 0.7944108431974747 0.8221332543152067 0.8565860932004304 0.8773850790696376 0.8935824347164683 0.9265397466384594 0.9544666022724143 0.9833288237215946 0.9959824607294748 1.0157536211083888 1.040276636299637 1.0576357082502714 1.080056942036369 1.0980612361516089 1.153940669018455 1.169983149550795 1.190288906193444 1.3191824430418497
375 9750 -0.1731925225985348 -0.043206489685441024 0.04823900534261452 0.19149726630902691 0.7631125341465003 0.7861166374418018 0.7944108431974747 0.8221332543152067 0.8565860932004304 0.8773850790696376 0.8935824347164683 0.9265397466384594 0.9544666022724143 0.9833288237215946 0.9959824607294748 1.0157536211083888 1.040276636299637 1.0576357082502714 1.080056942036369 1.0980612361516089 1.153940669018455 1.169983149550795 1.190288906193444 1.3191824430418497
376 9776 -0.1731925225985348 -0.043206489685441024 0.04823900534261452 0.19149726630902691 0.7631125341465003 0.7861166374418018 0.7944108431974747 0.8221332543152067 0.8565860932004304 0.8773850790696376 0.8935824347164683 0.9265397466384594 0.9544666022724143 0.9833288237215946 0.9959824607294748 1.0157536211083888 1.040276636299637 1.0576357082502714 1.080056942036369 1.0980612361516089 1.153940669018455 1.169983149550795 1.190288906193444 1.3191824430418497
377 9802 -0.1731925225985348 -0.043206489685441024 0.04823900534261452 0.19149726630902691 0.7631125341465003 0.7861166374418018 0.7944108431974747 0.8221332543152067 0.8565860932004304 0.8773850790696376 0.8935824347164683 0.9265397466384594 0.9544666022724143 0.9833288237215946 0.9959824607294748 1.0157536211083888 1.040276636299637 1.0576357082502714 1.080056942036369 1.0980612361516089 1.153940669018455 1.169983149550795 1.190288906193444 1.3191824430418497
378 9828 -0.1731925225985348 -0.043206489685441024 0.04823900534261452 0.19149726630902691 0.7631125341465003 0.7861166374418018 0.7944108431974747 0.8221332543152067 0.8565860932004304 0.8773850790696376 0.8935824347164683 0.9265397466384594 0.9544666022724143 0.9833288237215946 0.9959824607294748 1.0157536211083888 1.040276636299637 1.0576357082502714 1.080056942036369 1.0980612361516089 1.153940669018455 1.169983149550795 1.190288906193444 1.3191824430418497
379 9854 -0.1731925225985348 -0.043206489685441024 0.04823900534261452 0.19149726630902691 0.7631125341465003 0.7861166374418018 0.7944108431974747 0.8221332543152067 0.8565860932004304 0.8773850790696376 0.8935824347164683 0.9265397466384594 0.9544666022724143 0.9833288237215946 0.9959824607294748 1.0157536211083888 1.040276636299637 1.0576357082502714 1.080056942036369 1.0980612361516089 1.153940669018455 1.169983149550795 1.190288906193444 1.3191824430418497
380 9880 -0.1731925225985348 -0.043206489685441024 0.04823900534261452 0.19149726630902691 0.7631125341465003 0.7861166374418018 0.7944108431974747 0.8221332543152067 0.8565860932004304 0.8773850790696376 0.8935824347164683 0.9265397466384594 0.9544666022724143 0.9833288237215946 0.9959824607294748 1.0157536211083888 1.040276636299637 1.0576357082502714 1.080056942036369 1.0980612361516089 1.153940669018455 1.169983149550795 1.190288906193444 1.3191824430418497
381 9906 -0.19039444012994908 -0.03326323585242192 0.053106102738095524 0.21381051116450195 0.7756307245060157 0.7937957101675364 0.799138159732257 0.8161373815700184 0.8379781646976675 0.8751784169235469 0.9319767242939192 0.9443457623948762 0.958084790646572 0.967565033919678 0.9940349390512123 1.0294649945321115 1.0365361170973744 1.0626572407500257 1.0809736649568975 1.0975849441468295 1.1472959362465434 1.1599696984894645 1.2001413812559378 1.2861009374212427
382 9932 -0.19039444012994908 -0.03326323585242192 0.053106102738095524 0.21381051116450195 0.7756307245060157 0.7937957101675364 0.799138159732257 0.8161373815700184 0.8379781646976675 0.8751784169235469 0.9319767242939192 0.9443457623948762 0.958084790646572 0.967565033919678 0.9940349390512123 1.0294649945321115 1.0365361170973744 1.0626572407500257 1.0809736649568975 1.0975849441468295 1.1472959362465434 1.1599696984894645 1.2001413812559378 1.2861009374212427
383 9958 -0.19039444012994908 -0.03326323585242192 0.053106102738095524 0.21381051116450195 0.7756307245060157 0.7937957101675364 0.799138159732257 0.8161373815700184 0.8379781646976675 0.8751784169235469 0.9319767242939192 0.9443457623948762 0.958084790646572 0.967565033919678 0.9940349390512123 1.0294649945321115 1.0365361170973744 1.0626572407500257 1.0809736649568975 1.0975849441468295 1.1472959362465434 1.1599696984894645 1.2001413812559378 1.2861009374212427
384 9984 -0.19039444012994908 -0.03326323585242192 0.053106102738095524 0.21381051116450195 0.7756307245060157 0.7937957101675364 0.799138159732257 0.8161373815700184 0.8379781646976675 0.8751784169235469 0.9319767242939192 0.9443457623948762 0.958084790646572 0.967565033919678 0.9940349390512123 1.0294649945321115 1.0365361170973744 1.0626572407500257 1.0809736649568975 1.0975849441468295 1.1472959362465434 1.1599696984894645 1.2001413812559378 1.2861009374212427
385 10010 -0.19039444012994908 -0.03326323585242192 0.053106102738095524 0.21381051116450195 0.7756307245060157 0.7937957101675364 0.799138159732257 0.8161373815700184 0.8379781646976675 0.8751784169235469 0.9319767242939192 0.9443457623948762 0.958084790646572 0.967565033919678 0.9940349390512123 1.0294649945321115 1.0365361170973744 1.0626572407500257 1.0809736649568975 1.0975849441468295 1.1472959362465434 1.1599696984894645 1.2001413812559378 1.2861009374212427
385 10010 -0.19039444012994908 -0.03326323585242192 0.053106102738095524 0.21381051116450195 0.7756307245060157 0.7937957101675364 0.799138159732257 0.8161373815700184 0.8379781646976675 0.8751784169235469 0.9319767242939192 0.9443457623948762 0.958084790646572 0.967565033919678 0.9940349390512123 1.0294649945321115 1.0365361170973744 1.0626572407500257 1.0809736649568975 1.0975849441468295 1.1472959362465434 1.1599696984894645 1.2001413812559378 1.2861009374212427
