% # columns="iteration, evaluation, sigma, max axis length,  min axis length, all principal axes lengths  (sorted square roots of eigenvalues of C)", seed=543080, Thu Feb 19 13:12:57 2026
1 36 9.38004606853229 1.0000495012251451 1.0 1.0 1.000000500000125 1.0000010000005 1.0000015000011249 1.000002000002 1.000002500003125 1.0000030000045 1.000003500006125 1.0000040000080002 1.000004500010125 1.0000050000125 1.0000055000151251 1.000006000018 1.0000065000211251 1.0000070000245 1.000007500028125 1.0000080000320002 1.0000085000361252 1.0000090000405002 1.0000095000451252 1.00001000005 1.0000105000551252 1.0000110000605003 1.0000115000661254 1.0000120000720003 1.0000125000781253 1.0000130000845002 1.0000135000911254 1.0000140000980005 1.0000145001051255 1.0000150001125006 1.0000155001201256 1.0000160001280007 1.0000165001361256 1.0000170001445008 1.000017500153126 1.000018000162001 1.0000185001711261 1.0000190001805012 1.0000195001901262 1.0000200002000015 1.0000205002101263 1.0000210002205014 1.0000215002311266 1.0000220002420017 1.000022500253127 1.000023000264502 1.000023500276127 1.0000240002880023 1.0000245003001276 1.0000250003125026 1.0000255003251277 1.000026000338003 1.0000265003511282 1.0000270003645033 1.0000275003781285 1.0000280003920037 1.000028500406129 1.0000290004205041 1.0000295004351292 1.0000300004500045 1.0000305004651298 1.0000310004805049 1.0000315004961302 1.0000320005120056 1.0000325005281308 1.000033000544506 1.0000335005611314 1.0000340005780066 1.0000345005951319 1.0000350006125072 1.0000355006301325 1.0000360006480078 1.0000365006661331 1.0000370006845083 1.0000375007031337 1.000038000722009 1.0000385007411345 1.0000390007605098 1.0000395007801353 1.0000400008000108 1.000040500820136 1.0000410008405114 1.000041500861137 1.0000420008820123 1.0000425009031377 1.0000430009245134 1.0000435009461386 1.0000440009680143 1.0000445009901395 1.0000450010125153 1.0000455010351408 1.000046001058016 1.0000465010811417 1.0000470011045173 1.000047501128143 1.0000480011520185 1.000048501176144 1.0000490012005196 1.0000495012251451
2 72 9.024810656917168 1.0198106432809129 0.9882286313364615 0.9882286313364615 0.9908919653629352 0.991431022890964 0.9920524803182438 0.992166058117224 0.992781838391381 0.9948544513940556 0.994941762573554 0.9951992174552018 0.995383076977472 0.9965550035330863 0.9970790339822732 0.997335361495388 0.9981112020003176 0.9984030283684647 0.9988510303927579 0.9993144814443932 0.9997804789822395 1.0000041960018469 1.0000045307858236 1.0000058768071323 1.0000071897750942 1.0000079467340022 1.000008125959196 1.0000091259923978 1.0000095507479425 1.000010660319177 1.0000113955784051 1.0000114550361394 1.000012213088237 1.0000130377548913 1.0000140080919129 1.0000143421753789 1.0000149684168351 1.0000153966678371 1.0000158068105287 1.0000167986520998 1.0000173039057432 1.0000173894780235 1.0000182970060294 1.0000189937858488 1.0000197673296787 1.0000206337816295 1.000021269642756 1.0000224312262278 1.0000227225051561 1.0000230358587534 1.0000230597379975 1.0000245396714007 1.0000249379475077 1.0000251390981665 1.0000265618688282 1.00002681128891 1.0000271378576855 1.000027462968034 1.000027962737591 1.0000287089604964 1.0000291108001458 1.0000304188169749 1.0000308782399565 1.0000315905872463 1.0000325032150519 1.0000327553890485 1.0000335480632576 1.0000338499290051 1.0000339845008843 1.0000345507699133 1.0000348447671068 1.000035769662155 1.0000365585041278 1.000037350019465 1.000038549751663 1.000038898486431 1.0000394957929801 1.0000399031499065 1.0000412561658152 1.0000413973084856 1.000042692987014 1.0000428294711532 1.0000431979302318 1.0000444110929907 1.000044989298526 1.0001117354705122 1.0002737469396907 1.000432338371035 1.0006127305294032 1.001151283733319 1.001299171183084 1.0016799449417766 1.0019080958504465 1.0022176262088316 1.0028438648042992 1.0034114340397287 1.0042715635979866 1.0056632514472748 1.0064591329669288 1.00740719941319 1.0089436812757626 1.0124316427037323 1.0198106432809129
3 108 8.774122213060759 1.0207157119189927 0.9867817443265445 0.9867817443265445 0.9877199114784307 0.989440753252465 0.9897869461035345 0.9903845485394341 0.9910661271962626 0.9917049835124159 0.992267278592763 0.9928840384823019 0.9933740014832129 0.9936241200130267 0.9940066256367049 0.99439422908293 0.9945402457558036 0.9953308909542614 0.9955459404338065 0.996310010947534 0.9965599377418649 0.9966916690354921 0.9968310660386779 0.9972738378484328 0.9974163184078219 0.9975855407522304 0.9981804138888882 0.9982766945793248 0.9985831928488426 0.9986218482108217 0.9986706369609532 0.9987795661061166 0.9990961764021258 0.9993055711599499 0.9995220133584344 0.9996212316155844 0.9996947617337267 0.9998785682572091 0.9998988251760258 1.0000112959322434 1.0000123271090378 1.000014409220686 1.000015937500725 1.0000163401338535 1.000016729697483 1.0000173536966743 1.0000179477498485 1.0000201915834392 1.0000213035688525 1.0000216816281748 1.0000230589697074 1.0000238638257581 1.0000244362845558 1.000025164131715 1.0000263269005452 1.0000270975614391 1.0000278705479546 1.0000289517724947 1.000029308403868 1.0000299110754856 1.0000315654090288 1.0000325007350934 1.0000338272034481 1.0000349535922681 1.0000355381153692 1.0000371097463512 1.0000400415829849 1.0000803521536625 1.0000913820816493 1.0001248397850004 1.000158591022884 1.0001936352401202 1.0002276624114488 1.0003052235477319 1.0003564837038654 1.0004983796478708 1.00060674737597 1.0006851872418379 1.0007800220176943 1.00093075711174 1.00106368484968 1.0012355784240166 1.001445382195242 1.0015930516908802 1.0018179775529 1.00197763177379 1.0021526399724594 1.0024592380014095 1.0027134054588316 1.0029465256701058 1.0038103052597582 1.0041230210855951 1.0046412404603156 1.0052773974504798 1.0054987899861 1.0062264771458598 1.0074125238454563 1.0080275863999064 1.0102707476949613 1.0116111600688316 1.0133420892336649 1.015564475278369 1.0207157119189927
4 144 8.617797042840156 1.0227119500126245 0.9853176466033486 0.9853176466033486 0.9857748809732553 0.9870773050643408 0.9879044825832413 0.9884914346034998 0.9890489051944519 0.9899377856524094 0.9905103235839732 0.9910243185341048 0.9915202181985979 0.9918464640940197 0.9922746867900514 0.9927466060591764 0.9931958284379053 0.9935956415029883 0.9936870374834802 0.9945107905242296 0.9947846119973726 0.9950540444467134 0.995446932276206 0.9956618760118691 0.9960014765830226 0.9962670311591203 0.9966083250437856 0.9968480925024553 0.9969814237240286 0.997132622270605 0.9973767335109904 0.9977713936743489 0.9979217945887473 0.9980130249120311 0.9980791136689378 0.9982562946832372 0.9985439782839998 0.9986820240405114 0.9987381608809912 0.9988736810279955 0.999153604391304 0.9992444442572156 0.9993779614942915 0.9994745938217908 0.9995928987472679 0.9996218184000789 0.9996902127001299 0.9997673283283274 0.9997951757598522 0.9998546293022662 0.9998760680662332 0.9999224499803728 0.9999896914382733 1.0000067933014694 1.0000206647436507 1.0000275916633234 1.0000339089790298 1.0000507207219378 1.0000628145198418 1.0000937921688806 1.000109160898593 1.0001500648297028 1.0001816128762073 1.0002520095508527 1.0003023023351991 1.000366813040167 1.000412216603482 1.0004171227542473 1.0004802442574972 1.000578978788609 1.0006105429700407 1.0007979351425242 1.0008550301259556 1.001086780894964 1.001167644513576 1.0012188768958525 1.0015099348269778 1.001625338243619 1.00178091645184 1.001934426379006 1.00197411729156 1.0022232857083395 1.0022669446173973 1.0024713085749064 1.002657447972042 1.0030791297466957 1.0034532877845381 1.0038207988333439 1.0044902626198313 1.0049248896642695 1.0053458734040412 1.006223574104867 1.006502493398197 1.0072410658544095 1.0081346226458234 1.008524472952514 1.0095761777129666 1.011175158898613 1.012380780961282 1.012765391027846 1.0138663464660225 1.0177328938435086 1.0227119500126245
5 180 8.535658590211874 1.0233134519685765 0.9838591760280532 0.9838591760280532 0.9838675329935015 0.9854061133787072 0.9860361817451186 0.9870806179602213 0.9872818908081474 0.9879966263118791 0.9894640637382829 0.9896693964408307 0.9902540151827556 0.9909768373429075 0.9910653780679761 0.9918056391063458 0.9920521942151131 0.9922563316519493 0.992621233745068 0.9931428239128679 0.9933994420257398 0.9934714791543566 0.9940164031186408 0.9944300039896851 0.9949082985633511 0.9949815974838085 0.9955022990725022 0.9956754497573487 0.9959401964941523 0.9961934381110185 0.9964522109349617 0.9966769449377912 0.9967631932923436 0.9972283076030694 0.9972948195446252 0.997441229361794 0.9975234081162997 0.9977118206334631 0.9978958594310574 0.9979613227058987 0.9980687644847495 0.9983327745325783 0.9986612691641646 0.9987818994222404 0.9989934007419916 0.9990688794922425 0.9991459670754843 0.9992216257104546 0.9992898342812753 0.9994620043358579 0.9995904629973409 0.9996949983216987 0.999732455471497 0.9997875741678056 0.9998744067311344 0.9999182939649335 1.0000140753833713 1.0000529983929105 1.0000794151490868 1.0000849243583905 1.0002049458588387 1.0002704418022192 1.0003609087449299 1.0003936703525693 1.0004713480172271 1.0005766571681862 1.0006218453000504 1.000740614911449 1.0008854727803 1.0010571419325347 1.0012136150982545 1.0012505796283095 1.0014340637099457 1.0015942340829813 1.001686459474314 1.0019134816787854 1.0022360378714585 1.002371333738841 1.0025930706211226 1.0026057711470553 1.0027531855833778 1.0030954770485123 1.0033170466137555 1.0036041274709788 1.0040042558861102 1.0045096297829468 1.0046687209691785 1.0051212238961473 1.006230138425114 1.0063945716379583 1.0070661104084182 1.0071684245408423 1.0075975819862555 1.008514964637996 1.0087775697457009 1.010650762443459 1.0107866504981438 1.0118726842620296 1.0127231492854054 1.013959784034283 1.0146043931296644 1.0183042064911834 1.0233134519685765
6 216 8.54996759051733 1.0247810277410985 0.9820873399146701 0.9820873399146701 0.9830075026532101 0.9842429699899496 0.9850941177348643 0.9856319155229727 0.9865849989531873 0.9869126675433977 0.9873527442099622 0.9875978968049747 0.9884616922958068 0.9892869935690451 0.9895370036904416 0.9904970839729955 0.9907938211329101 0.991401492186337 0.9916819476015464 0.99202659629431 0.9925371507698415 0.9928666558635945 0.9932433835133272 0.9935683084244746 0.9938615644378919 0.9940557182244792 0.994416114915851 0.9949234105807863 0.9950531577808636 0.9952388453990448 0.9955986387541912 0.995843777719735 0.9960589689131987 0.9963498908027091 0.9967412629198148 0.9967937704980697 0.9971174133626581 0.9972182787300201 0.9974267517325198 0.9975016999281509 0.9975276059322727 0.9979090151608616 0.9980788660174221 0.9981341592551567 0.9985103225010419 0.9986394380812016 0.99881976782265 0.998896500434089 0.9989276158906596 0.9990483525091925 0.9992151134997708 0.9993464914741184 0.999554530330228 0.9995812657422829 0.9996303304714451 0.9997851166395351 0.9998752038208593 1.0000501348758597 1.0000954400404338 1.0001088750498273 1.000190568937198 1.0003519266612204 1.0003745885689308 1.0005501481557395 1.0006780825125432 1.0007616699256103 1.0008260112975333 1.0010431692232225 1.0011464522914644 1.0013305639658685 1.0015250492840022 1.0017129593669931 1.001724673624639 1.0017535227002583 1.0022899189370043 1.0025251833350264 1.0026443943136403 1.0030586269375001 1.0031502886896582 1.003435394572682 1.00367156888523 1.004239971583259 1.0048377636777615 1.005026218578971 1.00520247312099 1.005667705818844 1.0059243177125907 1.0061075108936877 1.00683537072328 1.0071948115844152 1.0074891400937458 1.0087957337341584 1.0088615698015626 1.0098294078255123 1.0101287169117363 1.010555948285801 1.0113424284552488 1.0127229843383971 1.0140516365341836 1.0146947612606945 1.0171182837219124 1.0195734179258729 1.0247810277410985
7 252 8.543298252273573 1.0283505468442637 0.980506406235404 0.980506406235404 0.9816699453859103 0.9833865943689568 0.9839513774491998 0.9845643539192095 0.9848601798104695 0.9857953185869341 0.9866006001997991 0.9870273583895556 0.9875244586424231 0.9880829502944136 0.9890694730172359 0.9892516552051072 0.9897149941892786 0.989918536224783 0.9903415086051638 0.9906281523886988 0.9909352128216454 0.991478999493403 0.992205968267306 0.9925813978726589 0.9926387090624328 0.9930296311392028 0.9931076023763508 0.9935958722658081 0.9943286183427016 0.9945662652742533 0.9946785643405718 0.9948208545389449 0.9953019939813476 0.9955311198898681 0.9957117122333526 0.9960418943925843 0.9962397813552566 0.9967365290544921 0.9969133656239676 0.9971376937627036 0.9972252818432848 0.9973033482212813 0.9975771247181702 0.9977511476664012 0.998125481629189 0.9982309081027615 0.9984035123585318 0.9984586328697818 0.998662193953525 0.9988667022587879 0.998902760237846 0.9990581664691949 0.9992768902333004 0.9993200020138493 0.9995100502386273 0.9996508219297545 0.9997990351620558 0.9999418939726963 0.9999938887431613 1.0001751469070805 1.000266830113627 1.000291399702743 1.0005952374471594 1.000729507310043 1.000797986785384 1.000830201815606 1.0011141923368156 1.0013417401022735 1.0014693775300438 1.0016055423218582 1.00186272701192 1.0019998542104558 1.0023909436122123 1.0024671058162788 1.0028084910691357 1.0028366731679714 1.0034114729284271 1.0037799286753801 1.0040317477625662 1.0043719718439006 1.0047563788803535 1.0049907355662209 1.0051670428558652 1.0052798714114364 1.0059306600799742 1.0061676159708834 1.0068028517540129 1.0068927379393757 1.0074630846492034 1.0079765709327348 1.0086105939110879 1.0091992987323586 1.0097071783669191 1.010155845683224 1.011051838040437 1.0119329084626485 1.0132797309129942 1.0140990244544874 1.0156590917818875 1.0157981781352166 1.0178671760551072 1.0217564812281603 1.0283505468442637
8 288 8.582049287838416 1.0314384705693276 0.9790351457773632 0.9790351457773632 0.9808221473857168 0.9816632655807638 0.9826246474229794 0.9828778324863228 0.9842318708571954 0.984939306104024 0.9856161454704819 0.9857573059618835 0.986655500406226 0.9871576440549907 0.9878427582279814 0.988072045894661 0.9885545020497961 0.9890198929729379 0.9896620590330233 0.9897215275666595 0.9902767952310603 0.990732627422312 0.9912388818628118 0.9915094079454396 0.9918234962968302 0.9920027574728565 0.9925298311335764 0.9928082067067365 0.9931429901542548 0.993633704297102 0.9938475149186788 0.9945538945744399 0.9947964906807205 0.9949479852616527 0.9951815889664618 0.995532670018071 0.9956169386849039 0.9956967974322197 0.996105229936257 0.9963914312826935 0.9966940318882779 0.9969048599168937 0.9970293598611046 0.9971407948932997 0.997366926507418 0.9976105684306784 0.997733376215073 0.9979619694490035 0.9981059495407857 0.9985519827867035 0.99869359939037 0.9989191338807492 0.999123078478264 0.9992664232456608 0.999387354029955 0.9994894203775473 0.9998081363634491 0.9998975261841581 1.0001117703130242 1.0002285735880474 1.0003044951805145 1.0005873172245108 1.0007533410488516 1.0009454570835457 1.0011785736490346 1.001259390592547 1.0012995393296473 1.0015727272317159 1.001835724162637 1.0020190757742822 1.002309283460655 1.0027562365993563 1.00288786804091 1.0029440907531526 1.0032051882862243 1.0038307001739752 1.0038377730990065 1.0040325154383416 1.0044999168787097 1.0048468013470184 1.0051963725284332 1.0053391439697172 1.0056953964834978 1.0061471102153032 1.006300436113906 1.0068796188503653 1.007353886898831 1.0077470319420936 1.0085345252097229 1.0088968660288327 1.0091376536319874 1.0100749351185723 1.0104844915146254 1.0111643197827254 1.0123113512149495 1.013456893542777 1.0138392550766075 1.014316541383613 1.0160860965197183 1.016298086734149 1.0197713309100973 1.02247798920149 1.0314384705693276
9 324 8.628758865055083 1.035844401335788 0.9780607810513077 0.9780607810513077 0.9791434784650993 0.9800076538021035 0.9811188719840538 0.9814527520679236 0.983039348501207 0.9835836134620122 0.9840524572378696 0.9852861714725032 0.9853928004591762 0.986401356717435 0.9871089816987721 0.9874490993405888 0.987584674489123 0.9882125926150648 0.9887906416176829 0.989138818328136 0.9896677157613966 0.9897688357965961 0.9898842697600654 0.9904514796589647 0.9910660144591185 0.991466122767649 0.9917870668645498 0.9918342290740618 0.9925582050429429 0.9931703687411157 0.9932144267608978 0.9936299959714817 0.9938563610291749 0.9942835991574511 0.9945784273592599 0.994932659553486 0.9950861677238542 0.995497768408295 0.9955908534637153 0.9959178374422769 0.9960189116709929 0.9961860182562905 0.9964483167043813 0.9967923588795469 0.9969708492076816 0.997146541799724 0.9973361022116385 0.9976243142000314 0.9980015993738547 0.9980456949172757 0.998454339349169 0.9988104382278903 0.9990488704638117 0.9991066126525284 0.9993321922980499 0.9994499654917147 0.9997556710433301 0.9999755012357957 1.0001913717047957 1.0002732814332966 1.000542125355886 1.0006305960955115 1.0008864131941901 1.0011638585586051 1.0012911051838431 1.0013930877012998 1.0015168540944535 1.0017984676900074 1.0020087342470938 1.002298012450928 1.002609008390161 1.002881916832029 1.0031910883787052 1.0036163339492268 1.0040011505644526 1.0041048082715267 1.004311360964707 1.0046185192400585 1.0049518436543645 1.0053332356463174 1.0057322021205677 1.0062447616093966 1.0065088375133617 1.0070536878336647 1.0072992680154766 1.0073891089223603 1.0079506441360433 1.008527726732012 1.0089946194983737 1.009749759204561 1.0102623193185973 1.0109554944926746 1.01147527953608 1.012798484406056 1.0135703196403227 1.0140299037043536 1.0144273026432051 1.0151170787901242 1.0167956536581721 1.019638859104983 1.0211161352854061 1.0230625591321376 1.035844401335788
10 360 8.755974528292962 1.0418455222156644 0.9771471807014352 0.9771471807014352 0.9775360781910359 0.9788484623596679 0.9801602512133228 0.9808813470913013 0.9820762977422842 0.9823030300669893 0.9826287460047649 0.9839490545999684 0.985023653299797 0.9853795574310357 0.9858384714398304 0.98644679368252 0.9867804672714523 0.9874193742915646 0.9878835664649432 0.9886621154691074 0.9887199311879405 0.9890704130480474 0.9893343718766263 0.9901719612411166 0.9905651539075807 0.9908978031902602 0.9912398028707088 0.9913373181253758 0.9922836203436352 0.9924561952790241 0.9928808543402071 0.9930223451477622 0.9931032792504249 0.9935626077520948 0.9938822231598852 0.9940393822397599 0.994658484160834 0.9948014984969653 0.994870364560352 0.9953419716433183 0.9954718681824235 0.9958343186166674 0.9959852791266065 0.9962889867347003 0.9965630213964621 0.9968713743198107 0.9969226299974129 0.9972863498362385 0.9976521551324526 0.9977812494319563 0.9979755053945046 0.9981168708224669 0.9984582648102073 0.9988633644601712 0.9989703895747494 0.9991422364343095 0.999468317828429 0.9997427389431681 1.0000648419108835 1.00027275029511 1.0003451628319415 1.0005998565047103 1.0009481814074188 1.0010202489027311 1.001285296240217 1.0014014845237185 1.0017121750244298 1.0018215310960898 1.0020986577488114 1.0026109677026853 1.0027942408207131 1.0034356344149056 1.003579617620212 1.0036401280140113 1.0039902721158473 1.0043446959328395 1.0047229820328436 1.005306119273492 1.005464771479436 1.0056005460563975 1.0058572650254671 1.006249951506154 1.006655131169969 1.007027324532417 1.0074893449682956 1.0080621188326253 1.0087112210723355 1.0094900693128543 1.0099551507353333 1.0102822097729554 1.0114004638609466 1.0116005751211898 1.0130677514033732 1.0136687607460202 1.0145598654795565 1.0148140647992878 1.0163273041733538 1.0172429594948011 1.0180449508799851 1.0206826839299046 1.0213763016473585 1.0238203747838466 1.0418455222156644
11 396 8.8690528163916 1.0495668687542448 0.9753929083016711 0.9753929083016711 0.9766621975934829 0.9781442118820964 0.9782125372440901 0.9795718543384699 0.9808660398963142 0.9812672572590629 0.9822482434609383 0.9826109154507837 0.9835924943006391 0.9842918550789853 0.9850922877653032 0.985547613153691 0.9862277956824018 0.9862509659130414 0.9871806671878828 0.9874868158194758 0.98824194183911 0.9885561943287545 0.9886669772579375 0.9893157667549127 0.9895779066320778 0.9898857349451692 0.9906066135454406 0.991045798680802 0.9912887993418406 0.9916753462695227 0.9920291306252804 0.9925053294943061 0.992962438983039 0.9930605177988482 0.9933340702309695 0.9934845946453457 0.9940988261664152 0.9942408503775674 0.9947946438396877 0.9949587369671626 0.9952217604114209 0.9955491169038657 0.9959484227781461 0.9961414558598616 0.9963386625519985 0.9967282567401721 0.997095472509059 0.9974058047760626 0.9975407212105013 0.9976774283134069 0.9977087168590052 0.9981734575288403 0.9986313315991111 0.9988329799222108 0.9990092063057688 0.9991200343457783 0.9993441606174581 0.9994036187213324 0.9997346926916314 1.0000583917713664 1.0003779455458877 1.000483591891962 1.0008326893567185 1.0012312430550914 1.001294898476304 1.0015875833028869 1.0019348329113698 1.0020598690807192 1.0022306602178126 1.0026031977543062 1.0032482421165803 1.0033002908442716 1.0034769987469903 1.00376145095549 1.0039064144347674 1.0044091426127246 1.0049775556819507 1.0054149907151368 1.0057814183339848 1.0060505283706291 1.0064218993169964 1.0070723889044195 1.0074060299971164 1.0077633661956644 1.0081869757329456 1.0088745699841672 1.0093117015471202 1.0101995156893198 1.010447025291386 1.0105969924350267 1.0114388701839265 1.012710205699799 1.0135542154327368 1.0140431055036145 1.0144932688734087 1.016009330566329 1.016870590538969 1.0173222443144496 1.0205047482249245 1.0213358538650423 1.0222199218169006 1.0242348862772215 1.0495668687542448
12 432 9.007754633790716 1.057413155443951 0.9742132546628809 0.9742132546628809 0.9761808502259386 0.9765020931071645 0.9771151130569172 0.978338393857267 0.9792143224638673 0.9799145796333635 0.9814018074293508 0.981582878781292 0.9826480509676528 0.9840928817612987 0.9841128666177944 0.9849152486564416 0.9850173685322327 0.9859753299487901 0.9863032971009669 0.9867193769034112 0.9873603841961647 0.9877207000022165 0.9882238935974986 0.9887829656070591 0.9888605760742168 0.9892035965364375 0.9896033006319871 0.9902997104918008 0.9907833080794302 0.9911991907455984 0.9912626526819218 0.9915499359330694 0.9918866714371435 0.9923469717571319 0.9925407438641042 0.9931013959438081 0.9936420414779102 0.9939442984513938 0.9944148556391673 0.9948065752258325 0.9948442903612574 0.9952128018890171 0.9953561768755281 0.9957344877312234 0.9961381433756564 0.9964661327530234 0.9968296969479835 0.9971475030082249 0.9972575411506072 0.9974251857664984 0.9975181605695845 0.9978609984472185 0.9982684453048365 0.9986704443331321 0.9988383469383851 0.9992563369043388 0.999564306707643 0.9996704707056739 0.9998756996664213 1.0002058830980847 1.000682752736137 1.0007098187703158 1.0011512735742076 1.0014299879954398 1.0016295694497672 1.0018945172607878 1.0022010743146028 1.0023410772297372 1.002634802357869 1.0028401161328135 1.0030167740788543 1.00327999890314 1.0036841318539855 1.0039903632289118 1.0044255122428065 1.0047645620894434 1.0052338980106104 1.0053830458614763 1.0057803364000772 1.0066574144883658 1.0068646959617091 1.0075181177223957 1.0075618333667238 1.0086683266880327 1.0089007047441114 1.0091117996977645 1.0099125401580777 1.0106016067917158 1.0107893720946166 1.0112649836365497 1.011760746666325 1.012747895697679 1.0136957530624224 1.014582543287421 1.0150422910658194 1.01664169406669 1.0174196873600165 1.0187738433129412 1.0198891929224683 1.0220119895189879 1.0239852982944515 1.0253549289135069 1.057413155443951
13 468 9.157888949847335 1.064203754044395 0.9740672840844152 0.9740672840844152 0.9749832842304722 0.9754490269013495 0.9765341758892938 0.9778280698889703 0.9783295478776463 0.9796171167059968 0.9806342704434983 0.9811437190588548 0.9815589481838606 0.9818012740551343 0.9834558944535198 0.9840548192672847 0.9842004348139332 0.9853862915537864 0.9855633240789959 0.9860314265114218 0.9867120516107954 0.9871818975954774 0.9878207690606041 0.9880833309381993 0.988419073725185 0.9887709810651996 0.9896710807917779 0.9899898704800268 0.9902542769888433 0.9908041549700407 0.9912327719810416 0.9918080562797816 0.991950625243628 0.9921260212034885 0.9925099272943111 0.9925807181622449 0.9928357290863647 0.9930309746505762 0.9940996778457026 0.9944755729439776 0.9948362599452001 0.9949131282699399 0.9950522306042032 0.9954378341388882 0.9956894423565951 0.9959236450669913 0.9963528212476933 0.9965826211958467 0.996987423591201 0.9971799925941697 0.9974900829475323 0.9981176046362517 0.9983351647566404 0.9985210325688065 0.9989950081267012 0.9991729299816693 0.9993022235269596 0.9998581485093563 1.0000216855290187 1.0001680578153085 1.000452192314967 1.0005144151638454 1.000904261397514 1.0010704450082213 1.0013084961632999 1.001815720409217 1.0020160759315762 1.0022452406218294 1.0025399193800157 1.0029661409078876 1.0032725363753567 1.0035305986704022 1.0037986850439253 1.0044182563095876 1.0046326733201707 1.0051990174613006 1.0056152324757182 1.0059634766380916 1.0062374017791482 1.006515826663148 1.0069960021382967 1.0081220538427036 1.0087098060316995 1.008855693506916 1.0095539867329104 1.0103259759596541 1.0109665479782362 1.0112058012816911 1.0114814009819373 1.0117906798552465 1.0134574834579786 1.0136785794128214 1.0142923009449838 1.01532779551357 1.0155593780826955 1.01700987873024 1.0181522272305497 1.0187088272493021 1.0202119559687302 1.0231319465942479 1.025380847303586 1.0269391237256957 1.064203754044395
14 504 9.368818893612985 1.071920797329595 0.9717056046311113 0.9717056046311113 0.9735763193877565 0.9747927578824879 0.9756932870897211 0.9763974408772875 0.9771044865803498 0.978229814278726 0.9794790075474608 0.9802683794523969 0.9808269449021856 0.9810635695673706 0.9833177114603814 0.9834737157338032 0.9838743912174903 0.984614628411352 0.985121213193141 0.9852403635511577 0.986212632875878 0.9866361524491117 0.9874060283272231 0.9874525718847 0.9879368022443893 0.9882057562992101 0.9886359232524667 0.9892161263402004 0.989685435168753 0.9902582542341463 0.990513752787519 0.9909570367741563 0.9913587819160115 0.9917933147909219 0.9919795878849021 0.9922813312716371 0.992420786537077 0.9925554797752147 0.9935828762443883 0.9939624773829028 0.9945276403896558 0.9946205840238852 0.9948908840447763 0.9951852342294852 0.995282654225227 0.9954355018900074 0.9959569335985867 0.9964680757869773 0.9967319835062195 0.9969581384582817 0.9974902954997792 0.997561518611214 0.9978480653415857 0.9982165796196634 0.9988764552961901 0.9991533792352864 0.9994260527887193 0.9996425842677082 0.9997324635858146 1.000094382404409 1.0002465159989118 1.0005522244084197 1.0009882047332057 1.0011498214009218 1.0017859770568953 1.0018941143030033 1.0019846801130117 1.002470778312236 1.0030512064011285 1.0034064974751762 1.003773554929406 1.0040788349094993 1.0046574132906794 1.0048109683709174 1.0051211695577862 1.0054963354403574 1.006167101946503 1.0066426811024114 1.0068804515367482 1.0075429909143396 1.0079444650167764 1.00812058960729 1.008697965900439 1.0094434736274875 1.0095551633982478 1.010594960139061 1.0110910075825514 1.0114946660586477 1.0120261058415747 1.013035064283294 1.0133839591189908 1.0147091238359163 1.0154528560767142 1.0156580708503398 1.0170212737989297 1.0172970077111156 1.0184875159223021 1.0192694331003784 1.020419599285612 1.0234731662158225 1.0251942099023352 1.0284113049091088 1.071920797329595
15 540 9.589919415534347 1.0805305138117758 0.9703203370179622 0.9703203370179622 0.9726308955110596 0.9741762539966786 0.9749643128843584 0.9759267704893372 0.9766518946676153 0.9778768662005553 0.9785782799528329 0.9791289686007961 0.9797208167319741 0.9804837239835866 0.9822027785636609 0.9826151617459327 0.9831025024574692 0.983336825187878 0.984851457669781 0.9851044287635127 0.9854169739831757 0.9858290757255952 0.9862423269887404 0.9869225637106119 0.9873281264727903 0.9880441172205731 0.9883457144218788 0.9887572780888153 0.988921149966125 0.989954650697495 0.9902195892810204 0.9905821422583144 0.9907345619215223 0.991036833483509 0.9911180503468232 0.9915252335997315 0.9919201186003821 0.9920539139010378 0.993135158653739 0.9934174913120283 0.9937145705307187 0.9941590878170633 0.9943781938556147 0.9947578450977104 0.9948762038867056 0.9952983632214868 0.9957521303859632 0.9961719884715433 0.9965227242085738 0.9967220212623974 0.9973229107734569 0.9975017861114504 0.9976712668757215 0.998194435459997 0.9986038909205667 0.9991040358651279 0.9993751970187039 0.9995868481330434 0.9997331018565783 0.9998261513389912 1.0002774993720123 1.0006993840725191 1.0009291874561035 1.0011549265961264 1.001548188204322 1.0018104741576237 1.0024846964707155 1.0027349685522684 1.0031554317517706 1.0035439174989982 1.0037224466388164 1.0037728831921633 1.0042839449616 1.0048122006932896 1.0052534553394752 1.0056228324110779 1.0065806498189105 1.006845969694722 1.0073258142894417 1.0075466637070638 1.008094624897201 1.0086202459899622 1.0090288389335964 1.00962671111712 1.0102061237545559 1.0106093436336427 1.0114059204749712 1.0115878070639117 1.0118638774906077 1.013349566014588 1.0137028679285989 1.015134728511244 1.0152170560356621 1.0166672452653158 1.0172940254361977 1.0179875162530136 1.0198257998010816 1.020189481751052 1.0210761519468687 1.0239218814454267 1.0267561826886358 1.0298762892049846 1.0805305138117758
16 576 9.794889708118106 1.089888987769607 0.9699221748347459 0.9699221748347459 0.9721843589784255 0.97335337484063 0.9744004072441003 0.9751895225334323 0.975606607904123 0.9764099336043351 0.9774956284798223 0.9781641989934818 0.9794287602487017 0.9801645201184247 0.9815916433063402 0.9822529786987466 0.9823848173367032 0.982881486166259 0.9837230590788066 0.98428917070063 0.9846189288014523 0.985539491123662 0.986307498129095 0.9866586016350771 0.9871232137365734 0.9872411484914141 0.9874848045003696 0.9879585046828298 0.9882823143908097 0.9890153323490346 0.9894604561334949 0.9899647992318958 0.9901500483214098 0.9907917847095767 0.991315958237361 0.991650722933863 0.991844413948086 0.9920905087981639 0.9929254019127053 0.9930876750331772 0.9933839483938735 0.9938578085469486 0.9941373324990382 0.9943889016649536 0.9947989990757004 0.9949155147426297 0.9952382778012941 0.995782240491479 0.9960445723540777 0.9962784016038845 0.9968659139129235 0.9969716060368042 0.9973692746585443 0.9980142552195803 0.9982112503050065 0.9984301445640563 0.9990454464113351 0.9990792772937322 0.9996122359738834 0.9998038276011708 1.00006910458358 1.0005110263548325 1.001052966347308 1.001443049137159 1.0018589504206812 1.0021611682944551 1.0027162402958494 1.0028142202399573 1.0029943421797078 1.003213412907967 1.0035157723861223 1.0044297605396983 1.0047432560760512 1.005041889225112 1.0058173009138813 1.0062223705506745 1.0066157536895242 1.0067071100405087 1.0069670393869428 1.00815243485242 1.0083371978467863 1.0087410298364252 1.0094784613767938 1.0097713425958814 1.0102344719059162 1.0105654312055712 1.0111924495176468 1.0117494706050623 1.0129083597953867 1.013431236708495 1.0139997390771924 1.0146840355074331 1.016006789254922 1.016457435739171 1.017199147790435 1.0188236088912024 1.019673870253763 1.0204801787506357 1.0210155384888855 1.0258156270606527 1.027660580421639 1.029862226211142 1.089888987769607
17 612 10.045315080747004 1.0993543229335467 0.9693433039737803 0.9693433039737803 0.970741421395292 0.9723275713749717 0.9738465291416124 0.9743999528376938 0.9752502307954537 0.975447385048101 0.9769174356988457 0.9775624842035381 0.9781835773407799 0.9788674378448075 0.9807463658151783 0.9814945087940479 0.981948455744087 0.9823192209790712 0.9827191566072082 0.9838271212890843 0.9842327760292531 0.984641053633891 0.9856336473289862 0.986019499002954 0.9861536692084792 0.9867219105850332 0.9867679606804864 0.9874228083467776 0.9880307385660886 0.98825755782999 0.9887983256142029 0.9893672282699384 0.9898560748269325 0.990478059130198 0.9905317280460557 0.9911331519476522 0.991283659630511 0.9919302910544974 0.9921653161764765 0.9926346282034303 0.9931813627128492 0.99338313156905 0.9938332105056168 0.9940049590495347 0.9944360821781502 0.9948995111801195 0.9952850720117521 0.9956445389332292 0.9958253498299062 0.9961964712021039 0.9965126313077184 0.996691449703245 0.9969993635452857 0.9974422876857401 0.9977193600894158 0.9982882163396234 0.998959092810789 0.9991270149946556 0.999409353896188 0.9998919974767014 1.0002521387383243 1.0006929502561681 1.001016115664305 1.0014661568452468 1.0020274294621045 1.0022167794429426 1.002367857109408 1.0023873577458133 1.0031834325623703 1.0036290602054707 1.0042453427293103 1.0047052278860737 1.0050914039773622 1.0052173605108512 1.00595260734292 1.0066157777793423 1.0069974031765816 1.0072175144032756 1.0077966980929354 1.008463486720919 1.0087080145383913 1.0094437656249802 1.0098480650522292 1.0099202155100226 1.0105583615435565 1.010950064761 1.0117793453819004 1.01198380816663 1.0134846954770729 1.0138508139109745 1.0145503333485693 1.0154306425392887 1.0165988383046818 1.016871325079299 1.0175757489417743 1.0196323793638384 1.020330262106267 1.0212301510228055 1.0216023501302993 1.0255991024028652 1.0281316738176027 1.030250183823537 1.0993543229335467
18 648 10.359283355624491 1.109181798525756 0.9683876438380293 0.9683876438380293 0.969712742366084 0.9712273621672285 0.9727557895763205 0.9737561028079061 0.9741916674668398 0.9750342810478397 0.9760475080761563 0.9771431799911495 0.9778025807928239 0.9787207513811091 0.9801263138043405 0.980967819153223 0.9812203800166773 0.9818134668643603 0.982457231490556 0.9830912332767 0.9836745837193157 0.9841342602568768 0.9843558173060123 0.9846614652484448 0.9852212286259658 0.9861130751229921 0.9866179694308391 0.9869959795356126 0.9874665254000173 0.9877936411303617 0.9882562857733084 0.9888980485434756 0.9893351260808353 0.9896961080475173 0.9902807255764361 0.9906225808093977 0.991109228952173 0.9913793644571469 0.9915963548017295 0.9919469018239597 0.9922581104571796 0.9925836837811243 0.9934780552265929 0.993740164224767 0.9942394124802381 0.9947249907568262 0.9951781865890514 0.9954035693912783 0.9959474091323111 0.9959715509829714 0.9964265909489854 0.9965720226318803 0.9972244877824571 0.9974998897963915 0.9976730831918729 0.9982789474020621 0.9986650233803228 0.9992192311964261 0.9995829137677564 0.9999828218805139 1.0003858715367555 1.000768704219961 1.0009336081819342 1.0011633552478336 1.0015614513103916 1.0020696154044209 1.0023253146479223 1.0026563319730528 1.0029383308712325 1.0037718306181784 1.0042352352331132 1.0050053509786672 1.0056088236124634 1.0058228177527 1.006313295312278 1.0068167227138933 1.0069294793184538 1.0074706033072969 1.0082102978910115 1.0083839803796275 1.0086690816730095 1.0092042825981682 1.009803382526227 1.0102753691361912 1.01063078217576 1.0111451216868292 1.0128774250591073 1.013101631003851 1.0141326474645098 1.0146963378051914 1.015000954846626 1.0161156723594014 1.0165265221210733 1.017129991442491 1.017808286724625 1.0201511593303176 1.0209458276400944 1.0220052441807808 1.022486546646193 1.0251507377555351 1.0286993982684745 1.031368500913347 1.109181798525756
19 684 10.666887296801642 1.1205187326696686 0.966785010091401 0.966785010091401 0.9690231996877107 0.9697570418856054 0.9714980500895325 0.9723656667974477 0.9732559754163692 0.9743247269158147 0.9751734498061182 0.9765878315303728 0.976794758914537 0.977710197407168 0.9792012240066195 0.9801996553922834 0.9810117228507468 0.9813687380223683 0.9815085215028084 0.9825070409061853 0.9832912467581831 0.9836105272831452 0.9840093553961965 0.9842653327256751 0.984535519646039 0.9851403642383832 0.9857745957398679 0.9864537715586853 0.986936700127643 0.9874489002430137 0.98792057595249 0.9885816736945873 0.9889852585182772 0.9891422770651438 0.9895957834873632 0.9900837536539949 0.9904653592000574 0.9911533502487564 0.9913024251626587 0.9917500284745729 0.9921022769583163 0.9922204501816847 0.9932913161091361 0.9936072828527462 0.993658431777567 0.9942157224291224 0.9945278470157279 0.9951833523652197 0.9954762313811547 0.995981041758544 0.9962634566881917 0.9966673511262503 0.9970611562477563 0.9973809180093799 0.9976120314286423 0.9980479373359659 0.9984759245918899 0.9987976086001851 0.9992977650391112 0.9998086259612252 1.000003400900919 1.000651239930671 1.000721357619186 1.0014197468618613 1.0020268728515311 1.0023406291163834 1.0024264680702208 1.0031211381764835 1.003316578073941 1.0036708122974412 1.0039705364462574 1.0046307672517187 1.0050998129435134 1.0058015251576649 1.006267588198799 1.0064753343960369 1.0068595215012823 1.007824489980837 1.0080568900251299 1.0084459454605021 1.0091796675768563 1.0094623657324644 1.009669162801424 1.0102564156159155 1.011318347285279 1.0120889525103673 1.0130999526804454 1.013244586769099 1.0137811332242401 1.0152114660606302 1.0157129933380111 1.016148099904508 1.0166789397203448 1.017323431750865 1.0183332924718715 1.0209159446273106 1.0213119235336598 1.0236481663242882 1.0244537987936395 1.027297635776658 1.0292286851342194 1.0322252210039544 1.1205187326696686
20 720 10.997817565175058 1.1311288851446162 0.9654242278343572 0.9654242278343572 0.9682676149577444 0.9686060200899682 0.9711612327437973 0.9719596087925104 0.9723250782718933 0.973257168512095 0.9745785843119562 0.9759656935252975 0.9764804776752724 0.9771895063602689 0.9788583545622337 0.9789553029659522 0.9795375919732316 0.9804721162224129 0.981269419651989 0.9816790409205112 0.9825164914293153 0.9827005592792982 0.9837861437042799 0.9841374260601775 0.9848352608116943 0.9849935159712377 0.9858478988016257 0.986237156430745 0.9864191535117112 0.986675105847829 0.9874879262817677 0.988076115776126 0.9885508607211703 0.989089426634544 0.9893805428711635 0.9898763413176545 0.9900491971497402 0.9905118049197708 0.9906442874712437 0.9914614814254129 0.9915852415340137 0.9926333492047718 0.9930614863619482 0.9932140744114815 0.9935141460146093 0.9937476233449353 0.9948858580101778 0.9949054723442389 0.9952447009312619 0.9956197780532768 0.9963081044504173 0.9964512199755846 0.9967382414969795 0.9972395733070218 0.997451268336723 0.9979472092788003 0.9981963111655494 0.9989059322075612 0.9990208624234969 0.9994419378760501 0.9997589133457284 1.0002694677145192 1.0005141885191686 1.0010252814655267 1.0016697454942518 1.002596341683337 1.0026623467682174 1.003004157391968 1.0037077685349707 1.0041054832059146 1.0044782902436917 1.0050258518893997 1.0057892122131953 1.0061745632254584 1.0063708325680416 1.006783806978159 1.0074239480561704 1.008376388142633 1.0084759166766895 1.0087184091354113 1.0088576499499087 1.0094361021676357 1.0099755446378593 1.0102217277817143 1.0112287933723103 1.0123835654907603 1.0130268522158001 1.0141371116216176 1.0155604011455948 1.015654561930508 1.0163091336730716 1.0168526544530576 1.0180472300770564 1.018769245367266 1.0195919306403147 1.0205865374971714 1.0232917642556891 1.023943858743102 1.0251501491593755 1.0276658135865704 1.029307942388126 1.0319241296284463 1.1311288851446162
21 756 11.305531043332754 1.1429043417310993 0.9636341291655096 0.9636341291655096 0.9670228387669311 0.9684266941446155 0.969852699797098 0.9708540824885263 0.9714464425112527 0.9721074922520853 0.9748547941681174 0.9755734124054019 0.9759116137117664 0.9767915037343099 0.9776698699370668 0.978690333008868 0.9793371705153688 0.9799225667818602 0.9808960900797387 0.9815144805178057 0.982009905130351 0.9826251121320293 0.9831297123852354 0.9834760024542011 0.984178757515266 0.9847873602143968 0.9851828332676585 0.9857454489383339 0.9865081515408461 0.9868344472753775 0.9870585627663137 0.9873602644970002 0.9883217756831717 0.9885803535643544 0.9890176623640866 0.9893775228220365 0.9901425880800317 0.9902360653323982 0.9907620058900659 0.991378378170717 0.9915140874740621 0.9920706405192644 0.9922685484299029 0.9928238951919793 0.9933470484316329 0.9937542424177368 0.9943202603768262 0.9943728590449467 0.9954152707959653 0.9956629214811985 0.996049109370181 0.9963930741413186 0.996706138383603 0.9967494784777896 0.9971821795023698 0.9978037997263915 0.9983987466229819 0.9985050731904472 0.9994371092794204 0.9996028863469067 0.9997294358554865 1.00039978211807 1.0008266609963246 1.0011487492991715 1.0012492739782568 1.0022802702544598 1.0028167657935978 1.0028341832791925 1.0036930898038807 1.0042557144031525 1.0044129549264522 1.005156906709165 1.0053476085711632 1.0058402000265234 1.0063848216394473 1.0066922209255706 1.0076491627962514 1.0082493896533027 1.008544626241312 1.0087902779577465 1.009079073697957 1.009872455272788 1.0108753090798681 1.0112966781969706 1.0115360400701947 1.0120815657400686 1.0129847010637236 1.014330957592679 1.0154601688740907 1.0161756016520334 1.016556633406354 1.0173933962676207 1.01762494567174 1.018792666860119 1.0204891341494466 1.0214487643788912 1.0238305260501608 1.0247803087556964 1.0252271303178138 1.0280713813232212 1.0295613069960565 1.0322479380078335 1.1429043417310993
22 792 11.501917194977352 1.15350752615924 0.9631340540188017 0.9631340540188017 0.9660229264828009 0.9676829704008135 0.9685550844103287 0.9697326379961798 0.9714427623985259 0.9722199195044192 0.9735300020221734 0.9751256155805098 0.975650601287016 0.9763426911337271 0.9766247543432931 0.9775509323589471 0.9783749452479428 0.9789295892319327 0.9798002362735229 0.9811975501758406 0.9816066035353833 0.9820004015094983 0.9827854346909854 0.9833797584915241 0.9837109432826562 0.9839494343187262 0.984987609626392 0.9852579069017628 0.9853565392314227 0.986389111908133 0.9867326034646169 0.9871160344106126 0.9874184630057135 0.9881544303257682 0.9886435698839119 0.9891926275698391 0.9896669774960108 0.9898057050949041 0.9906614178525158 0.9911153713674813 0.9914714864451931 0.9918000460783237 0.9922982405834968 0.9924710041838642 0.9933543738186508 0.9941205412340484 0.9943560632072852 0.9949674929985025 0.9953072154945699 0.9956833784258456 0.9958844016580208 0.9962461211742129 0.996721018506502 0.9972804557203425 0.9973158026109765 0.997632976959611 0.99808703887989 0.9986299779985937 0.9994013110670761 1.0000233211963447 1.0003063611410787 1.0005870046512688 1.000807981537524 1.0011242825399334 1.0020453792935673 1.0025812087079344 1.0027119427396147 1.0032975836293987 1.003540223818036 1.0039860034149675 1.004460580545701 1.0053974396569652 1.0055521059336663 1.0060970281466644 1.0063189461838784 1.0066665648974693 1.0075625174137393 1.0082273035943348 1.0086084058065026 1.0089369441828908 1.0096929226779885 1.0099935883192315 1.0103998200423854 1.0108267277415062 1.0119448202758137 1.0125686836563461 1.013109917406962 1.0151535951197308 1.0152005753349187 1.016518236663695 1.016732230143722 1.017484747653809 1.0182727776159468 1.019320238008542 1.0204709800953056 1.0220095387495909 1.0237365127856213 1.0250352735924697 1.0253751123291843 1.027700986358574 1.0303886153365047 1.0331389939227744 1.15350752615924
23 828 11.73934366930567 1.163283553124091 0.9622486636791673 0.9622486636791673 0.9654040169873414 0.9667228427730847 0.9680460062003196 0.969229994401173 0.9707389955062005 0.9714872515051743 0.9725822459176376 0.9741769193660158 0.9754525922475478 0.9757791592061607 0.9767068429763772 0.9772884731872731 0.9773984618590574 0.9781687545922648 0.979991460810318 0.980464105409729 0.980633774050094 0.9811450587541141 0.9819629424271918 0.9825882693150699 0.9830198380632148 0.9831309940958279 0.9842303077173701 0.9852745173350829 0.9854850454605665 0.9860418668709826 0.9864256794227556 0.9867948169664718 0.9869209188387362 0.9875562711932078 0.9877568259268262 0.9886594534263828 0.9897632417534488 0.9898765631398115 0.9900482043840487 0.9909827618733132 0.9914824517352123 0.9915984337834642 0.9922865318632016 0.9923921280886261 0.9930052493043751 0.9937488801283957 0.993956664489742 0.9942044459963412 0.9948403404137409 0.9955425491664028 0.9959194617453 0.9963522155328081 0.9963943608833393 0.9972424114495344 0.9976952444153657 0.9978317767405489 0.9988029562952162 0.9990588998527092 0.9993295685223386 0.999430412709215 1.000278930836829 1.0004773437307608 1.0006440299206294 1.001036487820721 1.0015204083146951 1.0023258261264063 1.0028746090906369 1.003249269284325 1.0034879956622824 1.0045520501218324 1.004946663270278 1.0052625369371562 1.0058030586802769 1.0060518246328745 1.0065009650616317 1.0071510410390365 1.0072942975467016 1.008378737721273 1.0090788129554453 1.009674690965159 1.0099622869847666 1.0100826135223664 1.0106025495734297 1.0111280779917333 1.0122044112076083 1.0130718510616934 1.0133300188571164 1.0149586682381844 1.016088781856815 1.0170475945704087 1.0172804506428872 1.0175463676668526 1.0182976120436826 1.019891730407813 1.0212701913079765 1.0223114362626509 1.023917779085268 1.0252888471019814 1.025533091525024 1.0283566384749132 1.0306282448729434 1.0358763090421268 1.163283553124091
24 864 11.937624220535755 1.1742650104569499 0.9616354292510014 0.9616354292510014 0.9649549877762831 0.9655986653681421 0.9674677482657364 0.9687187283118823 0.9697351514254839 0.9712114771938463 0.9724380622613943 0.9734948923326429 0.9747096601376469 0.9751751865000166 0.9754152202656734 0.9760153449293524 0.9774434203128786 0.977916589462323 0.9792727642499743 0.9796806948875222 0.9801190236923306 0.9804933723587375 0.9811142466225328 0.9819399439220121 0.9822464892221392 0.9825318650507759 0.9836173388819581 0.9840093030318178 0.9844812108855381 0.9854380949583824 0.9857024719532019 0.9863950900582056 0.9868295279725614 0.9870635798144696 0.987870485625276 0.9885786408657828 0.9888135540326283 0.9896559972491941 0.9902034929189029 0.9905379182532892 0.9906477772294938 0.9912217050605184 0.9920298514298151 0.992411205714152 0.9926984515936915 0.9929933122977752 0.9940840781435928 0.9944058442910666 0.9947334945410519 0.995376804271165 0.995701267370625 0.9959132409442607 0.9960636725260243 0.9971271361896644 0.9974274086022765 0.9981539988247115 0.9983094742352763 0.9987474740837025 0.9994220391874385 0.9997178302276257 1.000124967319239 1.0003400515358272 1.0007416822819912 1.0012660258926704 1.0018995629944676 1.0023076174784977 1.0024334766655125 1.0031177654247465 1.0034817562004001 1.0036414931749378 1.0050766129651247 1.0053243708257684 1.0057107221737391 1.0062265808304547 1.006802764891785 1.007119504723946 1.0078842747972123 1.0087398387218707 1.0088712259416646 1.0100060272616427 1.0102056213889854 1.0109130729586142 1.011157492122655 1.011810332842207 1.0125860386967491 1.0128453154272539 1.0139608102089952 1.0152251830214858 1.0163969593148852 1.016880509156536 1.0173379733054517 1.017628038962894 1.0194548655497186 1.0199529846232893 1.021924329572378 1.0226765885118465 1.0247721811921429 1.025312861952975 1.0255919210529432 1.0281392173396764 1.0315100836939757 1.0368285249055182 1.1742650104569499
25 900 12.094217632313692 1.1843548469288445 0.9611010413546224 0.9611010413546224 0.9642693799270139 0.9650004784862071 0.9667251805808502 0.9683629361316265 0.9691731195778718 0.9707059374575036 0.9717911985160249 0.9726610287135166 0.9737442647232433 0.9743793233636339 0.9748824431818252 0.9753880325591097 0.9761976260193559 0.977326916656784 0.9784512722947114 0.9794725107441864 0.9798043805751863 0.9800130441278374 0.9804056907186098 0.981842548649986 0.9820493139724962 0.9823184930858108 0.9834246127286661 0.9837555179768657 0.9846068474330404 0.9848856047934593 0.9854608972552121 0.985863933113128 0.9862026465484085 0.9869445257387438 0.987222433523979 0.9880426671718373 0.9884100169794101 0.9890509132697566 0.9896918715080969 0.9898841138649707 0.9903267140398536 0.9913585690000136 0.9918049957263162 0.9925517107448265 0.9927093275397875 0.9930615746432406 0.9941518253385928 0.9941736839978775 0.9946792560906904 0.9949185995007038 0.9951305390676465 0.9956187191683442 0.9957622028427701 0.9969282569643321 0.9973905182483577 0.9977698278363124 0.9982993361051423 0.9989635597601825 0.999174433303852 0.9994138821257542 0.9999012957281045 1.0000496666305247 1.0008662521631106 1.001127861795038 1.0017167550191364 1.0018649744909291 1.002410893582775 1.0029828131585201 1.0033665324327332 1.0037713350134208 1.0042636486424077 1.0054944256286746 1.006381822009325 1.00653044277816 1.0065874691530095 1.007022092162546 1.0080135556255914 1.0082385898785908 1.0089443172160901 1.0094885725397311 1.0104244977309036 1.0113056765645514 1.0114110701840984 1.0119773078210685 1.0128028596896141 1.0133337610961415 1.0144187871635153 1.015275429285472 1.0160811235632525 1.016462838101041 1.0176758058179143 1.0181699722486017 1.019846221821363 1.0200192611890255 1.022053067039102 1.0232243926952196 1.024443730247445 1.0253479387363582 1.0256869049862605 1.0281724979937725 1.0320265706815333 1.037791200948102 1.1843548469288445
26 936 12.14265703904331 1.1951785300523952 0.9602237539377377 0.9602237539377377 0.9634631469735407 0.9646049727475243 0.9662788450750412 0.9679476960793097 0.9684487455446229 0.9708365714395655 0.9708976734637003 0.9720455136782039 0.9731191653862616 0.9739436049775723 0.9742051830506979 0.9752316047830364 0.9753006923507781 0.9767326620993003 0.9776724570682123 0.9787169300489583 0.9793977968090913 0.9799704782646708 0.9801529017949534 0.9806184610495291 0.981383886824837 0.9821321158568551 0.9823563981174798 0.9830363357758559 0.9834776647789671 0.9846159054081446 0.9848564647594416 0.9851835732072532 0.9859760217617125 0.9862576710875571 0.9871310138763055 0.9873098322030737 0.9880441497141008 0.9888097850282427 0.9891655231403836 0.9899045424257096 0.9902389947879936 0.9909253688620018 0.9915959800067073 0.992035429433284 0.9924235958439354 0.9929215042293607 0.9936463561643613 0.9937801639060388 0.9942911614532681 0.9944052107544981 0.9950002521065036 0.9952192242918807 0.9954886509077928 0.9966798854427623 0.9969260914525098 0.9972676415261569 0.9984012355554994 0.9989078186241416 0.9990107349779945 0.9995314013092218 0.999781813911343 1.0001650350731783 1.0005734287970252 1.0013329278952385 1.0017455282162042 1.0019167690289983 1.0022171043679369 1.003242003941004 1.0034848730315615 1.0043461893084351 1.0049678781391547 1.005361137161026 1.0055515944351692 1.0061394654093547 1.006500545187558 1.0074269918140548 1.0079430794237465 1.0085527692875536 1.0090443412197012 1.0096256196826927 1.0104448037698688 1.011190689079084 1.0122020982702302 1.0128264384103058 1.0133773206728087 1.0137633695505834 1.014800607682493 1.0156618077493444 1.016187115227727 1.0168143061380408 1.0178339421704277 1.0186264183892946 1.01966667866738 1.020691297299434 1.022209221978534 1.023371487503734 1.0244195534428475 1.0255217026912318 1.0258811251924052 1.0292309376247568 1.0328703552401328 1.0378882838914818 1.1951785300523952
27 972 12.066581515015201 1.202702496275301 0.9589027437299847 0.9589027437299847 0.9628438749341971 0.9636867256456985 0.9659607249315003 0.9668019076742198 0.968087939122105 0.9699934543706394 0.9708030274760148 0.9714803018798738 0.9724225956169992 0.9731493973453256 0.9739734663269197 0.9741973478436646 0.9749440420387062 0.9762391921736571 0.9773555871976589 0.9781159607193106 0.978513634299561 0.9792159102741 0.9799959603197512 0.9800643227685638 0.9806632802231879 0.9814686704181087 0.98182955364447 0.982622987113212 0.9829070279711346 0.9837997616434861 0.9845899243555802 0.9849722845460931 0.9856062713941031 0.9859663090258034 0.9867272662398512 0.9873723156688506 0.9878295637689802 0.9884045282608588 0.9887153330713045 0.9893603963118619 0.9898602634368389 0.9911595198238135 0.9913574149104585 0.9915744215572156 0.9919326304349724 0.9927807448682157 0.9935474424354137 0.9935732618105577 0.9937757969627812 0.9941827541653182 0.9949080692321493 0.9952072322148967 0.9955858945298959 0.9966009904100395 0.9967220339412619 0.997147967742387 0.9977526615237485 0.9984712982191273 0.9992281285670042 0.9995767493509755 1.0001087587255775 1.000324937405955 1.0008596948248898 1.001337066117701 1.0016738964288314 1.0019633371656673 1.002397012568133 1.0031174397237588 1.0040197899023124 1.0043848333820777 1.0046188366977502 1.005180776620561 1.0053770160680262 1.0057066143958013 1.0066208773847036 1.0076175779918426 1.0085576058415642 1.008687922611211 1.0091022561750012 1.0095627233088145 1.0101237453538343 1.011669742530636 1.0120358301649393 1.0128760029513506 1.0136319303839965 1.014099520805995 1.0147699760589681 1.0154887273373976 1.0164057940289648 1.0173695825226072 1.0187000224549834 1.020258259038685 1.0205610994963028 1.0215428132944395 1.0221025911364203 1.0232995186024825 1.024189148337128 1.025634810389397 1.0266178592889017 1.0290354478844743 1.0329106014730596 1.03846418759682 1.202702496275301
28 1008 12.029711897118448 1.2111090004353688 0.9584275377905888 0.9584275377905888 0.9624094269787767 0.9635209259355084 0.9652359972028807 0.9664612180879615 0.9677489566411785 0.9692451033804247 0.9702460987300138 0.970651055323501 0.9714655397714468 0.9725775524851785 0.9737320608113876 0.9741669768095393 0.9745189365919996 0.975186889186353 0.9765229930673837 0.9777120752826649 0.9780313698927722 0.9784591231669323 0.9791290290884215 0.9801549260045352 0.980640208458794 0.9809819601374059 0.9817067447307645 0.9822749563704329 0.9829171447763393 0.9831837766539321 0.9836888398056013 0.9839165596190124 0.9854975586484953 0.9860328105321238 0.9863198305145623 0.9870269809859274 0.9877694605604354 0.9883311393050502 0.9889034486440891 0.9895018508198069 0.9899785399608395 0.9908439218750924 0.9910031079649045 0.9913417220282009 0.9917939829562131 0.9926928456766526 0.9931182356735736 0.9935461608418131 0.9937351573805067 0.9941509573314736 0.9946855562151298 0.9950715271457575 0.9953433884516889 0.996165900127152 0.996549987539205 0.996704184609823 0.9976808288826243 0.9979273538576441 0.9987718253644783 0.9989992024890014 0.9997288824472288 1.0003232011058196 1.000612648537876 1.0006777079930365 1.0012769316644001 1.0018279429554346 1.0027273434255728 1.003063987840783 1.0037493523088694 1.0041333057592807 1.004795554644767 1.004999808210549 1.005321183474517 1.0056445381372308 1.0070447661069906 1.0071742070541947 1.0083092065717625 1.0086934914708938 1.008997844028828 1.0096420868539773 1.0106179390852346 1.0118077715787357 1.0121544337646704 1.013168885263971 1.013782370360322 1.0142212003175934 1.0153648365354317 1.0155974174383782 1.017319114377204 1.0178334719241264 1.0185562957428393 1.019865317343088 1.0205290550470871 1.0222444446268046 1.0225602863188878 1.0241632488069565 1.0247464489037326 1.0263839040143414 1.0270849047792885 1.030221335046237 1.0335031241838517 1.039177766110003 1.2111090004353688
29 1044 12.039012973525942 1.220538141773832 0.9570517411002206 0.9570517411002206 0.9619210068524499 0.9627814429856736 0.9640018397343377 0.9650403318538726 0.9674313015006252 0.9680480019727858 0.9693682512638883 0.9702519471198522 0.971157868256761 0.971890892793206 0.9730990438554644 0.9737363638550643 0.9739538934301967 0.9745887057214249 0.9759878393878306 0.9770855211906418 0.9775328990168274 0.9781534926316393 0.9790120980820874 0.9798537218043816 0.9799237952785568 0.980903656612918 0.9813954813432592 0.981914525124738 0.9825154806966786 0.9828178261741387 0.9833834518349509 0.9844036875656593 0.9851941461058173 0.9856439535515342 0.9862423300817522 0.9871569131825881 0.9873560240769865 0.9876324404425175 0.9882807602399649 0.9890046452223384 0.9892468727100918 0.9895615958462547 0.990319608184412 0.9909976943376753 0.9915657966189461 0.9921883177032356 0.9926645069023089 0.9930164888101574 0.9935988658225334 0.9939843129708472 0.994084468693584 0.9951327239463073 0.9957138257090122 0.9960515436176599 0.9964519426255029 0.9970394576363653 0.9976925653395624 0.9984369723378047 0.9986327121718234 0.9993796357693967 0.999557020074874 1.0000048367511922 1.0003617062201262 1.001197460781542 1.0014361043392472 1.0019287729108275 1.0024660363566358 1.0027911000397363 1.0036252250792157 1.0041328018782436 1.0049123930004398 1.0054240432732708 1.0059805978588547 1.0060823491731852 1.0069107916045352 1.0074662610966507 1.0085467011275826 1.0087473793998216 1.0093909733662678 1.0098076890944063 1.0103455057739106 1.0117416336959388 1.012720222430486 1.0135406508256777 1.013805561856809 1.0150801442305342 1.0155319587714327 1.015795809666667 1.0180670488189418 1.019176775492003 1.0194611863570544 1.01992166594357 1.0207760791122005 1.022392619101476 1.0234095051379095 1.0246934127611442 1.0252204678142436 1.026824997309547 1.0282609721056137 1.0298395079771052 1.0335336150094983 1.0391299185841714 1.220538141773832
30 1080 11.982585207638142 1.2307469040872248 0.9565226052754211 0.9565226052754211 0.9609159269274747 0.9620794396838684 0.9636041776875354 0.9638924138685051 0.9665755622851123 0.9674094811029792 0.9691725944491598 0.9699376802642744 0.9703688064396875 0.9715752166887675 0.9724172438204649 0.972910456817542 0.9734773144806629 0.9739540585760705 0.9753467888809779 0.976848792031791 0.9770060976975382 0.9771404565706178 0.9780787445875616 0.9793441842768027 0.9798382030768622 0.980253123024456 0.9808138318119473 0.9813998390470696 0.9816642266484291 0.9819254332655398 0.9824590495368664 0.9842916424701285 0.9853118484819897 0.9855393140303889 0.9860433030665042 0.9864260571386709 0.9869321665924574 0.9875279815734532 0.9883592384344936 0.9888910014670996 0.9892319901037011 0.9893929516824997 0.9898543882895819 0.9907186694288518 0.9912609459651962 0.991724359523008 0.9921801150256317 0.9928919603501077 0.9934961219805877 0.9938412551978442 0.9943530745982418 0.9946826390092692 0.9954463934732302 0.9959254411347501 0.9963021156433157 0.9973666117585369 0.9976470160651634 0.9982500090161343 0.9983745939562592 0.998835786388853 0.9996632547397358 0.9996908618485599 1.0001527604412683 1.0008782617246612 1.001317030679037 1.0015808924584406 1.0025906658777763 1.0032471937608627 1.0035932731351607 1.00417810525442 1.004830187230021 1.0052913246032322 1.0058023004073735 1.0066932394842805 1.0069525429601698 1.0076319456452134 1.0084448161139736 1.0089877850770281 1.0096729633745178 1.0102725136787187 1.0106758202677228 1.0116802650534447 1.0123694386804876 1.0136589187673126 1.0144450158869078 1.0150158535452587 1.0151302641992261 1.0167747575547808 1.0177994992159571 1.019237352909549 1.0202965452367865 1.0207595890749372 1.0217258960867908 1.0228612779326198 1.0239472899725934 1.0244032445308797 1.0259849507785415 1.0277905547049944 1.0285776197525283 1.0299350209879818 1.033397494914982 1.0399391410083154 1.2307469040872248
31 1116 11.920272895867555 1.2394438216761519 0.9558019639213674 0.9558019639213674 0.9594768693215461 0.9617044476563418 0.9631942754430628 0.9637066116848151 0.9651221183330173 0.9667934567492567 0.9677624946547193 0.9694688398264031 0.9699655741313875 0.9710207013225742 0.9714210133004808 0.9722088353479453 0.9727380707216214 0.9737114609225198 0.9751307916527819 0.9762212011727112 0.9763594187093894 0.977005261088446 0.9775056828737069 0.9784388096891498 0.9790343715800368 0.9792286827547019 0.9802445587154555 0.9805953242829327 0.9812685123968871 0.9821045207742317 0.9823898013962816 0.9836247910650782 0.9843156953730903 0.9845022202610186 0.9854528035778131 0.9861750400780929 0.9867243764763634 0.9876983382072279 0.9880865175591772 0.9883618126677304 0.9889462566555167 0.9891320507331347 0.9897958738738386 0.9904177007771312 0.9908497066344982 0.9911487814919582 0.9918677941338352 0.9925368835626919 0.9930129056618082 0.9937129346650562 0.9945192133055389 0.9947472123805315 0.9950337126924444 0.995446723890155 0.9962917254087977 0.996954105946219 0.9973976228452388 0.997931454888541 0.998532236066298 0.9990657730394445 0.999165030624013 0.9997032932008292 1.0005583082908358 1.0007457571835665 1.0011677520247588 1.0022644898628141 1.0025360344592054 1.003680412305743 1.0040912139502152 1.0045204900861908 1.0047942071160054 1.0054935252824433 1.0063328339480224 1.0064863533694286 1.0070212593514525 1.0077747465897664 1.008533282804828 1.0088930583509994 1.0096948993775605 1.0104062817738793 1.0106551395940624 1.011994420304559 1.0128589706574316 1.0141368782194737 1.0143916266939335 1.015564071009699 1.0157188963807116 1.0166594236559676 1.01866102180583 1.0195696378937134 1.0208424840834704 1.0213931170926251 1.0218292005475864 1.0221137085973298 1.0240392140289896 1.0244106981471597 1.0262852656992432 1.0286122183951432 1.0290674540499474 1.0306401212569183 1.0335615034799506 1.0404086076341001 1.2394438216761519
32 1152 11.803182137129333 1.2477664140926317 0.9545075764185825 0.9545075764185825 0.9600399149259891 0.961292563560327 0.962497039521665 0.9629506145712201 0.9646158601755908 0.9662454359324792 0.967124736751553 0.9690159539091812 0.9697172045730097 0.9703349615613185 0.9711010215164292 0.9716544617860758 0.972526968330821 0.9733154256376059 0.9740487690712549 0.9750406825844984 0.9755176610236308 0.9772756433977127 0.9776384695354661 0.9780131797122548 0.9786562964066944 0.9789471481506031 0.9797228727472594 0.9802499725503019 0.9808807264780758 0.9816874203381886 0.9822437222782475 0.98234724082529 0.9834035693616576 0.9843214953557103 0.9845411264374713 0.9850451900795348 0.9861573461187211 0.9872953656149053 0.9874794954910673 0.9879254958090105 0.9883832417401291 0.9891168277402106 0.9894213500548811 0.9897952252626256 0.9901525124670985 0.9906194148041615 0.9916833238787137 0.9918018755280082 0.9925098815580573 0.9933268738103614 0.9940763219851118 0.9944691637942431 0.9948133110655881 0.9952220963819627 0.995620322930242 0.9960761134138381 0.9970304535501917 0.9974757829383393 0.9979796130538336 0.9986810906328303 0.9988911481169982 0.9996536221049861 1.000303950543693 1.000981417699595 1.0011875699091963 1.0014128305049332 1.0027093866552401 1.003757928349008 1.0042012714807218 1.00480776253753 1.0054291173752916 1.0057236430472196 1.0059533963297462 1.0071299232092314 1.0073698286224777 1.0081931097307217 1.0088115084678946 1.0092644288167356 1.0100146926440647 1.010701213182826 1.0115862013849708 1.0125523625319475 1.0129784196061553 1.0140506047943512 1.0147202419306094 1.0152845137000057 1.0158034942026823 1.0164119011835417 1.0189509182074885 1.01974454452185 1.020840941958017 1.0217495873610145 1.02199568708553 1.0227312746661064 1.0239705914888633 1.024499644205956 1.0269461268956004 1.0288018462426418 1.0294536565398427 1.030454082671435 1.0342359515488273 1.040542249797255 1.2477664140926317
33 1188 11.766454406557779 1.2553522146262994 0.9539345570605302 0.9539345570605302 0.959433936387727 0.9604898833144965 0.9620102311313151 0.9629811064836861 0.9640185863893324 0.9654750158595813 0.9666031555652478 0.9679187200695564 0.9693681890773671 0.9701056888141022 0.9708685913406374 0.9713569448014351 0.9722428578512924 0.9728041538324759 0.9734001489030819 0.9744704369795334 0.9758678248251671 0.9766128195495812 0.976864106472533 0.9774195823936154 0.9781108454765659 0.9787375508723257 0.9794344238767416 0.9801686322555195 0.9805573413478621 0.9812582669491767 0.9816211464513971 0.982181446289778 0.982504311541576 0.9836024714014259 0.9841057740090844 0.9846299321901987 0.9858228165948967 0.9866029932648692 0.986946002298014 0.9873256003610399 0.9877341374686605 0.9883425874920414 0.988946545805762 0.9894412021280242 0.9898608174230065 0.9906782022898242 0.991473408668478 0.9922819422427603 0.9927321795290001 0.993265037401332 0.9942585172265488 0.9944945823890895 0.9949191711503541 0.9950942583940079 0.9957093909389068 0.9957491875317801 0.9964317350008866 0.9970229790884921 0.9982425512661276 0.9984766456782602 0.9989627410072279 0.9995216498313124 1.0000363346453276 1.0007942044026725 1.001602962664607 1.0017873128147414 1.002405142556635 1.0036909178361253 1.00408024331154 1.004773573966708 1.0053630046041702 1.0057624041208586 1.0060582306980863 1.007004005688694 1.007810344344658 1.0087026245531767 1.0089428235693785 1.0096900849387416 1.009990308858662 1.0113187580377019 1.0115520061090448 1.01206744198925 1.013469746216951 1.0145439078366638 1.015026955674071 1.0153585942810577 1.015764592500845 1.01630889546743 1.0188857596976395 1.0196130095142053 1.0216381892309763 1.0218150828232246 1.0226666445219015 1.023003939732385 1.0241432274138142 1.0253651807142274 1.0278384999230301 1.0285196762539828 1.0300449116627834 1.030658510704501 1.0345712001121987 1.0418307622863652 1.2553522146262994
34 1224 11.710331817592932 1.2633957775585374 0.9535929237106874 0.9535929237106874 0.9590708373350255 0.960049193874886 0.9619130990015271 0.9621736464519725 0.9630857650667338 0.9637680321447245 0.9663855752748526 0.9672575058084679 0.9692428181237099 0.9698533733452847 0.9709920168585102 0.9711955176452667 0.9720071410379041 0.9724566134387561 0.9730582213621553 0.9735463177304466 0.9751710158678757 0.9763411007747647 0.9768756400646348 0.97749856075345 0.9782637627149389 0.9785408337806203 0.9789959680370507 0.9793570487708558 0.9800962427350298 0.9801805147705721 0.9810298121189033 0.9823262021590481 0.9825626143590002 0.9830933541141202 0.9835456526491635 0.9844684802410792 0.9849727889143672 0.9862669464854735 0.9868551445900586 0.9871371480163389 0.9871668180317904 0.9878975803964142 0.9885690036723596 0.9896100975239603 0.989946396362855 0.9906119418282138 0.9916158947639508 0.9917558047103748 0.9924874663877419 0.9929676402076695 0.9936823075681822 0.9937201598078668 0.9947700321336905 0.9948110971503361 0.9954049911989877 0.9956646526297908 0.9962771763437112 0.9970358788042639 0.9975211302534035 0.9985480855154564 0.9987929007930443 0.9992508576726645 1.000314729691226 1.0005951663411121 1.0012991860608251 1.0018321076255126 1.0025387894576212 1.0031089115133427 1.0036647628035467 1.0043413462208384 1.0045900884384975 1.005551430365686 1.0065878461531999 1.0072277991127931 1.0077433051785827 1.0085216551314515 1.0090720872809034 1.0098495203265303 1.0101746269362881 1.0106378219183447 1.0112925267654318 1.0122144661467714 1.0129993548489107 1.0140066358577495 1.0149354156280261 1.0157279294121897 1.0160344815598719 1.0175434245652986 1.0188785715936313 1.0203798641690733 1.0220742431047019 1.0225182169504907 1.0230152813992885 1.0238501934902988 1.024794313222187 1.0256933720550416 1.028163746380091 1.029096440300035 1.0307532234206727 1.0308188080846268 1.0345368159671817 1.0425312753220475 1.2633957775585374
35 1260 11.582056201052952 1.272544182450091 0.9526239479126216 0.9526239479126216 0.9584806632522866 0.9591121626017463 0.9604484267218466 0.96167663457014 0.9623778372172815 0.9640894254867438 0.9663126341655146 0.9670002906128456 0.9684165888554622 0.9696076133728069 0.9708641308546944 0.9711359517629291 0.9715511871085215 0.9719593917190652 0.9726652765070812 0.9736542109253895 0.9748377122559655 0.9757188593242768 0.976695379164669 0.977105648552447 0.9774265688789243 0.9781087803186371 0.9783265499511328 0.9794409253189872 0.9798921358544993 0.9801681350556324 0.9812521288298295 0.9817314888950297 0.9819493809488352 0.9831352661909104 0.9835520869601759 0.9841389693347428 0.9848019433467791 0.9855878737768373 0.9862451770067201 0.9867327050143735 0.9871659170518454 0.9877317134175547 0.98835575954339 0.9886007757059322 0.9890062461947922 0.9891147679322109 0.9912970100672486 0.991590161734749 0.992137767858091 0.9930847604543984 0.9932842480156342 0.9937948296398953 0.9939977697631928 0.9946201482222305 0.9954209881765895 0.9957797854427677 0.9962309773771938 0.9971886553380317 0.9976446051502206 0.9981056770355945 0.9994196032659222 0.999599583702202 1.000014937246325 1.0009239852303662 1.0010493511746303 1.0016002926247918 1.0023301150044552 1.0030942068902904 1.003792639964193 1.004280310182708 1.0049509812869832 1.0060845307194963 1.0067917532053678 1.007373121826629 1.0079251126277347 1.0083406545397489 1.0087192664074642 1.0097944849611142 1.0100480389537732 1.0112232689544256 1.0115346186649712 1.0124078445764928 1.0136045832375533 1.0141226182081142 1.014936643281905 1.0157369254648072 1.0168872823171935 1.0185230415329039 1.0192995378270862 1.0206961429128438 1.0216914783967257 1.0222943183385036 1.0232869005031493 1.0242662410608663 1.024523324857107 1.027165328265087 1.0282219974655977 1.0297326608991642 1.0315958403223071 1.0322092625317758 1.0354412842237954 1.0426922925349946 1.272544182450091
36 1296 11.424654219361202 1.2793330744458429 0.9528326356695423 0.9528326356695423 0.9578068151169472 0.9585070350262589 0.9599626870107524 0.9610305149206069 0.9616765673008842 0.963365823114997 0.965743133125705 0.9663868853098567 0.9680388163312 0.9692145602540398 0.9696833997882577 0.9704408227362703 0.9709111191641447 0.9715031160235648 0.9725210999447804 0.9737464356416855 0.9747384965342178 0.975817034060596 0.9761742605673205 0.9764767904815135 0.9768444337843296 0.9773616164609643 0.9776108518379906 0.9782291293587527 0.9791408482279813 0.9796829535548119 0.9809662169111338 0.9811337259016379 0.9823383180108533 0.9826136782677306 0.983021957006128 0.9841050487284622 0.9847057669794206 0.9852875638101558 0.9853730560882666 0.9862957636335067 0.9866182310310183 0.9875077522376257 0.9882978015652677 0.9889824332936051 0.9892785400316979 0.9896746570635582 0.9902604966363471 0.9911480929495143 0.9917221632290046 0.9927211468322324 0.9928675580124332 0.9935501910809874 0.9942753167187571 0.9946838623433427 0.9950783825506693 0.9954249740650257 0.9963759138224546 0.9969641456554579 0.9973844357338875 0.9979155761368744 0.998768943657088 0.9993382219054641 0.9997275002016789 1.0005007452037644 1.0009799102042982 1.001761902497047 1.0027443722340603 1.0033645994368565 1.0043308751117819 1.004919264336368 1.005584973725022 1.0058987752969715 1.006668147350827 1.006880965430591 1.0077551274540215 1.0085604682795906 1.009275664970395 1.009538795951105 1.009924068528564 1.01098107302738 1.0113497503450928 1.0123696407168026 1.0136917988895775 1.014204464338027 1.01525042204308 1.0163944377077503 1.0169906525746173 1.0180586987407523 1.0193492286338568 1.0198347525214864 1.0218816476826902 1.0222097650620852 1.0233735792893248 1.0244765382053327 1.024815323440449 1.027675870838797 1.0286114720115918 1.0298167431451872 1.031634212858353 1.0327474529891658 1.035786434924233 1.0424137850852395 1.2793330744458429
37 1332 11.23318709982402 1.2863734270169578 0.9524632686049854 0.9524632686049854 0.9573413997247552 0.9579811103458223 0.9594313355948187 0.9610277634767268 0.9614642507885687 0.9625567364653553 0.9649031143941676 0.9653734797233456 0.966792687907086 0.9679799753279225 0.9690544882304822 0.9703648343943282 0.9704374637603834 0.9714062367805835 0.9724034996843538 0.973171866789503 0.9735355683387336 0.9748133462350163 0.9758025016679204 0.9763800995697666 0.9764857631304245 0.9771059247007109 0.9780609055045085 0.9781563478912821 0.9788066851370939 0.9800942421084089 0.9805731698104239 0.9808836015994529 0.9816037033621611 0.9822518389223936 0.9832167953531034 0.9843256835467844 0.9846500573891239 0.9850367349343511 0.9853452760597852 0.9860224451368503 0.9860532687986449 0.987470369621772 0.9879739133703289 0.9883606858179289 0.9888261075261687 0.9892282564208703 0.9897581296007795 0.9907072457544579 0.9909557872487965 0.9919453790415788 0.9931219270566899 0.9932457533318045 0.9941226485743262 0.9941822329656563 0.994973995924587 0.9953313814778556 0.9960055954783726 0.9969950473547012 0.9976700560191716 0.9979198013548178 0.9982452316922007 0.9990317614640163 0.9995320040190919 1.000716043202434 1.0012221499766873 1.002138385657885 1.0025903717101206 1.0036015770690245 1.0036814966378562 1.0043464151821468 1.00504039304653 1.0056868747018342 1.0062376751096576 1.0074070913807995 1.0077724300596917 1.008212811741956 1.0090352277846106 1.0095539600160306 1.0101997466777568 1.0113895632477203 1.0119363685519818 1.012346999480133 1.0134103143925561 1.0139782879648545 1.0162737441704452 1.0167147810263515 1.0169562373639793 1.018556791449551 1.0194161518606641 1.0206397981991635 1.021722874109388 1.0223317096760258 1.0236947549008844 1.0241315983610717 1.0259904637920367 1.0275303504873956 1.0283950430178506 1.0302987713686866 1.0328180492221983 1.0336199929198897 1.0356778695112605 1.042448053031334 1.2863734270169578
38 1368 11.076095054138706 1.2928121738346525 0.9520219224026892 0.9520219224026892 0.9564655549155902 0.9572851788099191 0.9586543116819981 0.9602127699174013 0.9610634896605106 0.9621728050733481 0.9644569114507314 0.964747600339211 0.9663003984031525 0.9672809183096767 0.9687886773953521 0.9693369619412643 0.9698516702974288 0.9704333766645225 0.9718792143062864 0.9727262153563705 0.9742918311446395 0.97488023771457 0.9754342071825739 0.9760900527018728 0.976405540679791 0.9768017197527518 0.9774273753261772 0.9778186434593934 0.9788928310864909 0.9798846733892692 0.9799179942676218 0.9805710230834689 0.9816996029263809 0.9821274992391836 0.9830660513115647 0.9835851325897739 0.9840828841490964 0.984274925078747 0.9847356996209538 0.985887270355128 0.9864654109235222 0.9866901128532198 0.9874678939870167 0.9881580580384314 0.9885074154933963 0.9890128061362754 0.9898797858056192 0.9905117030059489 0.9910680830935246 0.9921178084387097 0.992390361649525 0.9928495758207367 0.994100828173209 0.9946328222020601 0.9949200679170357 0.9952977284272657 0.996254514969799 0.9967401796232807 0.9972993224940773 0.9976796549174123 0.9981309921049565 0.9989211008331261 0.9994002804210006 1.0006571955886918 1.0010999567203998 1.0020957179097436 1.0025925831561582 1.0032950627567931 1.0038767930171497 1.004429644720788 1.0052296535143346 1.0053383525157737 1.0060471067713395 1.0075001013587648 1.0077309721216847 1.0078826564283891 1.008974609753533 1.0096442718036003 1.0104059661409825 1.0114520190865564 1.0117255732225696 1.0131705282747454 1.0132653429603087 1.0144167518254492 1.0161343920875043 1.0174313722754937 1.017616042997759 1.0188972703527637 1.0189819587631372 1.020330551843542 1.0217057506999734 1.0221560005924866 1.0232727206737413 1.0242552768496824 1.0254325141793776 1.0277715480965695 1.0293516613919804 1.0315662986425533 1.0327920357852676 1.0348902810080458 1.0365078650137534 1.0419481373203716 1.2928121738346525
39 1404 10.910460488439712 1.297960539937727 0.9515056338189049 0.9515056338189049 0.9557691419922673 0.9571374371063949 0.9579801457175744 0.9592816149870211 0.9609756687252795 0.9620249723156089 0.9637549041281527 0.9647626027424687 0.9661182684866532 0.9662571739286855 0.9680222477495452 0.9685467627138359 0.9694967928222138 0.9706095917834765 0.9711700669067737 0.9722352698415705 0.9739260624287631 0.9742115871993716 0.9747413845570657 0.9752845755481421 0.9761533686375068 0.9763957647129401 0.9769355896602557 0.977567889833527 0.9783564100271874 0.9792624201700543 0.979639232024253 0.980625469439992 0.9816051442070889 0.9819870762195038 0.982403968040655 0.9827200234454614 0.9837790306295102 0.9842343759023928 0.9850286183937123 0.9857804987974129 0.985914841334265 0.9867237832724463 0.9870423867347142 0.9877617898747315 0.9883577404217545 0.9889398289771638 0.9893478850583759 0.9904238422574247 0.9909680080946935 0.992551149466312 0.9926494117614182 0.9929873235801923 0.9932963183783025 0.9947035559319779 0.9947876647823825 0.9953230984076427 0.9960804888530829 0.9964084279417235 0.9967939807769137 0.99747937067483 0.9981430337252487 0.999170294501474 0.9993420995305152 1.0001972719325873 1.0007612573334748 1.0021236914828777 1.002389943344779 1.003557421716685 1.0039726920404117 1.0046175225877987 1.0051454696914708 1.005874168865653 1.0062818493494647 1.0070641311058859 1.0078212349057412 1.0082510979106836 1.0090549159668531 1.0095699038583645 1.0109137898873268 1.0115412350267083 1.0124922446374105 1.0129990575035548 1.0140657158033775 1.0149312260892753 1.0161065148595774 1.0169802598700102 1.0174259813018727 1.0187265837072266 1.0189083960339358 1.0206403500414276 1.0212268938263092 1.0225597823362724 1.0236490566540597 1.023997219732411 1.025225083227895 1.027728433307412 1.0298841402606649 1.0322071588933106 1.0324956082166779 1.0357864043496814 1.0366524258360883 1.0425056004198419 1.297960539937727
40 1440 10.691916268105087 1.3022886864887064 0.9499338105573347 0.9499338105573347 0.9558045145976484 0.9569327763670061 0.957180885113885 0.9583555792520193 0.960442419969501 0.9624902620817153 0.9643956926753026 0.964733903906851 0.9650263094785241 0.9656715466948351 0.9671188084548762 0.968201000404263 0.9694449964330205 0.9695639412985033 0.9704889910007117 0.9717057372722518 0.9724718635641324 0.9733038357698787 0.9739407377047801 0.9751686105063291 0.9755102125671469 0.9759582287193798 0.977030117548179 0.9776920696977861 0.9783768042959412 0.9786462239759588 0.9795123967864331 0.9801670820528923 0.980749090828634 0.9810217377984248 0.9819589718324734 0.9825386318141852 0.9835277521188193 0.9842428327219975 0.9848537197000664 0.9853517973319708 0.9861083531203385 0.9863156579378254 0.987256081375693 0.9879110606465364 0.9880265558955318 0.9887585644187956 0.9895091062430145 0.9902729540788998 0.99099836977633 0.9919431259570449 0.9921893921696978 0.9924718533164136 0.9931261108360727 0.9937726603768706 0.9945580966192996 0.9953285949700212 0.9955996927563514 0.9962744765101984 0.9968207984133415 0.9974780113508037 0.9975916451450162 0.9983415287030762 0.9996836560058815 0.999869910842045 1.0010706648053636 1.0018682385771618 1.0027819415883172 1.0038523654286218 1.0041758329515262 1.0045363740599502 1.0050167377343824 1.00608114928531 1.0064899854984648 1.0069124160097738 1.0072415270166348 1.008437433007103 1.0087059840092112 1.0094970069565725 1.0105282738752182 1.0115418695871525 1.0119555366981774 1.0126122321518412 1.014797940055401 1.0149845643653237 1.0164385032044627 1.0177212079074769 1.0178976153558903 1.0184474089334528 1.0194239365837734 1.0202715104352225 1.0212899737949444 1.022156191608454 1.0237658440221262 1.0246318408800972 1.026315297456171 1.0283946447336938 1.0306356932447853 1.0316978155342214 1.0332839853192353 1.0355173699545535 1.036712046684413 1.043487439933194 1.3022886864887064
41 1476 10.489881470949015 1.3061506255469946 0.9495131319371347 0.9495131319371347 0.9542760309735968 0.9559542396210566 0.9571640918479472 0.9578882288164104 0.9601416132309748 0.9617577277898322 0.9626220788966227 0.9643706787323537 0.9647254354525729 0.9654083948970078 0.9667230873688316 0.9674005910699437 0.9686620275374874 0.9695445246548271 0.9704444166513808 0.9713583917347401 0.9722305548914585 0.9722678304447508 0.973605678429938 0.9744967874252056 0.9755406920659242 0.9761766452986639 0.9768976533693169 0.97742742718112 0.9779365854382074 0.9786003258565729 0.9793809618835915 0.9799968967463989 0.9803369791272694 0.9807311121087426 0.9817113970323404 0.9822868671424029 0.9830633950202994 0.9838459551558288 0.9841610195319785 0.9856190870093348 0.9858665958592318 0.9865156781801677 0.9867270605717123 0.9873495704961939 0.9875765820070818 0.988372333037849 0.9889340522875887 0.990364278147094 0.9909875545636379 0.9914566534623749 0.9920944230629173 0.9922767295258655 0.9925124097576832 0.9934322377607753 0.9942874648920252 0.995181448435294 0.9954024159990614 0.9961882447636763 0.997185278414221 0.997255563782285 0.9979097192029862 0.9984833957174127 0.9995987748831834 1.000115945113078 1.0014011705078087 1.0023904845577503 1.0028828397046807 1.0034099501449207 1.003972553312947 1.0047257631957502 1.0052151673044598 1.0057486927757135 1.0068091219937922 1.0070999157451983 1.00762004458258 1.0080616600896946 1.0088624991302328 1.0090505065229192 1.010958830951468 1.0117180717683685 1.0120556219035404 1.012626629725105 1.014471759487962 1.0151911308601247 1.0162020187305434 1.0173685729894737 1.0180760900145385 1.0186126572103555 1.0196045860930434 1.0201997978637773 1.0207869495682937 1.0222929706746342 1.0231250047452545 1.0247397315912903 1.0275624434267965 1.0287785608649842 1.0299568247222206 1.032879563439147 1.033925867726783 1.0357471492800185 1.0365251757492666 1.0435735025422335 1.3061506255469946
42 1512 10.228652156089337 1.309833775004118 0.949111115848062 0.949111115848062 0.9531141949960286 0.9551611752915947 0.9566398458206482 0.9575264181230833 0.9593249213148555 0.9609635550488742 0.9623007378961287 0.9641888622887563 0.964480404342216 0.9649685142032377 0.9657098844009443 0.9681067382892042 0.9686735347556553 0.9692077423859036 0.9703231086488797 0.9708878197827759 0.9715278875326333 0.9722687430958952 0.9734079321684763 0.974544305822645 0.9747938588357321 0.9755171476420541 0.9767443896028073 0.9769054780021231 0.9772352272297955 0.9782536060766618 0.9786547949906639 0.9791124517606468 0.9794859027202836 0.9806519708528963 0.9810840071040857 0.9819501526293798 0.9833634636473534 0.9834634117019043 0.9841296672599276 0.9846549174138467 0.985408199921472 0.9860422723058496 0.9866764901707262 0.9871749046333342 0.9874632401551158 0.9879854934416048 0.9887909055713083 0.990271884418787 0.9907333955176527 0.9911324958844808 0.99207942548791 0.9922555724201998 0.9926401006883414 0.9934882567424835 0.9935842782501513 0.9945168240581872 0.9954862377435879 0.9958205950144149 0.9966312339767818 0.9970312247451139 0.9980648767373357 0.9983770507971531 0.9995913831986462 1.0004355295081797 1.0012301852586811 1.0020684856308248 1.002874466509402 1.0033677982484366 1.0037673563946605 1.0047066530026878 1.005324449885301 1.0055658015066595 1.0063885083854631 1.0074521606262548 1.00789614878418 1.0081825659294137 1.0094816132984556 1.0098313232009588 1.0102143699494206 1.0114124716799713 1.0122056921011773 1.012672291219822 1.0143384982651977 1.0155124651728824 1.016523650759354 1.0174118085699717 1.0181942232716414 1.018785422482078 1.0195179834168207 1.0200912762128043 1.0216227136365927 1.0222875042962052 1.0233564742943373 1.025628561051744 1.02810526727206 1.0284393179745923 1.0294893307506965 1.0329341444587512 1.034061971083088 1.0357820494044585 1.036741232793756 1.0438418139784726 1.309833775004118
43 1548 9.997696868728928 1.3138471187270817 0.9487141074798496 0.9487141074798496 0.9527014713014568 0.9544518119165037 0.9559780683385827 0.9570354434462937 0.9583533381290442 0.9604713930977821 0.9617075379701687 0.9629712600785667 0.96436462844115 0.9647856892131883 0.9654107025575387 0.9669525126397576 0.9680066914759056 0.9687024693292193 0.9696593074282054 0.9703856072607832 0.9710027894909447 0.9718499821633718 0.9731129479948905 0.9741335083695554 0.9746128565716585 0.9753892496910267 0.9758902739217771 0.976832905990379 0.9771611645647915 0.9778776512005071 0.9782531869936328 0.9789117312481236 0.9791905325672758 0.9796440059864727 0.9810211653430206 0.982178084761773 0.982775196818056 0.9831112336599175 0.984226121078975 0.9845556268667743 0.9850348723508083 0.985708283344226 0.9861157230646845 0.9869059724591231 0.987498388524413 0.9880495108949899 0.9886956177450965 0.9895546115589766 0.9902359033273413 0.9907084080889872 0.9912721858445833 0.9923406319090531 0.9923727980733602 0.9929679945775125 0.9934879006816668 0.9944187636388924 0.9952595144823698 0.9953279061312813 0.9962428732537124 0.9970545936144345 0.9983553216800727 0.9988438961434594 0.9993934894322579 1.0002140120955338 1.0013391076187432 1.0015797497641443 1.0024729982447147 1.0027141105566353 1.0031154605954857 1.0048940100686452 1.0054667566445339 1.0058777013434694 1.0066954756714501 1.0072610629250793 1.0079557655800706 1.0082660616876795 1.0092782331603398 1.0095496578897902 1.0100037386468583 1.0113587445607395 1.0117589747060707 1.0123096007624968 1.0148780531639292 1.015249155958626 1.0161519443026128 1.017316816304985 1.0181853261269884 1.0185648765385074 1.0196491056624546 1.0200554359590581 1.0221386957376706 1.0230596138557646 1.0232342586973642 1.026083618993631 1.027587187424258 1.0290887276386564 1.0304498819945849 1.033040160945766 1.034489672692748 1.0369653281198834 1.0390883907583501 1.0440397016468304 1.3138471187270817
44 1584 9.8141223556086 1.3172638552186864 0.9489610500511046 0.9489610500511046 0.9511661368693386 0.9539358154909153 0.955375508781775 0.9564947838506102 0.9578270901556637 0.9592485314349763 0.9607767131437598 0.9622591184994129 0.9629410039539941 0.9640726984329296 0.9653889981270037 0.9668955164293468 0.9676679833755344 0.9682471965542027 0.9692726587487899 0.9699927147450443 0.9708194669383584 0.9711626339650845 0.9724138831756948 0.9729648697045601 0.9740879421219837 0.9753845379406274 0.9760301545591565 0.9761860010089635 0.9771387495640957 0.9777155408584938 0.9780990750759899 0.979235705682832 0.9794247952485056 0.9797234744612726 0.9813275830903287 0.9818632066071896 0.9820417953794355 0.9826277443953615 0.9835805718170997 0.9843665986355775 0.9848059671749352 0.9854341695452626 0.9857867165063806 0.9869967266622097 0.9870616114351634 0.987847361623562 0.9888885764078588 0.9898526253070208 0.9899299917907259 0.9905725935226505 0.9913422862467511 0.992272794167998 0.992559583759711 0.9935780134324544 0.9939100645675186 0.9943254312182656 0.9950799769775841 0.9958637694651119 0.9969331304918143 0.9971149406817801 0.9976731624395883 0.9983905048018772 0.9996621595959652 1.000443726438377 1.0014226077426889 1.0017361398528117 1.0019672035035088 1.0027893646449946 1.0032277694076 1.004927419182589 1.005816345546658 1.0067514057670515 1.007215642690049 1.00739154735854 1.0075707405344696 1.008185195635161 1.0090597133950192 1.0094793432269011 1.010613971000791 1.011141820707185 1.0120970779770537 1.012789477736619 1.0150268654080763 1.0155703755165457 1.0167763746085592 1.017553099695497 1.0180681534009315 1.0185600583415846 1.020110020326764 1.0209418872960314 1.021584799140191 1.0229349698589298 1.0234381365335472 1.0253499092647993 1.0276799233435783 1.0295533494569784 1.0314707348556609 1.0332289566711843 1.034461959966353 1.0381572341241254 1.0397749262709115 1.043710990270542 1.3172638552186864
45 1620 9.61693980774621 1.3217100442608651 0.9482032635028572 0.9482032635028572 0.9514820337668526 0.9533148206793494 0.9546094921374575 0.9554964151488976 0.9575538002555426 0.9582608558862247 0.9606031919622584 0.9612430704719627 0.96251440416236 0.9643390273720197 0.965249893880856 0.9665502153027667 0.966788927419154 0.9679714542690854 0.9687175703182654 0.9694306738890662 0.9700052437104796 0.9704496402593104 0.9722178970465433 0.9722999082084475 0.9741948145000943 0.9749543214994728 0.9753731066645623 0.9764059082166512 0.9765122184674062 0.9775550365262601 0.9779769144678835 0.9785577518283364 0.9794909773544089 0.9797462225165892 0.9806738909280288 0.9813370372601248 0.9821511879227268 0.9827924385490321 0.9833275392952342 0.9838129185051818 0.9843968809306325 0.9847656348149751 0.9861207353322915 0.9868759377672771 0.9871374050008781 0.9879886734766657 0.9886900085513813 0.9893324226784128 0.9897222051125603 0.9906440446755048 0.9914329339328201 0.9922509013702706 0.9928450505268834 0.993059534744667 0.9935062075768979 0.9945166478455624 0.9952585262131993 0.9960441773974749 0.996360470309487 0.9969799184866599 0.9974324277515676 0.9978322335606288 0.9997382367444964 1.0007529805559445 1.0009933652144085 1.001439363709109 1.0024566923694282 1.00270482823747 1.002831855275535 1.0049586078068078 1.0054817514411816 1.0060390133544794 1.0064903689316977 1.006957093863871 1.0072966774695142 1.0087826894814327 1.0088925444581045 1.009240557423789 1.0109169911640299 1.0111597649393866 1.0124015523001648 1.013080106208444 1.0152294508862314 1.0160801732483034 1.0167796894008287 1.0177746237636742 1.0181395756986393 1.0190115442258667 1.019512619450147 1.0206480404486975 1.0219512061608358 1.022681727896472 1.02309310880467 1.0253824582845457 1.0273419523059926 1.0303642017679815 1.0312872576645338 1.032851045668169 1.034969307169581 1.0379010203286134 1.040380442692117 1.0438623222854035 1.3217100442608651
46 1656 9.460020325826518 1.3244891466499629 0.9481287351776535 0.9481287351776535 0.9509927017954255 0.9518671093229193 0.9536348136525091 0.955286968234592 0.9565782371400653 0.9579251055792222 0.9605592554754082 0.9613524735923181 0.9620687395471196 0.9640414453524953 0.9650884233508262 0.9656355877231206 0.9665210017774507 0.9673787969640464 0.9683986918353771 0.96943239230771 0.9700898057714621 0.9705996830628293 0.9711987250710347 0.9723015542470568 0.9730064906859919 0.9745602784314918 0.9749044555442133 0.9754656338343076 0.9761403853863888 0.977308291851867 0.9775476908247157 0.9781067598093609 0.9791965400385239 0.9799013265519293 0.980234791533386 0.9811173520142903 0.9822233076011753 0.9824111533260543 0.9829443057588494 0.9834917013783333 0.9846499341620979 0.9857140399069059 0.985815196047259 0.9861105686486767 0.9872201126331687 0.9876887086834711 0.9883592732564489 0.9888563818486066 0.9894289000872125 0.9908516443485506 0.9910473378765573 0.9921081340262319 0.9926793591649147 0.9932015348976172 0.993518094638096 0.9940619780641895 0.9951204785444006 0.9953159799318195 0.9965824395693567 0.9969899751460826 0.9973488444305877 0.9980222422866001 0.9993107550174407 1.000354346832921 1.0012884651574376 1.0014303247874796 1.0020934738873275 1.0025696121619356 1.0031928229001394 1.004585328365492 1.0053536336750308 1.005668553426402 1.00702706138354 1.0074181436272795 1.007685362293249 1.0082901407701428 1.0091197252878148 1.0097058205452802 1.0106038542906515 1.0113231960510654 1.0128764016788092 1.0137318034870204 1.0147662957081216 1.0166188120111328 1.017171762826561 1.0172924931332168 1.0183319967082198 1.0191643723017998 1.02028415719821 1.0208582047384653 1.0221032359631725 1.0227773647952563 1.0240104634127982 1.0262820893604245 1.0275671598821599 1.0309188459420127 1.0321802416507115 1.0330619785964081 1.0350706308552404 1.0373643022482701 1.0406967382784384 1.0435269868677381 1.3244891466499629
47 1692 9.315925366894138 1.32757547201507 0.9480502909356533 0.9480502909356533 0.9500661669517536 0.951027313118827 0.9531410723962678 0.9541029318026468 0.9560647085236356 0.9571235771512803 0.9592460082926101 0.9607061200384255 0.9612399421481728 0.9635108846887536 0.9647875010098202 0.9652133553465291 0.9661537384388125 0.9669342327508809 0.9673137246479344 0.9682901411778758 0.9696248654264252 0.9698184132507166 0.9707080075503788 0.9716661769210888 0.9730204639390807 0.9737283640056262 0.9741653817121739 0.9751525843725534 0.976267647551535 0.9766881062594169 0.9775644301061024 0.9782420394952526 0.978854098425385 0.9791122732001687 0.9802249943752582 0.9806496658711525 0.9814484716164512 0.9820508498339267 0.982802793063561 0.9831334674859863 0.9842405490698961 0.9852795260183836 0.9858218827388437 0.9862498197834249 0.9868176947850478 0.9876025809972026 0.9879444541467932 0.9892740334500804 0.9894850168307523 0.9899878708974956 0.9904295745397264 0.9908890042740564 0.9921716036904227 0.992714632231915 0.9934713307395194 0.9939809038382421 0.9946285485419658 0.9951472203603332 0.996147375306025 0.9964476986743183 0.9970261307695646 0.9983534208951105 0.9994277593863973 1.0001555070085404 1.0007642483161772 1.001368486198842 1.0022058335781503 1.0031212555804923 1.0038756934301105 1.0050773016993426 1.0052312096443214 1.0055859918433987 1.00651003595009 1.0073758239280495 1.0074677066550466 1.007976941099085 1.0092340648287625 1.01008335587611 1.0104200655409752 1.0115915580142554 1.0132518803489725 1.013638256194975 1.0151948263480284 1.0159749292023204 1.0163162521471014 1.0178713614216264 1.018503847743655 1.0191324069659626 1.019934629418445 1.0211410501663132 1.021764947061545 1.023137295048477 1.0242835024910921 1.0258703844964772 1.0274405358851317 1.0315580646601428 1.0329093573668782 1.0339789301101248 1.0357030328226406 1.0381141467487696 1.0410874698111194 1.0443456476831698 1.32757547201507
48 1728 9.096507569444425 1.3312866397024181 0.9473977578407995 0.9473977578407995 0.9496430250497373 0.9507131826371541 0.9530160146387503 0.953372842227956 0.9556516817139075 0.9564204198778989 0.9586898325395719 0.9597303676505743 0.9611081964744955 0.9623759302609715 0.963800342410438 0.9650090386017088 0.9656824669781827 0.9664214628997173 0.9673304185429896 0.9676032658656665 0.9685619247008787 0.9694752312256736 0.9703381237166294 0.9710262962251394 0.9724007567039809 0.9732093446685529 0.9737649541826244 0.9749889509443754 0.9760176495326678 0.9764803319892801 0.9775422121665036 0.9783252684802415 0.9784641805103531 0.9792879752540076 0.9799296337370837 0.9803518232770042 0.9809218118160428 0.9819264714036221 0.9821949460276153 0.9828472621991864 0.9835782384146045 0.9847667801611034 0.9852896424891839 0.9860888063239688 0.9869775138571427 0.987817772238353 0.9879885834144053 0.9886063965047391 0.9894354302573358 0.9897452995132945 0.9898806193948336 0.9911922065743503 0.9924164603772203 0.9932686634323221 0.9936948160668212 0.9941667938747981 0.9943545655631486 0.9952682694719551 0.9959756818911586 0.9967764817386892 0.9973527882787111 0.998272815700105 0.9989672247226418 1.0003025430548338 1.0005459278351478 1.0012223477678686 1.0017180002455888 1.0029607693093516 1.0038513115939534 1.0045382716055673 1.0049537797864172 1.0056525374809042 1.0062075186787445 1.0071621149751349 1.00753000357957 1.008158298970065 1.008757486290308 1.0101874493486318 1.0112232696984826 1.011827087711468 1.0126820795971476 1.0133615829411233 1.0156135015293406 1.01585696273952 1.0167580526710922 1.017945341628052 1.0186400770118593 1.0191767299807069 1.019888004033999 1.021786563844471 1.0224214055845553 1.0230483146129066 1.0245016545150114 1.0261159572666123 1.0272477891042957 1.0325014668215386 1.0330761818026681 1.0340950098010866 1.035338394552464 1.038305872729373 1.0411924153807524 1.0446509235371233 1.3312866397024181
49 1764 8.883059696625336 1.3347575881110707 0.9471402330806538 0.9471402330806538 0.9493087050776822 0.9502769142442705 0.9528479852622174 0.9533810641314775 0.9554824827955928 0.9559637101745605 0.9580105814616363 0.9592570814982396 0.9603460919808408 0.9625795039634185 0.9630600418588625 0.9633839012183814 0.9647416777706297 0.966335713791267 0.9669995868217482 0.9671798255818174 0.9677704570338694 0.9683411698573158 0.9695599562019656 0.9707807699154267 0.9713187454263371 0.9719300810593335 0.9731830692941321 0.9749191455088339 0.9752085983278643 0.9758537612424187 0.9769285088914433 0.9776066577787714 0.9783516529929166 0.9792814140655026 0.9796079893370998 0.9800043593451286 0.9811811996892704 0.981568752884196 0.9821302819662673 0.9827905335756849 0.9833845417069589 0.983780926447177 0.9855610371778174 0.9860800687217569 0.9868476838963086 0.9872569106039734 0.9875527453576739 0.988667663397254 0.988898920762645 0.9899402033587817 0.9903558802818149 0.9911939034255973 0.9917952941601601 0.9929486581832077 0.9933681474995166 0.9937900043238088 0.9943890665342809 0.995533562075186 0.9957602017268704 0.9970521833148902 0.9974704758810616 0.9982799170492027 0.9998421541409953 1.0001260342361877 1.0006150693341445 1.0008478814239579 1.0020959749919085 1.0026798735641012 1.0029823655164043 1.0047101611063793 1.0050737280548652 1.005374914771074 1.0066988840678184 1.0072905626180977 1.0074643146173088 1.0085380999617652 1.0092500430409965 1.0097055226003746 1.0107146303458139 1.0116611283173116 1.0128925604515049 1.0137500864677276 1.0147887410817829 1.0158450834768493 1.0159346807002374 1.0176488076874868 1.0187678524981878 1.0193590620348656 1.0202796562766132 1.0216080407891241 1.0221932895535522 1.0232584219627234 1.0245132116674762 1.0268517662176255 1.0278818095185231 1.032572100766117 1.032643378260739 1.0337591205259595 1.0358401424417183 1.039298525099104 1.0411212458392736 1.0444603039489073 1.3347575881110707
50 1800 8.651787006696305 1.337724100163378 0.947153508299773 0.947153508299773 0.9489513418216776 0.9503294878288777 0.9525980657413226 0.9528023701283092 0.9550260771369968 0.9557669887043792 0.9573229026618345 0.959240280987245 0.9603047804323647 0.9618399316350233 0.9619728759150684 0.9630551875366399 0.9638839960602553 0.965552010180379 0.9661013809844163 0.9665742820778602 0.9677027840474985 0.9681956627671368 0.9695233444661447 0.970581310387624 0.9706821602512132 0.9717236952010488 0.9732536740712241 0.9746300245397067 0.9749311102161553 0.9756342474784552 0.9769065414037023 0.9773617319306825 0.977880806711644 0.9788990831488672 0.9795410245363183 0.9799990133834994 0.9809377519235939 0.9813081087064526 0.9819807144949442 0.9826474806086197 0.983234820166814 0.9839807826702321 0.9854039493496536 0.9858322710630797 0.9861616826192798 0.9870899000854734 0.9874654397358944 0.9885518418293302 0.9888993207259835 0.9899408185718838 0.9904730918422692 0.9910342755829809 0.9921059589699145 0.9926189106322572 0.9932376152023404 0.993868934961789 0.9940726643226059 0.9952271447587147 0.995580775497242 0.9962732696144012 0.9975283108511627 0.9977021425824513 0.9994870451091329 0.9997419446059626 1.0003106953249352 1.0008359413667591 1.001901642258219 1.0029502702799438 1.0032176540902233 1.0039712397988099 1.0044808229639282 1.0052461945395876 1.006223293712364 1.0064058800888689 1.0072005325239297 1.007974055219056 1.0091125876211786 1.0098272039548695 1.0106893437806084 1.011434831301789 1.0123365104768138 1.013991871457206 1.0149226193951282 1.0155906673222639 1.0166764847914762 1.017955585782406 1.0189097550810646 1.0195217699072072 1.0205847405416253 1.0213466837576521 1.0220884471306868 1.023769605619678 1.0240350024407048 1.0266476471362715 1.0282047442948175 1.0321352400545138 1.033622342206713 1.034601764951573 1.0359290987306178 1.0393908091783526 1.042100380817262 1.0444178611780572 1.337724100163378
51 1836 8.41869649090796 1.339539873805692 0.9463876670759329 0.9463876670759329 0.9482096165030975 0.9501705381592288 0.9520108113718844 0.9528845970645164 0.9548206033174218 0.955255126208271 0.9571808173087509 0.9588651242508417 0.9593020588278424 0.9609474135900369 0.9618578089842302 0.9629440769156666 0.9639261479691618 0.9646471433387053 0.9656862915108901 0.9663774485295014 0.9669456250902337 0.9680065818905942 0.9693938005613322 0.9697804738732765 0.9704648931237567 0.9715316913809043 0.9731374406549635 0.9742078134109547 0.9746336158825941 0.9750334358566524 0.9762408605996071 0.9772353908686179 0.9777852805162357 0.9780778131589839 0.9787120920835806 0.9797650790578696 0.9805390277230303 0.9810599559268391 0.9817935321972276 0.9824420459035066 0.9826799733247948 0.984142998380472 0.9853016576668129 0.9856709609762758 0.986144736879108 0.9867158462256556 0.9874514174180601 0.9881568365372538 0.9885922144412733 0.9897461835091851 0.9901720162296981 0.9905215851838918 0.9920298092908323 0.9927552892301571 0.993151791653293 0.9937153566199083 0.9945265743947547 0.9951015801053124 0.9951291541752206 0.9957107730608248 0.9974286116540662 0.9979975223819946 0.9993566620891963 0.9997721909404603 1.0002335417877875 1.0013090436818524 1.0016908259399702 1.003019023255334 1.0034160226027673 1.0044810628069205 1.00483716870508 1.0053398366261033 1.0059852122138182 1.0066683532026603 1.0072427974432556 1.0078900002148063 1.008549963283717 1.0095893512780993 1.010289300030833 1.0120587544665205 1.0123924563582012 1.0135952645353024 1.014933354953536 1.0154322593327514 1.0169259269232604 1.0178836860600609 1.01923718224101 1.0198370734464062 1.0210366541839988 1.0213238962659916 1.0228347332296706 1.0238528952059485 1.0248388991104298 1.0263361089170735 1.0276454599569487 1.0322182116498406 1.0337186593119778 1.035305770367249 1.0360957361704697 1.0396088115401294 1.0418729733882408 1.0439550984078818 1.339539873805692
52 1872 8.235490915538263 1.3417826610040247 0.9459322761661078 0.9459322761661078 0.9472433356050421 0.9499462841316542 0.9516325698164585 0.952350045066251 0.9538775810611451 0.9543429271410935 0.9566593631747727 0.9580594366085539 0.9591558613908011 0.9603938650485445 0.9616578232369699 0.9625242017157891 0.9635518340126885 0.9641487835939272 0.9650453610539607 0.9662042654105587 0.9668249963337935 0.967137870866064 0.9687678104723664 0.969468797224356 0.9702291406301004 0.9707119852143035 0.9727892991848138 0.9737354662885633 0.9742648141112669 0.9752006180159224 0.9754826968013685 0.9767210538843192 0.9771216124474631 0.9777145120705284 0.9786464058649501 0.9792214593328008 0.9800466941704223 0.9810077007506566 0.981496255041618 0.9824707035413048 0.9829713440468639 0.9836984422683372 0.9840087706142148 0.9851871326436243 0.9855967839283115 0.9864556272980118 0.9869406051550105 0.988485702345401 0.9888360689994894 0.9898168722511733 0.9899090946024122 0.9904225219579517 0.9914692269255517 0.991949117739778 0.9931136668434423 0.993492202030886 0.9938911115371175 0.9946548667116489 0.9950443381208353 0.9958427449965563 0.9968329274389258 0.9974270114553837 0.9991007435811986 0.9994696865275613 1.0003748755094675 1.0010315221999273 1.001879981029586 1.0028242062736696 1.0034520086381753 1.0045911046917662 1.004661681828017 1.0054396004058692 1.006053632477135 1.0073030884981757 1.007761625000487 1.008228189896789 1.0088524502593594 1.009302611152351 1.010974212591594 1.011429420672819 1.0126582056325915 1.0132356116444445 1.015426220393209 1.0160399968393414 1.0171280607367814 1.0183924610040787 1.019451747772546 1.019642292500377 1.020967966587057 1.021943440513455 1.0226324485132674 1.023540351312347 1.0246118647817162 1.0265888957748064 1.0274846797128474 1.0327080327182816 1.0341560219540402 1.035255677122745 1.0364149258530722 1.0394487099710135 1.0421344106180404 1.0445741938585777 1.3417826610040247
53 1908 8.057407297516017 1.3434873035732118 0.9447598256138074 0.9447598256138074 0.94627680556788 0.9495055288410292 0.950844272678154 0.9520972135302285 0.9534694457792473 0.9542858311793576 0.9557775526596832 0.9573601493681899 0.9584338866753984 0.9602759470219495 0.961707029248502 0.9622992848625468 0.9638058962083862 0.9642751084040881 0.9647961607537074 0.965553519462296 0.9656777068495954 0.966771604621447 0.968051668495435 0.9691912962686958 0.9699131263845666 0.9708602885426226 0.9724277574584388 0.9736904961645199 0.9739545160289015 0.9741111833799035 0.9750330727102045 0.9753967765766941 0.9762682530105883 0.9778068731622036 0.9781047061215571 0.978473726585794 0.9792744136770725 0.9795136360271391 0.9816647128596506 0.9823130815728283 0.9826139397749569 0.9830740769161301 0.9838269445895548 0.9844850340808925 0.9853248620509237 0.9864603068509812 0.9869815203593361 0.987810118291086 0.9882767640127732 0.9895185931957025 0.9900955687696161 0.990632752411923 0.9909014436265488 0.991832120444361 0.992467335385319 0.9933255132527595 0.9939432320670318 0.994652662999943 0.9954705985373878 0.995828472015893 0.9970380560990949 0.9978369263391489 0.9989168722812676 0.999416373443865 0.9996387743250842 1.0009373772440255 1.001780220826812 1.0025416782151078 1.0034842430330815 1.0039246962580324 1.004520197130934 1.0045739293579492 1.0056778525490615 1.0068641341419797 1.0073181854902653 1.008361527013808 1.0091587624513312 1.0096528580232509 1.0113747274796985 1.0126023622982905 1.0128970139616984 1.0131749161589667 1.0159448991560136 1.016386010817661 1.017352535104942 1.0184735365900033 1.0197874981235424 1.0199673154224682 1.0208687707479298 1.0226522837232621 1.0229581836391433 1.0233539698854337 1.0253740308787302 1.027024151710386 1.0280552155162292 1.0321905658229416 1.0339851028046825 1.0350762101815894 1.0369861614932394 1.0397870277968024 1.042117631794268 1.0442869322991468 1.3434873035732118
54 1944 7.822363294854203 1.3440883610719572 0.9441987448381851 0.9441987448381851 0.9455169039906437 0.9490340139335924 0.9510684504205174 0.9522795088603311 0.9529624718126454 0.9542552655077481 0.9555728793909801 0.9568255946172614 0.9578715661553303 0.9599433141347036 0.9610439424845397 0.962025342013716 0.9626610236041006 0.9635038251756156 0.963922986253091 0.9649569234949272 0.9654376983458093 0.9666105561070415 0.9680096365061378 0.9683641998568647 0.9690660859149927 0.9704168190925884 0.9716415987360894 0.9727494790642321 0.9733578761373313 0.9737600955465913 0.9747786305117341 0.9753088517525303 0.976600558749719 0.977323434939997 0.9777840229304717 0.9786853846244079 0.9796505805043791 0.9798195921151062 0.9812672600160963 0.9818779634070924 0.9823597233623033 0.982728475025357 0.9833752003892867 0.9844785748946945 0.9851385610329257 0.9863532646462339 0.9871204820910198 0.9880974020717463 0.9882309251026294 0.9889231231441475 0.9900115503191652 0.9904000825900503 0.9909556339894143 0.9913800657128943 0.9927417814799238 0.9930992736003766 0.9936209634570813 0.9942296057256857 0.9949822357979152 0.9965790716511758 0.9970251920098939 0.9976368995611414 0.9986962636196232 0.9991004639258074 0.9999240850660965 1.000606170138017 1.0017113009493002 1.002365152450268 1.002836008997018 1.0033518469088956 1.0043919431045831 1.0048336992437124 1.0056960099001597 1.0059754312486613 1.0067124427273635 1.0079359596526576 1.0092703489527075 1.010155737931297 1.0112139253252477 1.012117278744366 1.0130467918898398 1.0137363462907971 1.0159053519996308 1.0164035076540172 1.017516391774741 1.0188142987824287 1.0200749601599617 1.0201474050291817 1.0208569888624401 1.0225334902933423 1.0233981903824625 1.024287688675663 1.0248997444172094 1.0277204517345429 1.028385493175446 1.0315808857399074 1.0334238782405623 1.0343025722127595 1.0376072639579523 1.0406602889482195 1.0421595686739242 1.0445649358715918 1.3440883610719572
55 1980 7.60107803803677 1.3454214765423425 0.9437046895750077 0.9437046895750077 0.9444054986259631 0.9493138193667187 0.9506274512266543 0.9514408399124958 0.9525588535788206 0.9530136844790793 0.9548384401325739 0.9563774950471035 0.9571048893035916 0.9584118055206509 0.9608115776622485 0.9615539137346282 0.9623950338070631 0.9631144077765127 0.9636753713595274 0.9641103455428683 0.9651602469651714 0.9664121406215784 0.9677782703303873 0.9685975218253284 0.9694644104875868 0.9696070469195495 0.9710167034561528 0.9716310866916593 0.9728304264439275 0.9736749864973399 0.9748364333190128 0.9749992652656466 0.9757384603541843 0.9773851987699865 0.9775539743458485 0.9784591996615993 0.9791623320739576 0.9801680669825186 0.9805061057284324 0.9819602937695231 0.9824102028132361 0.9828116673372493 0.9831677875725062 0.9836529719938447 0.9854775595981898 0.9862983893460683 0.9870562470345592 0.9878455207376802 0.988332989145172 0.9890659119710979 0.9900157295553157 0.9907055547309572 0.991090265570087 0.9912455817406753 0.9924301397193178 0.9927756674676318 0.993304985174046 0.9940223698352474 0.9950972770062697 0.9962685534199639 0.9970320711459733 0.9976696898973554 0.9982410118046456 0.9987443269864527 0.9997971263165037 1.0001964663835365 1.0015439234640968 1.0020812048910612 1.0026491828177524 1.003186091552869 1.004062923667599 1.0047578302378095 1.0052066180868213 1.0060053345076982 1.0064961817240645 1.0076660056558688 1.0087426313611227 1.0104371690381495 1.0106597676074132 1.0125048362536524 1.0129181639391596 1.014403857196995 1.0156445042306652 1.0162023383347214 1.0168948561854863 1.0192595164088756 1.0197401574325364 1.0209963305475145 1.0213430954918647 1.0223668438376825 1.0231844393099585 1.0243596599131857 1.0244954004069133 1.0275145843703244 1.0287998060372094 1.0321062440023248 1.0333148789626156 1.0344300900419678 1.0372581621208559 1.0414559210751526 1.0426630714137524 1.0442452291715063 1.3454214765423425
56 2016 7.383201945826288 1.3468283255669946 0.943355224366157 0.943355224366157 0.9441956192948171 0.9485060775907415 0.9499165773194329 0.9506359959274941 0.9516890605311259 0.9529702753877687 0.9540561562271647 0.9556187700331287 0.9559985446995811 0.957676732564405 0.960456509988269 0.9614294585090044 0.961853155173365 0.9625126924206701 0.9629969533764996 0.9643719789906628 0.9652652238342626 0.9664959160600897 0.9676625428554042 0.9677356054110078 0.9683665948657112 0.9690531972808963 0.9701970394833824 0.9713929069803391 0.9718876259599138 0.9726154667260387 0.9744210877750247 0.9747148656100119 0.9756265280706451 0.977120650542288 0.9775313374195278 0.9785687759544504 0.9789612043861824 0.9799777897999944 0.9808437209098564 0.9813016509472294 0.9818197217569536 0.9827126173295692 0.9829493675400461 0.9839580013734659 0.9855957121855792 0.986127828090172 0.9865329018182484 0.987986582494072 0.9882255894560104 0.9887379205498417 0.9895794293798773 0.9899318238205764 0.9910503277064907 0.9913612046453337 0.9918456957191473 0.9922362720472699 0.9934349384575752 0.9941074602004949 0.9953069388897499 0.9965794850123383 0.9970642097486221 0.9974784481788322 0.9981273951659456 0.9990690279968886 0.9994598584930644 0.999845910165324 1.0004755548746287 1.00220079326328 1.0025659359199963 1.0036517711155402 1.004364471849116 1.0046465280034225 1.0055425465602112 1.0058752753363356 1.0067031488476776 1.0077118329889692 1.0091544013611902 1.010274134853996 1.0106574290291335 1.0123041043427758 1.012963175731732 1.0139073374307244 1.0154980405527934 1.01582433015705 1.0172324138958257 1.0198621771108387 1.0204785230199587 1.0212008666357362 1.0215778627366072 1.0220182505934334 1.0242369874044652 1.0246277868076554 1.0253306706871879 1.0281416440940971 1.0296981199438047 1.0318431379893038 1.0323306499539686 1.0345561347120744 1.0371392689570085 1.042115831315829 1.043277005319282 1.0442016764082416 1.3468283255669946
57 2052 7.208188958379824 1.3484549165368336 0.943221616194536 0.943221616194536 0.9442783049532915 0.9470649745256564 0.949721477465206 0.9499114506188034 0.9517705026380454 0.9532986530104195 0.9541098944542853 0.9553334546025187 0.9558886303592127 0.9567656004113299 0.9594085384172899 0.9607467621079874 0.9618684665278238 0.9621538612072121 0.9626010291804307 0.9638336225532236 0.9647868746763865 0.9657545328630258 0.9672762148470126 0.9678016634761748 0.9682076320316475 0.968866178431097 0.9698576233089509 0.9707146042263194 0.9715992262587192 0.9725678613969723 0.974348990549344 0.9747846455528156 0.9752309799588249 0.977198757181727 0.9772725055111031 0.9783277484287647 0.9789510624119083 0.9797321601235205 0.9805058718064048 0.9808961848216361 0.9817966513831708 0.9829861565422463 0.9837425010688604 0.9842752716134205 0.9848041035043104 0.9858378980991692 0.9863530424824811 0.9870387670800452 0.9877029845930048 0.9882072585844411 0.9889626161788663 0.9894592489352227 0.9902845612116996 0.9910095144094097 0.9916207783378922 0.9924308292762638 0.993089844831964 0.9938265627499108 0.9953372130819798 0.9959112093726092 0.9972085877510009 0.9974241656860628 0.9983227427682261 0.9990454751271614 0.9993996818027331 1.0000865658951932 1.0003659000166574 1.001377599619752 1.0025254356514524 1.0030229154348225 1.0039599481241719 1.004586640808842 1.0052007509190743 1.006494680940572 1.0067300638024974 1.0086831205570634 1.0093927688904447 1.010564590185963 1.011357355023456 1.0123423862018823 1.0128229459261098 1.01390160912374 1.01491049483469 1.015534732408909 1.017608709727565 1.0198928854182168 1.0203691033071545 1.0213690423761341 1.0215546990013125 1.0226309968880611 1.0237301514014576 1.0244882375981805 1.0248945311497428 1.028555491215128 1.0293766037628893 1.032443698684297 1.033107989278211 1.0348917073633144 1.0367518593179277 1.0420651543811166 1.0442932107381993 1.0449261857841152 1.3484549165368336
58 2088 6.996451226010799 1.3496572342336381 0.9422633125714062 0.9422633125714062 0.9435571111056841 0.9464268249159291 0.9491253649065402 0.9493079344988603 0.9511560443263469 0.9521770028925548 0.9535563068682258 0.9549054640407326 0.9553217431506165 0.9564166713395101 0.9590531372318325 0.9601781127106709 0.9609912425229705 0.9614998063935595 0.9625789935891784 0.9633601497947051 0.9639382267700785 0.9654611816266844 0.9670725553675309 0.9673782697584655 0.967499069197849 0.9690691881165165 0.9696849575207678 0.9708041725284784 0.9711701717200677 0.9721926878498963 0.9738343226990246 0.9747627301212209 0.9748212132357803 0.9766654347074879 0.97704701267963 0.9774835825169274 0.9786389803711946 0.979656167383617 0.9799273223220022 0.9805066284586555 0.9810073965490983 0.9829096876712089 0.9832400965128183 0.9842593758416227 0.9845972186057556 0.9856560862427465 0.9859877132658429 0.9873367108715548 0.987511971030843 0.9881715194268947 0.9885196453880566 0.9889248581795532 0.9901689870302767 0.9908140510922275 0.9915400069273091 0.991997311146776 0.9939809497185249 0.9942074088563149 0.9949884459951717 0.9952463024532381 0.9972251970715375 0.9974048276782904 0.9976755897431779 0.9983468483422132 0.9991163699679165 0.9999925930640728 1.0006009423533382 1.0012922267665083 1.0026436938753736 1.0035566555540616 1.0039934873720522 1.0043571598528334 1.0051140447415476 1.006255352541035 1.0070288927257123 1.0091470657533697 1.0096920031185108 1.0105356010777395 1.011621960343615 1.0123699521200311 1.012997215919316 1.0137223199769436 1.0143469901351039 1.015446577646976 1.0182157963680691 1.0197658923665585 1.0207266079078305 1.021150234105174 1.022068904299107 1.0226072679660727 1.0234903917743643 1.025136943702372 1.0255399476995373 1.0284936961602977 1.029339750925631 1.0321725153989618 1.0331268123299016 1.0352989336648961 1.0369197366157994 1.0417133720947713 1.0442015921216798 1.0452873737233241 1.3496572342336381
59 2124 6.85417768999065 1.3508160393163897 0.9422341357298936 0.9422341357298936 0.9433416713617105 0.9463496990524588 0.9488297574563648 0.9499263361392308 0.9506035149797236 0.9518327298833574 0.9530019596469935 0.954759950372101 0.9549411849797358 0.9559329400547082 0.958644743240976 0.9595232421655545 0.9604305643433304 0.961322142347458 0.961806518484116 0.9627261405302019 0.9637011471648207 0.9649081924063125 0.9664482768513638 0.9669346538787852 0.967443619122532 0.9685617237953069 0.9693191229124329 0.9705996264368343 0.9708395563205144 0.9713192440797033 0.9729269529244433 0.97415876717036 0.9747141128926694 0.9754810410161078 0.9767645422624085 0.9774402201080893 0.9780099098497068 0.9789791676057131 0.9796030908548456 0.9800421482327141 0.9806123532082529 0.9819514002092615 0.9830064089638118 0.9842172834041655 0.9850505522714453 0.9853750194658426 0.9860032543441716 0.9867324437208157 0.9875233747426573 0.9880768639032126 0.9888261181373206 0.9888947731663777 0.9896748086639072 0.9900304240486848 0.9910712363455241 0.9921088819859477 0.9932288329395906 0.993884371452724 0.9947220994407957 0.9955954356465473 0.9960147205328829 0.997178504788591 0.9978175995854086 0.9984291121062496 0.9995636885795984 1.0001901292562119 1.0008237857897313 1.0015319486791585 1.0021061030410006 1.0034538664697195 1.0036817672989413 1.0047060390715548 1.005113000077157 1.0058310283315053 1.007214617508784 1.008830751585346 1.0095776885100025 1.0104051798964802 1.011461979065319 1.0120485935895325 1.0125590720956483 1.0131471144416226 1.0145846750590701 1.0150474185590745 1.0186399680438747 1.0196486620423668 1.0203322217471178 1.0218707982974176 1.0223878131509787 1.0228778026151224 1.023303551153361 1.0251484041135388 1.0264358261939994 1.0286626418532452 1.0289331146132867 1.032421043339736 1.0328824694410816 1.035756475335266 1.0366972194760558 1.0418600505229465 1.0439568637408823 1.0452861641593312 1.3508160393163897
60 2160 6.72138600996695 1.3506020208465623 0.9420053796473983 0.9420053796473983 0.9431470065830377 0.9448487941371964 0.9477474258426343 0.9491223991766788 0.9496637871776265 0.9519241063351414 0.952350278282597 0.9543585370802842 0.9547046165706387 0.9556399772733671 0.9578221208211973 0.9587674100396647 0.9595293142184514 0.9606263728090838 0.9619178993209563 0.9626303241886268 0.963346579597216 0.9652140865527179 0.9658876804039189 0.9666065106633878 0.9671472021100253 0.9678673781773763 0.9693621551696431 0.9701941912500291 0.9708354045885136 0.971415865229979 0.9723223355630959 0.9742755186907046 0.9748830546730984 0.9753737246704066 0.9767065965790784 0.9768927761860264 0.978196573744845 0.978821691803096 0.9788833359220348 0.9798094090181064 0.9803532065941143 0.9822649631983285 0.9828312966862464 0.9838389686555227 0.9847375344699704 0.9851067123961963 0.9854563896823426 0.9867437540119922 0.987133166982004 0.9877902832878419 0.9890376268200226 0.9896311116802099 0.9899533481679744 0.9904212830447817 0.9908653895522085 0.9918221544950668 0.9928367790348804 0.9940304628388215 0.9944862428063969 0.9951988045230101 0.9957791154846645 0.996390499245052 0.9975537814443097 0.9981581016512624 0.9994803437821937 0.9999223524395672 1.0008774228757868 1.0019347522808517 1.0025928345974677 1.0029467063159676 1.0043674371070541 1.005098693174042 1.0053221031102924 1.0060536049028195 1.0072191382979796 1.0090203634523074 1.0100213179083928 1.0107296465935627 1.0115569120113452 1.0119126376186038 1.0129166666507672 1.013959786384528 1.0145489208049099 1.0149420708952837 1.018516860229616 1.0194664553950972 1.020524361799045 1.0214267818143938 1.0223026806228568 1.0231229515145632 1.0240058846338258 1.0249929537740496 1.0265750543668357 1.0281234597528333 1.029973546510816 1.0319237946699944 1.03413063784735 1.0360675998705637 1.0374065321891384 1.0417892068942063 1.0437835130031838 1.045578175264127 1.3506020208465623
61 2196 6.551628821766275 1.3503430757650592 0.941739260053124 0.941739260053124 0.9422681867953205 0.9441650806053701 0.9475859336864485 0.9485143009262297 0.9493784215683864 0.9506633850909788 0.9520975154924594 0.9543339691242626 0.9549571029896654 0.9552079164360947 0.9574205244737783 0.958052771530101 0.9592242341313458 0.9605440499904455 0.9606985739564562 0.9619639069764773 0.9624505414604868 0.9640168132714207 0.9649630288928008 0.9667060337330079 0.9670733364340333 0.9676419686662973 0.9689988971916779 0.9696263235381696 0.9705842571745964 0.9714561494497743 0.9722730588339894 0.973545434614221 0.9749608641490076 0.9753582703059822 0.9763288303916126 0.9772548520459107 0.9776487048151689 0.9786687191045079 0.9791618363151962 0.9796032932869829 0.9801900515816035 0.9814383830556549 0.9826193744287112 0.9835158356708265 0.9847089196817195 0.9851795515058526 0.9854419571800457 0.9868823192879591 0.9872016003177543 0.9877462006551451 0.9890407770864086 0.9894417187157526 0.9895625178487503 0.9906612714872163 0.9913445844760103 0.9922434449142611 0.9931192168642083 0.993807844823395 0.9947150959947029 0.9949034030921539 0.9961117476127634 0.9961862927423752 0.9971271186665914 0.9977112441662125 0.9995549062140692 0.9997815356846047 1.00136980366566 1.002241968249396 1.0024339463232252 1.0026831196404817 1.0032286047524321 1.0046522891423286 1.005386225116418 1.0058945799130163 1.0070341900878301 1.0092979372410569 1.0098553092990394 1.0106689199339973 1.0121698016226204 1.0127911188004028 1.013043434713799 1.0137676618502327 1.0151396597207323 1.0155949248029934 1.0175154277140324 1.0188804554756203 1.0203192264034122 1.0207142353114276 1.0220280786632325 1.0226578700008497 1.023852187656607 1.0251173245187424 1.0264488300865744 1.0291955572539533 1.029674868244179 1.0314931582448612 1.035466906471338 1.0359999870393726 1.0373890927604694 1.0418413275129061 1.044518840463968 1.0466265784537447 1.3503430757650592
62 2232 6.349172153873385 1.3504058618209527 0.9412396297353364 0.9412396297353364 0.9423219164367905 0.9435829551822128 0.9469552842065726 0.9471938841712004 0.9490295659345696 0.9501040826891672 0.9517894855386952 0.9530319621246347 0.9539237317409806 0.9548524298406056 0.9563628102387997 0.9577057927964193 0.9582720598078907 0.9604112881918787 0.9606580417587688 0.9616228382516994 0.9622841378178039 0.9632927617397828 0.964643177701579 0.9660127992371875 0.9668602243687754 0.968105732584183 0.9682626278937208 0.969438922920584 0.969652425177255 0.9709198967359298 0.9720224032358056 0.973052940077069 0.9735145560094391 0.9756367484860351 0.9764983867237258 0.9772891825453561 0.9775840818016692 0.978194774848953 0.9792621365391417 0.9798130450836195 0.9801848367067989 0.9814124655555456 0.9823965471595121 0.9834189868188382 0.9844197870838781 0.984875259868722 0.9852283974615379 0.9865409253006737 0.9869520604604415 0.9879038628669689 0.989123735390953 0.9892063816329759 0.9894040569538664 0.9905435863169725 0.9915731840461264 0.9921879432965044 0.9929760420176506 0.9935439501503206 0.9942299872682152 0.9948519129313634 0.9956553612249374 0.9961235638925472 0.9972476751942262 0.9987634019698289 0.9990222319955289 1.0001960987188891 1.0012560192215816 1.0018102541984393 1.002423981450389 1.0027622529612228 1.0033878047352305 1.0043131962146896 1.004723656702844 1.0052505817415534 1.007321533819779 1.0093578420698959 1.0098378120217615 1.0106405058242305 1.011957019757519 1.012508751065548 1.0134755504397779 1.0141460689710846 1.014540803080839 1.0156381361411841 1.017705939296217 1.0195165600215053 1.0205617247349361 1.0212340831087305 1.0215574067104234 1.0226747129760334 1.0250143915507763 1.025428130038516 1.0263752322187951 1.0287551771608605 1.0299742725350787 1.031381148274722 1.0350575700116265 1.035988117315411 1.0375395002550893 1.0416116329182368 1.045203285900788 1.0475571503331347 1.3504058618209527
63 2268 6.18256709360995 1.3501896599134564 0.9401283842380703 0.9401283842380703 0.9419492792649466 0.9432967809185332 0.9468117442167662 0.9473305527039246 0.9483724873985536 0.948907015678616 0.9518431807255585 0.9522517794296198 0.9539682665852242 0.9543557932064479 0.9559869153275216 0.9573946974628381 0.9579664094466146 0.9593671202131099 0.9599999401952644 0.9608028524806312 0.9617114950038995 0.962285903397173 0.9646195519397284 0.9656324623206454 0.9663353657111126 0.9678566919983403 0.9682468192152608 0.9688164767182394 0.9697117154766517 0.9708604669820022 0.9716447973927015 0.9727859152299726 0.9737010801054413 0.9748278874160189 0.9763209768281845 0.9766493520488209 0.9778432207469174 0.9783916531315392 0.9792523757198653 0.9795979445011315 0.9800292431501203 0.980590635003834 0.9824854320287292 0.9833630439474956 0.9841581551256567 0.9849514869638535 0.9857526571614832 0.9864452427140379 0.9866475038078156 0.9879105871456033 0.9884136208981731 0.9891449034709687 0.989298183451918 0.9904401349202578 0.9910826646439214 0.9916147942191057 0.9923982017745 0.993107931033595 0.9940312596148021 0.9946389409304893 0.9955538748057582 0.9966249172045452 0.9968675366338802 0.9984251992455389 0.9986202671867501 0.9998256817352341 1.0009257155648248 1.001896485585502 1.0025655024468867 1.002631522251879 1.003816352886323 1.0043542087550574 1.0052201156329181 1.005334907081045 1.0084054501391653 1.0089158044068973 1.0102189774468902 1.010617381236611 1.0117988212058966 1.0119225610702032 1.0133183495538682 1.0139778567229722 1.0144324315234379 1.0159360366740326 1.0169887364907584 1.01988822382619 1.0204401547810598 1.0206531733069126 1.020857697604948 1.0222380630423973 1.025139942992133 1.0253903204694608 1.0283720034678063 1.0289384886881543 1.0300236418915836 1.0319200008445264 1.0351887850923243 1.0359129554709 1.0378594157931222 1.0415495035230486 1.0451275771722512 1.0476224735997304 1.3501896599134564
64 2304 6.050758453115767 1.3509163553579935 0.9393820522079133 0.9393820522079133 0.9407158821051359 0.9425282214305268 0.946645711181684 0.9470124065125847 0.9473522803309553 0.9486724050639369 0.9511543117689866 0.9521340718777305 0.9533580732067041 0.9536302274346464 0.9564374545831117 0.957163219190512 0.9583198942242116 0.9586569538720334 0.9597844691840145 0.9601893956498434 0.9616914954969298 0.9621140251650787 0.963411094207685 0.9647355537258546 0.9661747186523743 0.9668602618706378 0.9678187345090489 0.9681635007479716 0.9685858811486194 0.9694573463131007 0.9716735819644398 0.9731264566054554 0.9744698686907763 0.9746195477405089 0.9758897184352944 0.9768932095090346 0.9773885479055262 0.9780594059172371 0.9791209167536037 0.9798252808982563 0.9799652180503985 0.9803830197660766 0.9819490543920227 0.9825344902966405 0.9846472391026044 0.984994487796556 0.9853563280265609 0.9855738364819285 0.9867461154029779 0.9878610872538469 0.9884459147337864 0.9889487110625499 0.9894781661854893 0.9904304246177588 0.9908987203109932 0.991717713751819 0.9926648490180519 0.9929420974895892 0.9934917671613847 0.9946765362458434 0.995480056207882 0.9966951254507531 0.9968273420281104 0.9982592054936112 0.9986687984152569 0.9998668373491002 1.0006820350431556 1.001234809281071 1.0022114727117144 1.0031217347868409 1.0034505456095562 1.0042346544583163 1.0049742396416486 1.0054228607494593 1.0085410938555868 1.009003798946061 1.0101564635113496 1.0103726367976456 1.0107155242338366 1.0116182003637177 1.0127298099101318 1.0138959414800592 1.0144958581853374 1.0155099184038985 1.0166837327591522 1.0195384522605653 1.019848654255615 1.0205900674207569 1.0216387036603145 1.0228932766305339 1.024823995597756 1.0258215611174002 1.0283645569980437 1.0292445417989777 1.029879430050948 1.031532610462548 1.0356689495233153 1.0368621051292697 1.0381539042789796 1.0421773880711807 1.0446208860171131 1.0484510897175476 1.3509163553579935
65 2340 5.905612790323677 1.351023204333456 0.9391786999937917 0.9391786999937917 0.9397851541989858 0.9425162729677904 0.9458225810525666 0.9471381351537903 0.9472310156989625 0.9478505975213878 0.9502883709435129 0.9516399986618944 0.9530642030720072 0.9533654279880575 0.9556066731578726 0.957147612407906 0.9573456939514093 0.9583295987624842 0.959350058137747 0.9597675038098001 0.961554883867875 0.9624655775218229 0.9630002300378496 0.9647569232335155 0.9659583542969468 0.9667040342244899 0.9675162464117751 0.9682060651891351 0.968626887629786 0.9693894173817956 0.9706227883502566 0.9728898965041719 0.973507700907824 0.9744788884829334 0.9748111878739689 0.9760787095626017 0.9773708104075639 0.9779784965631265 0.9783200598007564 0.9787062193556569 0.9795875554244671 0.9804854350810682 0.9812801115432809 0.9826325519626062 0.9836630617013531 0.9842614281933143 0.9845524274869245 0.9858240971796178 0.9864058094945544 0.9874494111270682 0.9884047626552247 0.9886038186223913 0.98914094201465 0.9900850195345382 0.9916962667871506 0.9922298488428167 0.9926250368167044 0.9927136342837151 0.9932403932801028 0.9947463680286752 0.9957495796463839 0.9967403140296207 0.997315714178752 0.9983561667252887 0.9987425204960243 0.9993418467021299 1.0002835842516604 1.0018185172162692 1.0022673157733568 1.002459629108383 1.003228848216078 1.004498080724313 1.0058954088273624 1.00634450304308 1.0087912423698915 1.0090075989731397 1.0095668519013554 1.010325919070873 1.0114703867447399 1.0115691114345715 1.0126041711628087 1.0138667722660322 1.014759333051844 1.0157204304972158 1.0167622625909936 1.0190084921146934 1.0195299965146696 1.0202390118013955 1.0220027355966546 1.0225456195374543 1.024729863188201 1.0263516775190389 1.0286952042779804 1.0297512582809938 1.030123179543817 1.0323858864838795 1.0348805320099699 1.0366459419305392 1.0379512341575936 1.040892943114909 1.0454138547862861 1.0491880418079562 1.351023204333456
66 2376 5.77293890265239 1.3509758351004664 0.9385206149806483 0.9385206149806483 0.9398009606792638 0.9419706536922138 0.9450108645144492 0.9459715503773838 0.9475701719664321 0.9476193988280592 0.9498336398082655 0.950460056588908 0.9525669742094581 0.9533244226573792 0.9553944359202984 0.9564137407618676 0.9571094086213829 0.9575434797928682 0.958794843783385 0.95938298242433 0.9614850752953584 0.9617043681052483 0.9629263770358323 0.9645615798956165 0.9652428442429785 0.9659051227477496 0.9666706236784498 0.9676432436854083 0.9686804098697497 0.9690715521631194 0.9702002652175238 0.9723499058005508 0.973082264297512 0.9745881608708425 0.9749482302512694 0.9755409428563894 0.9772048469038661 0.9778048049585849 0.9781091016927334 0.9786578692289455 0.97940346897213 0.9806303130545462 0.981309853833763 0.9819694263383383 0.9837710210047491 0.9844234090778595 0.9847320702156714 0.9858147316897095 0.9865184965912802 0.9868372472227155 0.9883396995697682 0.9888380820697411 0.9896034984139859 0.9902349331658822 0.991169564536607 0.9921112751941761 0.99236855769973 0.993032059306304 0.9932184688533098 0.9944842101434249 0.9956872516696001 0.9964810817940141 0.9971426813890153 0.9979463160014665 0.9986917118128446 0.9992709708847609 0.999859350785954 1.0011654857221506 1.0016082698025663 1.0023529059585152 1.003111150310962 1.003444049063464 1.0060348905422458 1.0064279350465255 1.007808598992939 1.008122746405584 1.0090012720612733 1.0103404030462297 1.0110108242958156 1.0114135885273334 1.0127430907345785 1.0139104578260953 1.0143801294557564 1.0156404997824153 1.0169514720063149 1.0187832556026164 1.0198040941812279 1.0199502589382305 1.0216804545909832 1.0228124410940553 1.0245578162910103 1.0265498733252982 1.0288003988740713 1.0301073329391932 1.030758304938667 1.0327918288781 1.0345217359180459 1.0364097122381015 1.0381808460205573 1.0424354343127482 1.0462649669322277 1.0493816765806323 1.3509758351004664
67 2412 5.639202833205096 1.3528741672529074 0.9381069186907914 0.9381069186907914 0.9398005564327659 0.9418353435351648 0.944658530291168 0.9453812787444416 0.9467344549717237 0.9475447889527462 0.9497003845619215 0.950155354452614 0.9522512957381267 0.9526752765948169 0.955057624150622 0.9559159247624537 0.9568889940944671 0.9575296610728754 0.9587351061593645 0.9604018589871689 0.9616681735856759 0.9617654953992429 0.9628834975081287 0.9637973491424086 0.9649120654156683 0.965808378323219 0.9669085743192476 0.9670589470625192 0.9677646069179655 0.9684789894546361 0.9701950843457465 0.9718338339297472 0.9727306677445348 0.9746586527946974 0.9750486225023788 0.975524118374297 0.9765040103747646 0.9767178250894882 0.9778031617610449 0.9786410321090123 0.97894938680655 0.9798103440459858 0.9801410783117488 0.9818090717845769 0.9836553010407744 0.9843933074294675 0.9844775457460898 0.9857717064254421 0.9866508904589939 0.9871369960744846 0.9882282391404786 0.9883129929663191 0.9892629110560415 0.9898258580737747 0.9907800551043635 0.991598406488139 0.9918566299899896 0.9928241595030742 0.9940620305559587 0.9946838708537036 0.9954790029067805 0.9965593382526565 0.9967275550338535 0.9977334375574907 0.9993527742872762 0.9995861714211852 0.9999914883410024 1.0006839109449464 1.0016731206074954 1.0021928752439853 1.0026960156832307 1.003606299829269 1.0057856230644684 1.006657154326229 1.0069718675917838 1.008604113038126 1.0089312137269022 1.010511191741751 1.0109276429096274 1.011191726772304 1.0131278543503328 1.0138937253129308 1.0147252252722383 1.0162168429217417 1.0168164304753609 1.0185231265193035 1.0203353964977198 1.0206901894945755 1.0219123109782204 1.023080621930061 1.0251118807457826 1.026179211520937 1.0286098932730687 1.030064789632883 1.0311144947723019 1.0329949021855722 1.0350099430305393 1.0372831032566399 1.0385671438819088 1.0424130180004234 1.0470707637328536 1.0504958536985107 1.3528741672529074
68 2448 5.526411740428635 1.352676399204585 0.9373900905170851 0.9373900905170851 0.9390183096982897 0.9420434974813805 0.9437694228990425 0.944591832522026 0.9460519598981885 0.9470028711401725 0.949411397656149 0.9500391718445155 0.9519428303651312 0.952419800998308 0.9543856623669644 0.9550413173865953 0.9560206171777081 0.9573500490296009 0.9577093454199683 0.959721562514096 0.9608206789730851 0.9614982856539571 0.9625004930639419 0.9635130845774993 0.9646628852630003 0.9659426511981237 0.9662538623083488 0.9667883744853769 0.9672164488124936 0.9683527726254464 0.9703922895059104 0.9714344557669504 0.9726505150681028 0.9739629798185012 0.9743080967312411 0.9756966344003275 0.9758084979528546 0.9767146845522569 0.9774695169036309 0.9783024239612187 0.9788364323142548 0.9794190496504348 0.9806717483628997 0.9815028148168781 0.9826976703644655 0.9841323397745351 0.9844891087167357 0.9853376098456194 0.9859471817412908 0.9868099308910936 0.9875315658015487 0.9886023283404392 0.9887635949809278 0.989786247864996 0.9902276633161374 0.9917809570852663 0.9920977998393375 0.992690225774337 0.9932436279288673 0.9947015928021984 0.9953913970063109 0.9963547361416153 0.996785008005408 0.9978886334311275 0.9985497531747232 0.999450820348451 0.9999793245337387 1.0005309388599142 1.0016358665660132 1.0024306923672368 1.0032727639002723 1.0040161700758339 1.0054168026302803 1.00638739356672 1.007616969708929 1.008082331830635 1.0101648923482294 1.0103610601988826 1.0108208371607224 1.011624261826113 1.0129311453727936 1.0143272263472276 1.0156551441991324 1.0164426807512428 1.0177320254990732 1.0189031999459768 1.0196467082850273 1.0204389688354067 1.022111634384665 1.022722838900379 1.0252537476709287 1.0262759875707768 1.02828197589446 1.029422045151467 1.0314949977542913 1.033138958182394 1.035096355660173 1.038086289425443 1.0391231022357952 1.0425173447564469 1.047231943780153 1.0523285784733538 1.352676399204585
69 2484 5.416928211809847 1.3528400911293827 0.9366050097463394 0.9366050097463394 0.9389397252626002 0.9417041435391986 0.9432933236977208 0.9439203961154858 0.9453619875953625 0.9471403723331159 0.9493336179551539 0.9495874369563811 0.951065911774816 0.9515055357421125 0.9534210671199467 0.9543538377929786 0.955462630766473 0.9564475060478169 0.9567967160978673 0.9596445732126889 0.9607100903276193 0.9612414414817614 0.9626743295291852 0.9633564302654988 0.9643280666907426 0.965233066505083 0.9662749076822722 0.9665222732481473 0.9674743130960505 0.9680086592300193 0.9699710845091758 0.9710174190383631 0.9724002278897923 0.97394005052044 0.9744094363971779 0.9745427270635343 0.9752404535717893 0.9768712755416136 0.977318151344172 0.9781795996933587 0.9788648252331702 0.9794334207702721 0.9804664172426191 0.9815222792684267 0.982535437742767 0.9836224001974073 0.9842147363963164 0.984997308186468 0.9860554998811136 0.9867584199054822 0.9878600357499665 0.9886610358821944 0.9893384156298752 0.989782518166925 0.9902042280913981 0.9908591581409453 0.9914305314438054 0.9923309386898734 0.9935081800932263 0.9940937887957135 0.9944593105908313 0.996197052942344 0.9965278144312986 0.9970954964934016 0.9983836572374024 0.9995613831640265 1.0003514528608108 1.0011115618981286 1.001785197846027 1.0027396599655045 1.0031831649654872 1.003893477744294 1.0047352626714152 1.0062560842742545 1.0078173381951667 1.0085499334627464 1.009584668369295 1.010619674242361 1.01123033704588 1.0122175736466223 1.0133682171917526 1.014130850998914 1.0157879830229821 1.0163143982401517 1.0175976718311546 1.018313881443027 1.0193426590259482 1.0205161158612404 1.022530372951883 1.0232346188044834 1.025420237785083 1.0268631007358606 1.0275359571317906 1.0298465914786252 1.03174245026615 1.0325601984598374 1.035238565855714 1.0382497691000203 1.0389385560057163 1.0426475970205544 1.0474264085931295 1.0535534881019775 1.3528400911293827
70 2520 5.324080196164187 1.3534878892072255 0.9360336001848271 0.9360336001848271 0.9386240275770951 0.9418381167716681 0.9433858113740694 0.944128648957199 0.9447880684051283 0.9476815027384023 0.9480851351714211 0.9492379747032769 0.9506179802884024 0.9512936388825565 0.9531109034192422 0.953795525836035 0.9553506692327243 0.9561187228786744 0.9563881993434763 0.9587924657000343 0.9601360829746086 0.961288570754245 0.9622736846918144 0.9628370856262224 0.9637356829619025 0.9651045025168763 0.965609408322212 0.9667538241912128 0.9677983048811247 0.968471363870195 0.9696960920241158 0.9704449788883317 0.9719037046648455 0.9738482345102222 0.9742963741989635 0.9744204217157112 0.9749999113598588 0.9762524333147463 0.9773812971602494 0.9785594792147491 0.9789569943400469 0.9796603492245443 0.9800055525590367 0.9810602147774807 0.9817609215938714 0.982612933565014 0.9836602806983331 0.9847749582675833 0.9855131643162167 0.9868056217163568 0.9876994593240683 0.9885079963306398 0.9892117126959615 0.9899749155086719 0.9904725769088438 0.9906348832148459 0.9916044575774385 0.9926553560542203 0.9933785596926072 0.9937144016259187 0.9938907545758249 0.9956814375383402 0.9965088416958137 0.9973141410328475 0.9975755625049789 0.998862001436784 0.9995587760608798 1.0008794955081837 1.0016186139199914 1.0026912926819556 1.0036945725418254 1.0042289028592157 1.0049178379968406 1.0059616117181036 1.007198483180013 1.0082459265774135 1.0087030849535807 1.010562391319347 1.0106887051947928 1.012273592177305 1.0127727007638931 1.0148606311092652 1.0157937547218636 1.0158446647908541 1.0170272511236067 1.0182462608583125 1.0194943414903108 1.0202537341122138 1.0233281707920165 1.0237353374970228 1.0256831981000323 1.0272714348207754 1.0281263369893685 1.0302916878940744 1.0315732863664369 1.0336763828282407 1.035903809695652 1.0377718536101674 1.0393676296338115 1.0425712262566942 1.047644922295374 1.054923053491406 1.3534878892072255
71 2556 5.263976314944806 1.3536134783831932 0.9362509425452501 0.9362509425452501 0.93823612926275 0.9414045785973503 0.9429283624068682 0.9433149351709297 0.9448620598082894 0.9470480572722748 0.9476997988319464 0.9497363219839106 0.9498770497237169 0.9507265808667884 0.9523051299532118 0.9535549172128306 0.9548741360945794 0.955500590560494 0.9561380822550918 0.9576787661903979 0.9593847051011566 0.960844565848912 0.9617916475804966 0.9630182900820861 0.9633497867125411 0.9646571703502255 0.9657902842937849 0.9666975338435375 0.9678786599184034 0.9684083468804168 0.9696705122955829 0.9705469292585125 0.9713245491720796 0.9731508189882734 0.9738546173066546 0.9741804494185863 0.9760176755703595 0.9762499847616951 0.9772389750180368 0.9780774806638223 0.9785739750681939 0.9794041614668857 0.980064387048542 0.98058544624215 0.9812183900132527 0.9824294462150658 0.9832389297263231 0.9846911293057512 0.9854887032937116 0.9860105610470488 0.9872089663533267 0.9883159584671245 0.9888489738943713 0.9896057016062249 0.9899944031490485 0.9907746949354923 0.9917122095259525 0.9924482262103688 0.9929090493582436 0.9933159089401745 0.9937104862145385 0.9949558656069617 0.9962399071541284 0.9966629642037755 0.9987389499010749 0.9987876224829573 0.9994502692293387 1.0012038873215283 1.0020196421759375 1.002728479850952 1.0033965198743897 1.004310243161687 1.0048559469428484 1.0058519941512742 1.0074136621602305 1.0077369762736332 1.0080533669157044 1.0102534220582975 1.0115982460820236 1.012349679259065 1.0134181837479437 1.0146799158902424 1.0156467887095055 1.0158635240157774 1.0169946285480773 1.0182554404022182 1.0188083820551386 1.0200165744490106 1.0231038981465304 1.023666889128189 1.0256529427388326 1.0270816062804167 1.0279202611308145 1.0303667175247468 1.0323213104540436 1.0338687785039056 1.035560551368491 1.0380718449254986 1.0414525383340443 1.0427909270784916 1.0467702562681398 1.0556992073645024 1.3536134783831932
72 2592 5.207099807034537 1.3534256468740125 0.9363505684910586 0.9363505684910586 0.9375657721570638 0.9410098112046379 0.9419756350793869 0.9431081974418233 0.944584143676561 0.9452072772990251 0.9471685061052886 0.9493326042893008 0.9498009017373631 0.9506362900818651 0.9518622766201797 0.95234710643066 0.9544389683018696 0.9552818397767983 0.9562068202668037 0.9570510086334644 0.9587696342966181 0.9603686507788186 0.9607337843688784 0.9621272204425044 0.963008145384226 0.9646473402502976 0.9658391399737888 0.9661422704893096 0.9671016980500812 0.9678545014667057 0.9690977632617072 0.969879942010363 0.9711126830299067 0.9732419036101861 0.9737829432242373 0.9742388202768103 0.975371336775596 0.976021524808313 0.977149888332263 0.9772906479176985 0.9786808092358722 0.9789190509981731 0.9798393631795016 0.9802325867414783 0.9811131011586047 0.9818060284329005 0.9832933695249575 0.9851974398336221 0.9855511278946086 0.9866440144048311 0.9870864139991533 0.9877736420995895 0.9885075493992962 0.9893056911989082 0.9898870511129184 0.9906928140264185 0.9917704118783122 0.9922601802746607 0.9926464321819873 0.9937387044287231 0.9938771307758261 0.9943407219968012 0.9962972607328184 0.9968497794972897 0.998196419282794 0.9993086678597821 0.9993964713173337 1.0014636818433935 1.001782178727765 1.0022841553324908 1.0026026390334823 1.0040517143140735 1.0053641068060986 1.0063214328396597 1.0071197631831075 1.007503711714181 1.0080485338810052 1.0099723844707946 1.0117770848247376 1.0119054667526337 1.01358929487545 1.0147313080705316 1.0156144429609864 1.0167195017301547 1.0172461757230205 1.0186992897617086 1.0191224469649978 1.0200562744046269 1.0230181376173384 1.0242888244166475 1.025744546895196 1.0266053385364204 1.0274036783590932 1.030054423187683 1.0320437862285454 1.0335670929347687 1.0362058188246317 1.0379888683148741 1.041385463622923 1.0426295582384713 1.047327620362795 1.0565192125415823 1.3534256468740125
73 2628 5.1107521126326505 1.3523289975623518 0.9350842580031047 0.9350842580031047 0.9358046392862114 0.9399276865947329 0.9419470582189066 0.9426944493757456 0.9443912979403746 0.9447113541573656 0.946603081365267 0.9490811404237923 0.9495010541492416 0.9503703235105632 0.9511727565555718 0.9520676056217254 0.9541875498086394 0.955224462082213 0.9554549565290229 0.9567332121363058 0.9580054450409539 0.9592267315435653 0.9608613732884387 0.9619808803921805 0.96264095576393 0.9642942087854924 0.9655967669257098 0.9658970245741006 0.9669375636013579 0.9676581978974852 0.9686001487552214 0.9699989217265463 0.9705803461274302 0.9724325905474013 0.9731152968710669 0.9733697665664275 0.9742743268546307 0.97597911055235 0.9768247335133852 0.9773246902553613 0.9778412533049883 0.9788803855572835 0.9796120298337735 0.9798682724717309 0.9811203076032513 0.9820498261412034 0.9827844876104169 0.984895372163706 0.9857420924477466 0.9862441375848349 0.9863536861940587 0.9871665120836268 0.9884996687155585 0.9895804718136674 0.9896989738484703 0.990940032455266 0.9909931174506866 0.9916544352910611 0.9922732538206932 0.9931083924811591 0.9938094087113626 0.9954999220685993 0.9966803552150125 0.9970875077060742 0.9976526316158338 0.9981084165174241 0.9999651015053695 1.0010477567214453 1.0017655530551381 1.001971449810765 1.002856654640568 1.004322021844943 1.0053261583402635 1.0059164926229052 1.007203092047083 1.0075256636416545 1.0082637180535754 1.010167308237512 1.0115469610317518 1.0123143938229888 1.0132327328436368 1.015505180509721 1.0158816995078965 1.0170641058021304 1.017148079417391 1.01857260750483 1.0199584100278902 1.0210686973297833 1.0230812563526022 1.0244231051389756 1.0257313062225848 1.026975135625658 1.0279822723302474 1.0297453546942275 1.0316528705586279 1.0340608257743187 1.0367272746114409 1.0384054530075388 1.0416621633005856 1.0430383476375138 1.0477259148328644 1.0579663358629612 1.3523289975623518
74 2664 5.005193998458587 1.3515761436074905 0.9344742728687268 0.9344742728687268 0.9355330731596672 0.9392751487979063 0.9404749008979257 0.942322522244048 0.9438106099065995 0.9450024622270329 0.9461632262008344 0.9483560483819509 0.9493945623887734 0.9503392264341542 0.95103706308562 0.9522133631866143 0.954245188659066 0.9548171507851138 0.9550565889496434 0.9568966492329879 0.9578042103401346 0.9584953077361436 0.9605293763594263 0.9617555422025342 0.9623813241395087 0.9636819447665006 0.9650099416532182 0.9658419174876745 0.9662746023041755 0.9674171626352673 0.968514005940948 0.9690613063901774 0.9699014081565815 0.9716202034673722 0.9720444014890551 0.972896981795528 0.9736332191880236 0.9755735500866806 0.9763220459177471 0.9773852439034896 0.9781033800527854 0.9788270941165572 0.9790705883053432 0.9796642798470241 0.9804803222820082 0.9817591624970144 0.9829220738656897 0.9835236618200411 0.985479307431978 0.9860782345570497 0.9866343012358171 0.9870022060360312 0.9885280123569586 0.9895083585375144 0.9896338530386197 0.9907588719384746 0.9912468592701389 0.9917677762648905 0.9925025498865686 0.9926889509099075 0.9944712293317448 0.9951869549408188 0.9962105381444168 0.9970619527133754 0.9973412578881506 0.9976144164908909 1.0001677566062008 1.0015150531424504 1.0017340969420074 1.0020189879176762 1.0025409951920825 1.0038851420954757 1.0044786763261306 1.0059683017274559 1.0073126665526069 1.0078308597750565 1.0094009053964152 1.0103521480745035 1.0114621495690517 1.0129360162732859 1.0133411643807193 1.0146943666793609 1.015918941826331 1.0167347511671243 1.018124613845226 1.0188004038872522 1.0200856625433914 1.0206025515885038 1.0233370943222868 1.024221112644386 1.0254055763185488 1.0265431147812758 1.0272510884617116 1.029733080398713 1.031988866026862 1.0339607385732756 1.0367674710338999 1.0374465440266671 1.041177865448051 1.0435003290991989 1.0485378329522725 1.0601788957996756 1.3515761436074905
75 2700 4.912361381436645 1.3508178013053609 0.9342858654545683 0.9342858654545683 0.9348953545166536 0.9392458253281051 0.9396691952021472 0.9416139339968445 0.9426674519331597 0.9442464625741338 0.9459002801996325 0.9476188932075139 0.9486099810593925 0.9500955326237646 0.9514233959119475 0.9520050629290635 0.9538793013650416 0.9544704629341573 0.9546975016846908 0.9565424595733645 0.9577630699248159 0.9582584265438123 0.9603768924284027 0.9610595937909713 0.9617590443138783 0.9633243686185026 0.964832531729051 0.9650485073101724 0.9663350501709943 0.9672339443731239 0.9683189381945189 0.9683685854302484 0.9697666452242727 0.9713602553831976 0.9719445470179912 0.9724009804769571 0.9729252952743668 0.9754202760486523 0.975926569118339 0.9770770184329047 0.9775584076086792 0.9785295700184118 0.9786802036905305 0.97975556010262 0.9804946295009063 0.9816019748945412 0.9828156167138443 0.9830872331519295 0.9851178740710655 0.9858593096843064 0.9863154816387661 0.9866897681560092 0.9888185087359446 0.9893368983384528 0.990751333706255 0.9909306468757089 0.9910923522556764 0.9917901485221043 0.9923794206408616 0.9933744996185687 0.9941779038585978 0.9945067341986706 0.9954883496207991 0.996625915906167 0.9972060548543326 0.9977147562404318 1.000095303366208 1.000776396199841 1.001297499675916 1.0019686274961417 1.0027735673314793 1.0032378189632996 1.0045827685123951 1.0063530027102052 1.0068789241153357 1.007540815728694 1.0090253054521294 1.0103262270234306 1.01146345884196 1.0125148306275569 1.013896036341597 1.0151423082825233 1.0160513463589032 1.016477799004301 1.0186461045828126 1.0193354698063273 1.020320621269457 1.0208135602363722 1.0232300612644591 1.023657073711032 1.0240771415500023 1.0268142850109978 1.0274950044250482 1.0294500534712774 1.032025359544003 1.0345829963740778 1.0366800881864942 1.038053057739792 1.0415904343985216 1.0436310890916831 1.049075212716618 1.0610516449237817 1.3508178013053609
76 2736 4.7853167730836 1.3508220184884996 0.9339956743536659 0.9339956743536659 0.9348031863505166 0.9381666438875574 0.9390554255821364 0.9411645092618781 0.9418251605919473 0.9436649571846449 0.9455544009323487 0.9468085140861942 0.9484612280184164 0.9494376475834301 0.9511408417493781 0.9516116921863165 0.9527941807591745 0.9537884076426529 0.9542222526716033 0.9559922261297744 0.9573274690897624 0.9578305472911486 0.9601374327739836 0.9607757505509975 0.9615298477965378 0.9626999529215869 0.9642567928134991 0.964500530422653 0.9656446116631843 0.9667361536452096 0.9681082624109004 0.9687332845961822 0.9695038401391665 0.9710264287820284 0.9713755972888346 0.972120375472643 0.9727316618532104 0.9743534872216031 0.9758719587807653 0.9763280362293043 0.9771982509046977 0.9781328908502208 0.9789098574051507 0.9794977183096006 0.980584473757456 0.981305663462994 0.9820927557112992 0.9833356331152712 0.9845350385574607 0.9857174455009622 0.9863028823634998 0.9866668262505242 0.9879733312148801 0.9892079931892898 0.9901207309360783 0.9907173817372286 0.9912191234279565 0.9919036009124623 0.9927302383341636 0.9931533476430878 0.9934318943799288 0.9948834692866039 0.9961024221464914 0.9964992245621722 0.9970593437679623 0.9978546387901923 0.9999180074992138 1.001097378400317 1.0014487676601016 1.0022323033423075 1.0026808438417512 1.002802381011877 1.004039398601231 1.006622871492669 1.0071424743100217 1.0078935505772102 1.0096302415545773 1.0099013914177302 1.01100211057518 1.0127524895439717 1.0133185221865126 1.0147368181488394 1.0158485843319418 1.0163739249790182 1.0187787097664502 1.0191794333301578 1.020388076382201 1.0211779032892727 1.0229243708397664 1.0234107196475606 1.024050492731496 1.026468893460918 1.026914127829565 1.0297822503174934 1.0321864138744126 1.0342198304766101 1.0359209588455005 1.0382209939314941 1.041730315094689 1.044012048135472 1.0496946757342625 1.0619879693487155 1.3508220184884996
77 2772 4.648756564484903 1.3513016639591462 0.9330825174005437 0.9330825174005437 0.9344877332313758 0.9379180849204266 0.9382432682461439 0.9401111857798528 0.9407608788665227 0.9433700493627861 0.9454002714773693 0.9465977138420839 0.9483371133633418 0.9490428786123829 0.9512366024450736 0.9513995618795356 0.9523530440918548 0.9536158503119305 0.954377737366865 0.9557578404595793 0.9570856267172173 0.9583273984119584 0.9591985846121039 0.9604729828795835 0.9611392065178359 0.9625988171174532 0.9640707292859978 0.9644970792469532 0.9646425059769944 0.9664260207499598 0.9679200315390865 0.9687003736966373 0.9692141225332359 0.9708348139345813 0.9708489782034339 0.9720978505031651 0.9730846397514614 0.9742598127699451 0.9752341944197123 0.975730336170209 0.9769271794155209 0.9773212494269985 0.9783591449821203 0.9794458060154072 0.9800824637001597 0.9809989646330716 0.9822285052387991 0.9832992517371257 0.9844854114194328 0.9855728118660022 0.9861186083497282 0.9865179117144621 0.9874687772148288 0.9887495170694465 0.9895257110982096 0.9902932620560847 0.9907780972766375 0.991835146672884 0.9923949407748257 0.9927700752321759 0.9930918007881128 0.9943881560511966 0.9952108541274248 0.9957040003630415 0.9972153291120809 0.9981469319923693 0.9983980208089184 1.0005717424917588 1.0012521501148983 1.0020228916887803 1.0025632883384386 1.0031833864158544 1.0040215251610123 1.0063248183367537 1.0072689807761386 1.0082047608979017 1.0094201968136285 1.0096570241978586 1.0112566113988983 1.0129494677089632 1.0140556484462808 1.014629425256053 1.0162833799098758 1.0167256343350117 1.01852147407556 1.0196394016499712 1.0211552382798395 1.0220775031410552 1.0227765157168 1.0232812347764142 1.0245919619066155 1.025514711424109 1.027278687634683 1.0302120555292802 1.0320677531483367 1.0348807113518026 1.0372712582355175 1.0385427900053934 1.0427208411111888 1.043329492742454 1.0493842858975253 1.062586160952842 1.3513016639591462
78 2808 4.529013165898471 1.3518503373036705 0.9324373183440701 0.9324373183440701 0.9335958731570306 0.9370567173278904 0.9377612022522802 0.9401970285780473 0.940627479807712 0.9433158263832164 0.9448920166698684 0.9463974487998172 0.9473252430087942 0.9486903334234792 0.950989741186786 0.9510977279681344 0.9517227886430304 0.9527368091336333 0.9544533372304407 0.9557266077481628 0.9566146517752528 0.9581351678653155 0.9591172955799655 0.9603641996380777 0.9610060523117467 0.9622572741945068 0.9628914635862 0.9638557904562086 0.9650203328424701 0.9665777644164804 0.9672004500916341 0.9673727190120378 0.9688247981996153 0.9698170389872989 0.9708970147701594 0.9717439847437048 0.9725635172189179 0.9738797197993107 0.9748963837209916 0.9757003291049199 0.976172633968841 0.9767942815562511 0.9780991405139975 0.9793156225959488 0.9801627070010426 0.9802863557236201 0.9822715795848674 0.9831376788271585 0.9834462166493704 0.9848181472680417 0.9855249048771326 0.9865287142312628 0.9874797097497748 0.9881202436218854 0.9894452997904044 0.9898749142595015 0.9904561960721509 0.9920780591074041 0.9921224979508962 0.9924818863274669 0.9931726753912905 0.9940316136531506 0.9949581808981508 0.9957256737748043 0.9968817234482612 0.9978860676628661 0.9985942314799865 1.0003305277834489 1.0012368324554368 1.0015062657602019 1.002407665767016 1.003502443142209 1.004306519958236 1.0056410966792062 1.0071693404983544 1.0076013910663455 1.00939474033042 1.0096607776143627 1.0111553021613497 1.0126038810042468 1.0141501617258444 1.0149028108925562 1.0154147439939425 1.0163016383166212 1.0183511798353366 1.0198844421448436 1.0208621270263978 1.0224862566313344 1.0226673073953658 1.0237163233505029 1.0244527190004244 1.0258237575542366 1.0275856049661352 1.0301550037517904 1.032569085604821 1.0350080917261388 1.0361345422917059 1.038180831325101 1.043144443864967 1.0433952878760118 1.0500041649467347 1.0632130406107432 1.3518503373036705
79 2844 4.406180912722799 1.3534140081442962 0.9316355454453553 0.9316355454453553 0.9333677204435832 0.936824746684627 0.9374231205221158 0.9399277059824894 0.9403662297792214 0.9432872601070478 0.9448565919286697 0.9462563500757005 0.9471070311177091 0.9474146254509783 0.950880413187348 0.9509430498987675 0.9511601648435694 0.9523311757856547 0.9539265663924276 0.9552681719982129 0.9556085433621763 0.957719847036262 0.9582410669338163 0.9597337380954442 0.9609116569414434 0.9618270370576254 0.9619396305082499 0.9638051836256774 0.965044799487621 0.9659067294724986 0.9668005258238409 0.9678522791392528 0.9687628474971713 0.9698637557836363 0.9703310061182293 0.9717291030798432 0.9720257727820708 0.9733038098738076 0.974273651992106 0.975461919589809 0.9762466839259577 0.9764191615324181 0.9777184539015585 0.9791212984537954 0.9797682877503705 0.9805298839090256 0.9823322650632931 0.9824310044643674 0.982839006483337 0.984546326751485 0.985393721501711 0.9867034850875454 0.987150656504247 0.9880608672664126 0.9893515394061326 0.9900086430742773 0.9906951571523588 0.9914841289857863 0.9919395253565929 0.9923584734842075 0.9932749896150646 0.9943718854005553 0.9957903048272585 0.995998314562859 0.9965180303185313 0.9980513903670004 0.9992685586686528 0.9993282593882643 1.0011798554740987 1.0016242104827986 1.0021993407151144 1.002863426588852 1.004735383272139 1.0051081826539838 1.0067750022564932 1.0069287555748028 1.0094350721811411 1.0095657503465907 1.0113450980674457 1.0118985173068462 1.013447681668886 1.014710542760433 1.0152887146573693 1.0164584684298792 1.0178497080509377 1.0202456711321766 1.0211702298726242 1.0218455903728658 1.0223683116160167 1.0239905987971674 1.0247728378555097 1.0263012163735068 1.0282934983661334 1.0299291016532184 1.0330426345141106 1.0343019563560936 1.0367038558290305 1.037394012832931 1.0430492940259095 1.0432799801986934 1.0498436055053804 1.0631554708051878 1.3534140081442962
80 2880 4.298497217534659 1.3521480460141544 0.9302836409061693 0.9302836409061693 0.9330301492719596 0.9359022491594399 0.9373033489667163 0.9398114754453144 0.9405856857372437 0.9422220139335474 0.944538026939919 0.9447379937762101 0.9461706121866755 0.947464058149207 0.9501811044663233 0.9503911776626098 0.9511267414509135 0.9520285840421105 0.953714877822171 0.9552240934080043 0.9553890286757221 0.9573405575822164 0.9580856815001697 0.959193286343305 0.9611007994187701 0.9614845397196204 0.961796293589878 0.9638533782214541 0.9647177042327323 0.9655318471940947 0.9667253613799364 0.967919004794121 0.9688690864037701 0.9695201149044811 0.970287937046638 0.9716221855830935 0.9726719398695026 0.9729067350589873 0.9737530103535185 0.9761629272921233 0.9767147964492975 0.9772582019477611 0.9775556405343849 0.9792608904512077 0.9793384828401398 0.9802933127230162 0.981784683180851 0.9821925633064619 0.9831797611454658 0.9840882178978795 0.9848239551432519 0.9866228036767889 0.9873446991988255 0.9880607690639432 0.9890598185922398 0.9897943986051194 0.9900225406422007 0.9915899554981122 0.9919408792816572 0.9924975480181197 0.9939225541940793 0.9943487596086195 0.9953823107038499 0.9956127690353568 0.9965403507582984 0.9975746529587726 0.9986470246602592 0.9996536289339271 1.0006532973650706 1.0014186703817287 1.0023556658151955 1.0033018464439394 1.0049615348034207 1.00522932907026 1.006465004792593 1.0070139585277176 1.0086313973975418 1.0097340516924675 1.0102826801427798 1.0121913506555122 1.0136692067360387 1.0146641638697178 1.0154280093391606 1.0169751941041365 1.0181957112950717 1.0203868034166412 1.020700583288424 1.0215386336703578 1.022311596719841 1.0239137635318167 1.0250579260957962 1.0257226200992595 1.0283841549851525 1.030437316316739 1.0331941877398925 1.0347320968767106 1.0363768815511338 1.0374956206705528 1.0429567455665436 1.0439839459544171 1.05018442341356 1.064656483411429 1.3521480460141544
81 2916 4.1914931038317516 1.3530855498504089 0.9287547387992744 0.9287547387992744 0.9320317599903396 0.9349734336449473 0.9375018979860078 0.9389820840297776 0.9406903705869939 0.9418506605939527 0.9434963197610797 0.9451587019511184 0.9454611544972137 0.9467880499999054 0.9497520393859551 0.9501872263078768 0.9510999361326983 0.9517222720094477 0.9543409334775688 0.9544505699024959 0.9551152424373343 0.9571501132866908 0.9573929199171489 0.959502174516068 0.9601027298072047 0.9601994073486767 0.9616703534170452 0.963591501854251 0.9646037651690228 0.9650216764555212 0.966833873154715 0.9671044103947335 0.9684413129758294 0.9696593708555027 0.9702958599267945 0.971116523653412 0.9719037629566686 0.9730640990329733 0.9736755232862205 0.9752766784033947 0.9759305897159049 0.9764320693476465 0.9774596431312448 0.9788016810502296 0.9794492860862481 0.9802191941777834 0.9807119141590762 0.981907366955273 0.9829297315828412 0.9844946481457248 0.9848750101377882 0.9858595403940845 0.9872536920718253 0.9881872646240998 0.9883244262577177 0.9893344225336279 0.9900268336994089 0.9910307260453045 0.9919030638110535 0.9926023433077581 0.9937624397214166 0.9942949418999506 0.9948165345253578 0.9957517404321695 0.9965974763380215 0.9975250140212678 0.9983756938946811 0.9995938210834182 1.000443041647868 1.0012551589482417 1.0023385116840788 1.0028662423840102 1.0050851207282656 1.0056528752056437 1.0066661973294775 1.0073469090966611 1.0085508279109456 1.0099465867533612 1.0103887259196536 1.012138493465499 1.0141217646514902 1.0143913378112472 1.016194968535214 1.0172391792455255 1.0188843521637525 1.020127652529464 1.0213597921948427 1.021721542728372 1.021868653475119 1.0238487586146943 1.024817665814482 1.025665697605988 1.0280607691305585 1.0304744547804778 1.033259645134427 1.0345470930589056 1.036701588139962 1.0386615201984155 1.0421051193185118 1.0439246253860512 1.0499066636229502 1.0650301665067947 1.3530855498504089
82 2952 4.096381627044969 1.3535176266927622 0.9289439880794604 0.9289439880794604 0.9321549485528826 0.9352280321454042 0.9369744108418676 0.9387028153046105 0.9401041442093913 0.9420394212468758 0.9426645022232846 0.9439490839307528 0.9442454917922521 0.9460457787476005 0.9489592260217828 0.9497652186706443 0.9507743133917447 0.9516840976225763 0.953519222350364 0.9539869332077172 0.9549303381370847 0.956229617194841 0.9575644298123189 0.9594212555895271 0.9597269620742174 0.9602392391502261 0.9614968272169186 0.9627798398887796 0.9646779592841099 0.9652950621994668 0.9661271916716317 0.9670690781800768 0.9687474920315856 0.9693618121097975 0.9704486167774453 0.971046606145253 0.9721487642656458 0.9725133278674046 0.9742424104663221 0.9756304605005343 0.9760672617114035 0.9762960441086266 0.9777815178612757 0.9788137289866221 0.9794747637771546 0.9797991084577171 0.9807482400199047 0.9814480638283788 0.9824823137436334 0.9839476276557829 0.9849072262421931 0.9856943053201925 0.9866306840346422 0.9877623749872941 0.988176911647395 0.9891724399672247 0.9894429504278061 0.9905665299814705 0.9915943769749859 0.9928402895443768 0.9940940109984971 0.9943037966606503 0.9945889475068024 0.9959257034285894 0.9968838995786221 0.9972702406235878 0.9982076886803958 0.9993722683366558 1.00004599275428 1.001589544924716 1.0021504043349565 1.003567981974117 1.0048404458454532 1.0063839096723874 1.0067430904591879 1.0071844593351333 1.0088253134176355 1.009690998240294 1.0111519501464472 1.012007858906847 1.0141979199250701 1.0147013795104742 1.0163494770091572 1.0173830491920697 1.018217827920117 1.0199723784963026 1.020535760032808 1.0215924266644885 1.0217515689273198 1.0233965215297551 1.02520248707658 1.0256356936249653 1.0286219150514497 1.0321430192203245 1.0327963442647021 1.034812644850897 1.036901792037855 1.0389439649877132 1.0406154338333715 1.0436627308590314 1.0499812397720714 1.0658532200444555 1.3535176266927622
83 2988 4.0192329530719215 1.3528645048270482 0.9290475057306187 0.9290475057306187 0.9322273835905569 0.9340545334725371 0.9364851087198647 0.9388683161580638 0.9392580577344035 0.9412476893021124 0.9421452800058687 0.9437311373669269 0.943983415411388 0.9451819392601154 0.9489090547797354 0.949447937600933 0.9507592982563584 0.9511955609759231 0.953463625809617 0.954160639553408 0.9547939023437736 0.9556944550448255 0.9574232654684062 0.9586328147559204 0.9594250858717904 0.9599397156358689 0.9614934971820754 0.9624321162518394 0.9639396435839058 0.9646927570206754 0.9660833911273573 0.9666384424104301 0.9682088001061052 0.9694398283311878 0.9700532646796322 0.9707387113306245 0.971734662798188 0.9722417677997749 0.9739629819301613 0.9758462779773661 0.9759495952299754 0.9766664932954944 0.9777290704706664 0.9782558787856834 0.9788209556961573 0.9799956850564908 0.980762526288838 0.9817536007217085 0.9824012652740278 0.984092667929191 0.9851771529280965 0.9860451827861194 0.9861169211615303 0.9879478848421132 0.9880972993889205 0.9883662558535418 0.989957766512808 0.990696688977966 0.9915800987391676 0.9926111513167819 0.9931415819731638 0.9944788743069237 0.9951152795030034 0.9960785701996829 0.9961878688733512 0.9969557548007378 0.9983739176711717 0.9990620113933742 1.0000085938236027 1.0016654756550634 1.0024746758274317 1.0030907320643088 1.004543460195313 1.0061879158431954 1.0064548695947286 1.007134643146884 1.0086422994502116 1.0091915385468888 1.010239698608436 1.0121400186817981 1.0136898283764395 1.0154317345708548 1.0160741621769467 1.017363614813896 1.0177102559975055 1.020214266496979 1.0212004246719868 1.0219099804876342 1.022424913934893 1.0234228528926972 1.0252371607729625 1.0257606781071071 1.028559329464545 1.0321101460313051 1.0329615633024187 1.0352151985328253 1.037298345877274 1.0390817069950027 1.039663772292047 1.0438370365622518 1.050095853614732 1.0664890062965702 1.3528645048270482
84 3024 3.912190697903208 1.353827344398898 0.9287489690383914 0.9287489690383914 0.9320308439308974 0.9332190568356249 0.9367753111654915 0.9382956895756441 0.9390878371071202 0.9405937512441851 0.9419768389416624 0.9421501396294812 0.9440001528400316 0.9447409470557313 0.9483660771428303 0.94872070544796 0.9503071311200098 0.9507443308170803 0.9523098984061679 0.9537916660835997 0.9541745678727194 0.9557193420935464 0.9562338758288762 0.9574980470736376 0.9589112832163031 0.9598858078565975 0.9608255632955672 0.96221888070787 0.9638100410837076 0.9646142673774686 0.9659832441509869 0.9664617141745474 0.9679675478730145 0.9683857828518772 0.9692023896724606 0.9704791255211818 0.9715592610867092 0.9724953873649463 0.9738202501462871 0.9750133109922812 0.9757598087297804 0.9763021196983912 0.9777250017501279 0.9783790318823734 0.9789231788540732 0.9802413624194696 0.981192820779172 0.9821384469290347 0.9827618089370417 0.9834684313159316 0.9846319256979814 0.9849038598180551 0.9858014745736285 0.9870287078299301 0.9881473492556718 0.9884672905980856 0.9890078498922276 0.9904988243604881 0.9916148802000634 0.9928229965570021 0.9931279075777157 0.994725097834277 0.995563140366286 0.9958906600854606 0.9967216602630051 0.997041958989553 0.9989164023920118 0.9993761719001352 1.0008289875911387 1.0023175968916918 1.0026279710242794 1.003812613746316 1.004746514331234 1.005663818379097 1.0066811533074942 1.0071575164685829 1.0079406151356962 1.008715720596922 1.0101914481329026 1.0125809977459135 1.0134214317617272 1.015246484332662 1.0166693277065466 1.0171675288396782 1.0177587173415077 1.0195030668707783 1.020285372383014 1.02183842781225 1.0226354998231257 1.0228485393728115 1.025419761823294 1.0259312613370448 1.028875755754392 1.0329944795646013 1.0332088814243712 1.03513140184491 1.037510424363967 1.0391896065949944 1.0405713040924278 1.0443735919040205 1.0504701718119775 1.0673678078765347 1.353827344398898
85 3060 3.8174528713825118 1.3533571245008376 0.9289324647244986 0.9289324647244986 0.9316029562608503 0.9332869798706855 0.9360500261851443 0.9370490649600646 0.9384633088966546 0.9403975058134588 0.9415657775347681 0.9420638878927289 0.9438030275220276 0.9448190938336261 0.94714772327012 0.9482488523748449 0.9496732620208386 0.9508843789988607 0.9520293521516615 0.9533118162776133 0.9539715368309868 0.9551298323212378 0.9561200339972926 0.957673088502726 0.9587843332831072 0.9594127693349725 0.9602388407936584 0.9619238710124481 0.963437532645338 0.964759033922234 0.9657445477032305 0.9659747924968735 0.9678189188667083 0.9685115841545292 0.9696413774960367 0.9708142149123236 0.9718046510534041 0.9722650511570249 0.9732033801414784 0.9746026277783684 0.9754760148441813 0.9761785762760126 0.9781587630375741 0.9784731433584054 0.9785359300808809 0.9804913034600892 0.9810194788915015 0.981540379989777 0.9825566676045331 0.9831892316032596 0.9841936836670298 0.9848789482511171 0.9858093718380705 0.9873621347284043 0.9884028632139285 0.9885393703583618 0.9891248929135591 0.9896929255317773 0.9909900508260822 0.992161429498157 0.992459546311916 0.9946726042090481 0.9951115616048484 0.9956673976837227 0.9968294107117764 0.9969186620890564 0.9988697805253939 0.9993946549974487 1.0010506577722174 1.0023520586582377 1.0030305597305231 1.0037259194643084 1.0043136819702294 1.0058024119764575 1.006127225322387 1.0064760984594083 1.0076833687498628 1.0087550670151195 1.0112768643138876 1.0126528039629892 1.0135805942980256 1.0151607361571124 1.0161978156539164 1.0169075560783183 1.0176188352577282 1.0189729503318485 1.0206556060826606 1.0214223532237783 1.0230339259194248 1.0234751526726023 1.025157407754576 1.02559782829338 1.0288951587019963 1.032295896729553 1.0335494158228542 1.034630809850002 1.0370535672478958 1.0396199199479172 1.0404530580580997 1.0450609242015332 1.0500728915140536 1.0675941856574986 1.3533571245008376
86 3096 3.7543517113052776 1.352448083118795 0.9279194522390105 0.9279194522390105 0.9306823977312186 0.9325822023881798 0.9353822776524616 0.9366587725651854 0.938272023412937 0.9391356118860886 0.9413164953300077 0.942356883191331 0.9434001944602076 0.9443590481711941 0.9458858103188708 0.9476859789733464 0.9490325748552817 0.9506158029289261 0.9515933645798558 0.95239810841493 0.9533012214638206 0.9544043516888274 0.9562483481126286 0.957208354585951 0.9583208353130753 0.9589886373021569 0.9593169269399339 0.9620494585591401 0.9632849298656013 0.9646819283952555 0.9656684279357266 0.9657552972847218 0.9673851403617817 0.9683199643208622 0.9685171420693984 0.9707048958480553 0.9715742254930387 0.9724514358958897 0.973170369969312 0.9745977569749458 0.9756236019175711 0.9760138721755711 0.9777510887779952 0.9784366723402685 0.9789675619876153 0.9801041359923333 0.9809497396512248 0.9814529870681609 0.9819209853421768 0.982455539464322 0.9844954817627352 0.9846294438554808 0.985504340228605 0.987040168732929 0.9877687140137167 0.988515579523962 0.9893432280943933 0.9895613997548864 0.9906859461924717 0.9917467746890651 0.9925659402309778 0.9942823959544062 0.9945868197541139 0.9953527769259662 0.9962686184599453 0.9975460674758813 0.9986079236119623 0.9999722251348515 1.0014490435795464 1.0026777110357887 1.0028748180888565 1.0034527030443892 1.0045624031643638 1.0055307000467266 1.0056479626959396 1.007033954453462 1.0080130682828032 1.008831994796456 1.0116466526972445 1.0125336313741382 1.0140949539195039 1.0149188653579275 1.0161672851038337 1.0165134020599957 1.0172644095504797 1.0200309844253985 1.0204854696236774 1.021127618261246 1.0228692522984566 1.0235601890863266 1.0250284263576348 1.0263051207506655 1.0293131887659772 1.032342620699981 1.033593764709264 1.0337373828320586 1.0377593049237315 1.0395024599458436 1.0403810581387705 1.045328446826607 1.0499239447347706 1.0687010406506403 1.352448083118795
87 3132 3.7026019760493742 1.351748780389978 0.9267833710566282 0.9267833710566282 0.9303793341484823 0.9327180079853113 0.9343191789180106 0.9363210366074544 0.9381616518805355 0.9393121224826219 0.939960856866045 0.9417672288385539 0.9435445035088189 0.9439165657296709 0.9454135299156159 0.9468618989030416 0.9484150308864918 0.9499683183351615 0.9506600786932113 0.9523195305253288 0.9527394070997599 0.9543657188473759 0.9563777605993962 0.9569973106206442 0.958387437160058 0.9589189853955082 0.959385686889782 0.9620985656466069 0.9630852084879146 0.9646427141073849 0.9648203899253572 0.9662176338804808 0.9672122166970996 0.9679421277271142 0.9686835710300334 0.9705969958918949 0.9711292982471417 0.971843115490384 0.9731731894290184 0.9746904274212623 0.9751270871568294 0.9754409354295043 0.977772368242007 0.9782793706614273 0.9784561385211936 0.9798384671473519 0.9802757008249948 0.9813500552387043 0.9818523900501068 0.9826361168986468 0.9844564965488185 0.9847286254981624 0.9849244012740164 0.9867395097380578 0.9880043033846833 0.9886484691500167 0.9888180021551448 0.9897010228905846 0.9901409855865397 0.9921100399157207 0.9928547120724562 0.9938240816716151 0.9943910870366424 0.9949219612745395 0.9962613625012279 0.9971101431419007 0.9990286550814564 0.99988140057735 1.0013784759687994 1.0026066686581214 1.002859704357473 1.0031665380800938 1.0049652419581965 1.0051986777439632 1.0057323734564538 1.007336166149328 1.0077078240359418 1.009177486925751 1.0114522244405335 1.0126410883368908 1.0137780075592269 1.014931383846929 1.0161721719691292 1.0168698651614807 1.0175047989430608 1.0191185171895065 1.020667778267028 1.0210731414269913 1.023120145846685 1.0238650818953963 1.0254923493160362 1.0263238577998437 1.0295590274169433 1.0320577890943248 1.032569736861029 1.0342527987910548 1.0382597927121535 1.0391174428188505 1.040785658389373 1.0459900708072083 1.0502186788522596 1.0692965957303795 1.351748780389978
88 3168 3.638303227092917 1.351574563264187 0.9268128645493844 0.9268128645493844 0.9301961249188859 0.9322802416520339 0.9341626904071759 0.9354877831434943 0.9374294870769551 0.9387919221564347 0.9404855364987599 0.940686912022771 0.9429630398027012 0.9436230644434264 0.9453943338875533 0.9460915658513176 0.9474693929834626 0.9492849918262327 0.9504369710986741 0.9515299642931981 0.952624159671758 0.9539151468453407 0.9557610958396968 0.9568817367605713 0.9584387582201704 0.9591963985879988 0.9598344200423868 0.9620325917674359 0.962996163166461 0.9638299935007146 0.9640641684528425 0.9655907810960153 0.9669112170319349 0.9681403153113701 0.9684996688092088 0.9697341061798058 0.9702981411104233 0.9708784348707699 0.9725588897725782 0.9739145720882793 0.9748739213801758 0.9757079964477944 0.9771823728331501 0.9781083947632679 0.9782872490189539 0.9796204408380937 0.9810897308414036 0.9817689848520826 0.9818551196236892 0.9831478411265795 0.9839935824011518 0.9845071622584468 0.9853295121726795 0.9868716506180202 0.9873588609037074 0.9883839707934347 0.9891100888273423 0.9896623352945922 0.9900911095650492 0.9919032908255625 0.9927748702688647 0.993300443191912 0.99427759108559 0.9952964892053565 0.9963191204027383 0.9971575802668381 0.9992713871514328 0.9996272883790949 1.0001780241082374 1.0018695290131487 1.002656508229795 1.0029423473928418 1.004108681017965 1.0052650877791973 1.0054198015894311 1.007309541955488 1.0077021537784918 1.0090850068773702 1.0115725625007537 1.0133314274839706 1.0143141595866891 1.0149320643505486 1.0159377551823825 1.0163643126760689 1.017529417012394 1.0192955995855626 1.0201934762990417 1.0218883971396935 1.0235200245117053 1.0245122868120722 1.0250500014223514 1.026406656714526 1.0295575211010055 1.0319423359618105 1.032522317128412 1.034806995879374 1.0384072715192412 1.039632585906907 1.0419229546987807 1.0457425905008793 1.051225024959457 1.0697896582329893 1.351574563264187
89 3204 3.585963031179998 1.3525489245665654 0.9266102057132 0.9266102057132 0.9293459272042155 0.9314923835167558 0.9336463574067142 0.9343910374260854 0.9364298762169035 0.9384980201218714 0.9400951353099587 0.94023928500466 0.9426260315643427 0.9433740524265534 0.9452595218093943 0.9460310767880258 0.9472888747458101 0.9489430701947134 0.9498130793708608 0.9500779838853606 0.952256573156519 0.9535704647782749 0.955699260763607 0.9565798827260886 0.9574628589892091 0.9594104704975871 0.9598138006215615 0.9613908610284042 0.9629031206499146 0.9634279835197215 0.9640088614883396 0.9648484364263701 0.9666680701329586 0.9678863278238903 0.9680113787752089 0.9696651899502895 0.9703031690228268 0.9710085050163696 0.9722146700016832 0.973119845072802 0.9745357804796418 0.9753564865031313 0.9770062718278413 0.9778490334128068 0.9788954190299586 0.9793507226032213 0.9805640388078767 0.9811214547997494 0.9822275350290186 0.9833038685489635 0.9841042363502879 0.9847020704930608 0.9852048112414676 0.9869094951256268 0.9871695131860279 0.9877342805573153 0.9880104420168574 0.9892770646752498 0.9903752094688859 0.9914651470141825 0.992563715955013 0.9928144140621713 0.9945446883872502 0.9954790420511167 0.9966304336950625 0.9971093036943829 0.9994119447611298 0.9996868028496755 1.000398459488577 1.00098150386172 1.0013415100334802 1.0028685000753448 1.0035930776777164 1.0048081695397855 1.0059359935523775 1.0078108264004007 1.0083585328614546 1.009433545420763 1.0117095529521614 1.0137160661576536 1.0143283008205748 1.0152662831816288 1.0159376979839423 1.0174218869758331 1.0181584340971863 1.0189990036011005 1.0198223651458043 1.0216753924994284 1.0232139940007632 1.0244639605959631 1.0252875314132452 1.026000798711637 1.0300826461059598 1.0314224164124755 1.032756763624294 1.0345158457085302 1.0380312875357303 1.0393067019614433 1.0418714072425823 1.0460390809438098 1.0516699104045673 1.0701978153731864 1.3525489245665654
90 3240 3.5343520225518548 1.3524753021165619 0.9254153223428387 0.9254153223428387 0.9289381695418177 0.9313308131388107 0.9339116052121987 0.9342016480212444 0.9365464323278988 0.9377800257506426 0.9395711293434683 0.939805900659978 0.9419966362800531 0.9428095840475149 0.9440002337970326 0.9457381470270072 0.9467449347952177 0.9487975584893921 0.9493163040430741 0.9499365673933562 0.9525551723695279 0.9537952412349204 0.9554424317455887 0.9564090498219405 0.9569600428586131 0.9593084727552236 0.9596988271692077 0.9610398991514648 0.9629543579667729 0.9633101979715617 0.9642830668582182 0.9654152402322785 0.9666410351727452 0.9672547754470608 0.9683168006270051 0.9693426187242379 0.970388770166287 0.9706699642863155 0.9718249729989005 0.9727034698557948 0.9739115658844368 0.9743612905546736 0.976560900907653 0.9777053928066788 0.9783956563524642 0.9791921171862661 0.9801336129209003 0.98100744755894 0.982773898755089 0.9831988065238902 0.9838118135850853 0.9848001462316797 0.9858025978124715 0.9865701392501478 0.9876310884320443 0.9881547176166817 0.9884359011243481 0.9892241676439835 0.9906975728506938 0.990729837578286 0.9923447688753398 0.9929738501165155 0.9946034937179482 0.9952799358064796 0.9964686531027442 0.9971642212250164 0.9984336270363037 0.9998114685090558 1.0002544789039975 1.0007957325710506 1.0013132907299085 1.0031095490227049 1.0046509551844296 1.0052967335019505 1.005819136077846 1.008097367446621 1.0083494579815198 1.0096158184010442 1.0112168057373647 1.014180509912798 1.0143181070577516 1.0160351121930953 1.0162852540499299 1.0172562861826013 1.017760092910349 1.0191406006606978 1.0200292011969603 1.0224692304031007 1.0230371454064042 1.0245423677790002 1.0259392026688396 1.0263441732208676 1.0300280276082763 1.0315129738129047 1.0322145670573182 1.0358168292905419 1.037776182452536 1.03930565543595 1.0415626390122015 1.0452436943690537 1.0513956887453983 1.0698584030584883 1.3524753021165619
91 3276 3.4926957035372865 1.3522771672926597 0.9245791262038087 0.9245791262038087 0.9283271673728389 0.9308141602739355 0.9326831942326808 0.9342290327815563 0.936150868327918 0.9377018500780095 0.9391272814413798 0.9400467418063352 0.9414433965435353 0.9426921157277632 0.9441070541215588 0.9454095182455414 0.9461516287024168 0.9481355353883654 0.9489985000129738 0.9490639527166802 0.9522475812101313 0.9523951523641814 0.9552158079068614 0.9557924845176293 0.9573148910714923 0.9591341014082656 0.9601041719545378 0.961249147780363 0.9627941896383606 0.9632578800527851 0.9635223410172884 0.9648880628841962 0.9659670207383597 0.9672079088032975 0.9677978525999825 0.9687380386632362 0.969865566551562 0.970775107282997 0.9716142260487212 0.97265679384472 0.9738720848917954 0.9742199881001892 0.9759974281731244 0.9775767908006777 0.9784278136193716 0.9791355767722629 0.9799215053565136 0.9810372687490307 0.9819608157664973 0.9830330133997828 0.9834862608652184 0.9846791640268311 0.9855554016363806 0.9870676420344466 0.9874581278192209 0.9883791218756838 0.988525969490472 0.9891271493908687 0.9900717146816101 0.9908382601925357 0.9917822846014209 0.9929610482350091 0.9944491429068406 0.9950228920150989 0.9967771318041222 0.997205805202433 0.9977583428059735 0.9994983656404652 1.0001148815226082 1.0006198859293698 1.001839428353994 1.0024375964913144 1.0040868905843592 1.0061692209220818 1.0068916577561784 1.007270319582047 1.008071035336564 1.0096886458808072 1.011414780499276 1.0137938849513255 1.0144437941689235 1.0156277943981897 1.0164858164198134 1.017287503645004 1.0179768751995812 1.0194140007660626 1.020619958073022 1.022248601891716 1.0227423106878124 1.024451477422922 1.0256854594123557 1.0260454721469885 1.0303482897099523 1.031688970546469 1.0329304003419297 1.0352315078205168 1.0382924513169702 1.0389378540396992 1.041994227170092 1.0447097894158415 1.0511631663544223 1.0707954798576995 1.3522771672926597
92 3312 3.4364443011096393 1.3524066989675851 0.923874169690053 0.923874169690053 0.9275007531533779 0.9312030784245215 0.9320209630772562 0.9333768926564676 0.9368802096870773 0.9369948749511022 0.9381431174756871 0.9401042976449638 0.9406754429092593 0.9421356602910671 0.9442323670037083 0.9450178956231232 0.9454600250312554 0.9476076944778629 0.948508707975028 0.949803594779533 0.9512035035329113 0.9521740364731447 0.9553487953703785 0.9567763559608924 0.9575633513253982 0.9584910247182639 0.9601987827727831 0.9607886864695124 0.9622800333030631 0.9623814001695971 0.963409444022307 0.9649361322543544 0.9658245613946079 0.9666949246406806 0.9675555992086342 0.9679180176392153 0.9700312277367219 0.9704663788972252 0.9713610779091025 0.9728052663868595 0.9732486800363779 0.9746997186912366 0.9759553254146592 0.9765814459659862 0.978346198337105 0.9792864114098364 0.9802083115974889 0.9809721634915896 0.9816517022288876 0.9826009109981171 0.9835147628656605 0.9844689266839213 0.9858296460250091 0.98688446426759 0.987750806494454 0.9883539220461536 0.9888893429236293 0.9891528959378973 0.9903747710746559 0.9904980917794455 0.9915930940148026 0.992696306573968 0.9944356167097951 0.9945467916817257 0.996378294034328 0.9972551379003187 0.9975701666753709 0.9979999644243077 1.0002005070761621 1.000830426434647 1.0013236207101925 1.0024619304063513 1.0039578031813507 1.005894429868285 1.0063845650683225 1.0065499824251614 1.0085363971755044 1.0099678640740428 1.0111896372286369 1.0141436592215047 1.0150237289131374 1.0153591494165535 1.0161758645074452 1.0171618754579752 1.0180209779621463 1.019067331069664 1.0207271500770208 1.0213414864641956 1.022095676838134 1.0244185571329658 1.0253975734412346 1.0267643994828008 1.030993518467131 1.0320546109158908 1.0343044559584391 1.0356314805254996 1.0378508095188272 1.0392483034980424 1.0426390459360872 1.0443562831702737 1.0511900548936752 1.0710649029804236 1.3524066989675851
93 3348 3.372462428528071 1.352573855175174 0.923744526229243 0.923744526229243 0.9265651016743816 0.9295774573671184 0.931065037195584 0.9328321914615958 0.9357991662158196 0.9367726398535321 0.9384251914080646 0.9395679749373758 0.940840314976519 0.9413066294957948 0.9432036113209584 0.9446336547040626 0.9447235890196348 0.9473456623863128 0.948310412588081 0.9488965823231038 0.9506860417747289 0.9520920529759531 0.9551521368688067 0.9567130942169549 0.9572024390031205 0.9586346554326634 0.9598548347753404 0.9604158154176325 0.9615927025763003 0.9622260228383555 0.9631627112289404 0.9648080901691485 0.9658868745135287 0.9667220466368133 0.9679285501672006 0.9684408915026029 0.969908466484658 0.9702652397495852 0.9705639340661344 0.9723476858689509 0.9734776162808169 0.9740980111624243 0.9753573210678264 0.9766104220524637 0.9777585119170148 0.9786273356963453 0.9799314570137274 0.9805039089104951 0.9816484066397264 0.9821869066868094 0.9829488919003787 0.9837294113037248 0.9855446042580792 0.9866329728299775 0.9877612686781836 0.98827540032173 0.988852083614469 0.9891615103444341 0.990215685963193 0.9903315883531351 0.9917811177086736 0.9931079794712021 0.9938321966407327 0.9954013942495588 0.9956760347445064 0.9969607771005208 0.9976465086680593 0.9984459346150755 1.0003854621802613 1.0008146460823852 1.00108397063883 1.0030717781960579 1.0033239332611736 1.0058598438965949 1.0063000704856175 1.0070614422883142 1.0085255528011037 1.0101005076136083 1.0114391610567648 1.0135315304889352 1.0144308693344906 1.0154166433071217 1.016329301047763 1.0168633546291392 1.0182964649461683 1.0192054279855223 1.0205965321516248 1.021147670788764 1.0227323979215395 1.0245032246442107 1.0248715491438323 1.0287629016449376 1.0309603708636816 1.0314612856621823 1.0339433412385675 1.0362065327758836 1.037161227473727 1.0401632839638837 1.0422243013360108 1.0449047677236736 1.052005840597639 1.0713061893928826 1.352573855175174
94 3384 3.32572260784392 1.3528815314351041 0.9232123321720992 0.9232123321720992 0.926396950646551 0.9296119330666862 0.9300860999665861 0.9321854147819255 0.9353823905571864 0.9366209044554147 0.938172824978561 0.9394384624070347 0.9404095328888776 0.942195340511888 0.9426922334428862 0.9435235014298033 0.9449482232616084 0.9471309824668367 0.9476161530964975 0.9484564161453334 0.9500446307244244 0.9509006348030207 0.9544744016028727 0.956299521409677 0.9573421016395665 0.9584780387112887 0.959421167082121 0.9598879319253079 0.9616369644889861 0.9626442239733529 0.9633320233980976 0.9640344191450767 0.9651318898410716 0.9664284614641497 0.9667358072463382 0.9683390442911833 0.9692954668836794 0.9700095773014591 0.9709455075077418 0.9717256891117992 0.9729379131129555 0.9739607085350335 0.9750752768274796 0.9764911522820625 0.9777377087860462 0.9780375261947576 0.9793522975712179 0.9800451033974196 0.9811585108234394 0.9822102040082853 0.9825010426690514 0.9834905325216624 0.9855302006712721 0.9863224989183904 0.987110023394846 0.988348629973016 0.9886420177634003 0.9893967814771355 0.9900849708516939 0.9903234262806935 0.9915377225498548 0.9930082932422882 0.993530829622439 0.9949015417342217 0.9957933831690116 0.9961173664878484 0.9969405097528411 0.998910407107341 0.9992459276907127 1.0004855862531101 1.0011992045676732 1.0026599789184503 1.003605879573574 1.0058105962226542 1.005986852146853 1.0068454890368683 1.0080028560229384 1.0103867371238173 1.0113096089265399 1.0131788951752025 1.0143477101747844 1.0156110705295325 1.016048274405525 1.0167855943478579 1.0179817445103434 1.019421959193645 1.0207697416673809 1.0215111506241519 1.0225797354946313 1.0239512880671164 1.0252160685365246 1.0297953886877897 1.0307395405880042 1.0315292807098275 1.0340523709721967 1.0367091831927688 1.0374884006715115 1.0411955854763306 1.042435491782415 1.0451325436946628 1.052157814120898 1.0713062878933544 1.3528815314351041
95 3420 3.261404874398917 1.3527651823768991 0.9222538533533114 0.9222538533533114 0.926239696932981 0.9291746351110426 0.9302032185384634 0.9319795908575558 0.9350926849575149 0.936001418031696 0.9373188616282513 0.9391851810307357 0.940068081244634 0.9416796001700067 0.9422417683314489 0.9432766253838475 0.9442864617100615 0.9470634264496602 0.947370000629375 0.9486098727995201 0.9499180740674847 0.9512992632181094 0.9535921010827649 0.9562005111136059 0.9566436440146179 0.9574508188637268 0.9593436219670742 0.9599179439661013 0.9618180293506726 0.962294313234081 0.9630710268668978 0.9638322327571048 0.9648480124000053 0.96565147968575 0.9666209593711037 0.9679689213909468 0.9692943132551236 0.9695124196243899 0.9703054276076816 0.9715401484412091 0.9716965421254641 0.9733792774479209 0.9748147679760849 0.9763171077657549 0.9771207042333074 0.9777945619340721 0.9785597265021776 0.9792083025337069 0.9811882195169777 0.9822476074485316 0.9826733787563657 0.9838040020563661 0.9855912762589101 0.9864984284420141 0.987493893569051 0.9875945876539524 0.9888110532168999 0.9893417285867222 0.9899185070531047 0.9905530033585229 0.991332291025328 0.992945996800272 0.9933251130184697 0.9949626525424935 0.9950372110151073 0.9960274969543949 0.9962529292677147 0.9985620782778147 0.9993800135846614 1.000682026136833 1.0016192993359476 1.0025980888186723 1.0034496742885968 1.005360082344052 1.0057978204972073 1.0075283133971438 1.0078363384228644 1.0097816749107427 1.0116384754462644 1.012986118532453 1.0142352655445952 1.0153454725643052 1.0160884186864212 1.0171545890064544 1.018394057333088 1.0196000402853425 1.021163628513003 1.0213663974616454 1.0223256541752979 1.0237119529572958 1.024805640320682 1.0299493536114974 1.0305520640787218 1.0317045941771865 1.0342905323921991 1.036668637598116 1.0379672674282792 1.0411776780190942 1.0422121461295502 1.0462438953730047 1.052636446154346 1.071250226519287 1.3527651823768991
96 3456 3.1995416410423037 1.3529807119116442 0.922040745337209 0.922040745337209 0.9262730738115396 0.9291908874528121 0.9296442117293218 0.9310214728209883 0.9345471050400143 0.9360428131954647 0.9365609210397057 0.9386242829284004 0.9395488685227589 0.9408808959953714 0.9421867157440905 0.9432136048869896 0.9436693313872143 0.9463254066307978 0.9466413444400227 0.9483560909368085 0.9494537518375447 0.9517056404295156 0.9525927760751823 0.9554452267519022 0.9564340244816447 0.957256649554832 0.9590546355073366 0.9591504189785285 0.9611455154532567 0.9621512413985115 0.9633485019530302 0.9638179890023217 0.9645167681119774 0.965111060389169 0.9664843009259729 0.966933596176716 0.9684191448608424 0.9692843054566022 0.9697463713127951 0.9714005574798779 0.9719349832054501 0.9734067032593389 0.9747139698744017 0.9761504826280232 0.976653568102979 0.9780843917577519 0.9785346335231999 0.9794435460481986 0.9806865084708787 0.9821351446461625 0.9827878111106202 0.9837532840968365 0.985407428818128 0.9861836334553095 0.9868874506503293 0.9876664243729953 0.9886552832785511 0.9891563834352 0.989734408897402 0.9898601797398693 0.9916043743605186 0.9925533432081195 0.9940903766465266 0.9944024696233615 0.994821155789643 0.9960353792201693 0.9966750450717559 0.9990786150529968 0.9995493726431112 1.0002147134865353 1.0013058331631088 1.0026226539341 1.0030192212082476 1.0052143123454356 1.0060555560745816 1.0068741310344216 1.0072060087560912 1.0099730906652054 1.0113749840382824 1.01360352287563 1.014406599789049 1.0153137148237708 1.0163246178318024 1.016673139817259 1.018359514134615 1.0202021591912913 1.020765591277067 1.021600832195203 1.0224704229581656 1.0236949966665445 1.0246540998139082 1.0296192210878747 1.029866711890063 1.0321270946298606 1.0338019179555933 1.0363515003399686 1.0376839278262249 1.0414971784541733 1.0429359645558078 1.046649481682107 1.0538041165271541 1.0711802516453008 1.3529807119116442
97 3492 3.1557054097886956 1.3524837490114299 0.9205092875569966 0.9205092875569966 0.9255442532797549 0.9286212488485862 0.9297826527355162 0.9309354726843079 0.9338406733381576 0.9358261096726324 0.9366706186264878 0.937915939073075 0.9390767302925986 0.9404800013007284 0.9414650388259453 0.942537392846269 0.94294015797366 0.946092392851648 0.9466965181338938 0.9478146810126911 0.9489529470071228 0.9510519432434171 0.9521397878028991 0.9549667295560412 0.9563665988458964 0.9572587142258848 0.9580869433764105 0.9585056517040209 0.9612668535119485 0.9619553146851647 0.9631262095498889 0.9635195864322535 0.9641565147459813 0.9647275151754477 0.9665860973994169 0.9666472509677076 0.9679112057068984 0.9683241645176 0.9689300966606802 0.9712400386398368 0.9724428050124877 0.9742374078739292 0.9743073037126482 0.9760664313584233 0.976107749864872 0.9781236812087991 0.9786166527074477 0.9793916468784127 0.9802374314487668 0.9817297468820619 0.9826993367063512 0.9834257947315985 0.985726938389723 0.986135105529541 0.9866082725068679 0.9873417014221016 0.9884934337760456 0.9885313536400002 0.98991374571064 0.9906051968664928 0.9916503434544879 0.9926714984140791 0.9931521647292297 0.9943699160290648 0.9957759241663076 0.9959448865986027 0.9966273282123788 0.9993678607658416 0.999811371866331 1.000655525940363 1.001881923327092 1.00243896196763 1.0025076900352112 1.0049568268708824 1.0059087240434916 1.0062851713021412 1.0072296451964722 1.0105237620378615 1.01088659854628 1.0133237506902253 1.014626902297261 1.0150512845795736 1.0157920663739093 1.0167354492403522 1.018145010783558 1.0200593229163193 1.0205417511530257 1.0222565334349658 1.022669187701423 1.0233719688419365 1.0253042207943608 1.0298979069076826 1.0304380110835152 1.0328987611804128 1.034403062779659 1.0368693158796023 1.0372560222010985 1.04156907269537 1.042498025412527 1.04777551682935 1.0551958645283268 1.0718176461947868 1.3524837490114299
98 3528 3.101185780098374 1.352219361083856 0.920799088481851 0.920799088481851 0.925098711037108 0.9278974178949562 0.929642338682881 0.9302346660710782 0.9334879275821781 0.9356224524602532 0.9363996737333641 0.9376636696225146 0.938919739300699 0.939172229171869 0.9406788380449004 0.9421343508482672 0.9426523102632246 0.9454999042346733 0.9460796555748923 0.9479792272456135 0.9486321196906714 0.9513878809385471 0.9517543369462034 0.9541755549974366 0.9561392779609766 0.9570294652551512 0.9581805580986048 0.9589869844902771 0.9610126293190407 0.9617330875232137 0.9621689544174468 0.9635849067806802 0.96411772522469 0.9645983121603982 0.9660752281421757 0.9664904047927565 0.9670943385975096 0.9684003443051624 0.968930624639566 0.9709407402834891 0.9713978917988884 0.9737829649018946 0.9741743687242724 0.9757553785077147 0.9760268798902582 0.9780649779425535 0.9785901339269396 0.9792834113060293 0.9806115211815554 0.9820508136359648 0.9822524773786537 0.9830441325405892 0.9856690535626778 0.9860006438353133 0.9865981105112362 0.987379862416406 0.9875640450279088 0.9888707287538706 0.9900230773434892 0.990207813010376 0.9909076061154217 0.9927115314837689 0.9934664871802089 0.9941299769782008 0.9950085152880735 0.9957973021532075 0.9967098604510238 0.9988281727014703 0.999914412448387 1.0004635223102116 1.002058175601575 1.0024066167485202 1.0033794405066634 1.0044077761366228 1.005617066726463 1.0063824817158182 1.007038574581935 1.0103149768339177 1.0115370229909848 1.0133240201292624 1.014345997109302 1.0152421569550796 1.0158929901880518 1.0173303247197427 1.0176729763113348 1.020360140864746 1.0209780597015803 1.0224973278006795 1.022871977414032 1.0244533603789552 1.0258125189708462 1.029184749648 1.0307504266999288 1.0324094496767653 1.0345281700116236 1.0370232500605936 1.0384003689783743 1.0417367641819513 1.0428626835439578 1.0476763217317528 1.0566277980669552 1.0709273943389925 1.352219361083856
99 3564 3.0427051807466587 1.3534693405097418 0.9200967545884815 0.9200967545884815 0.9246715479558512 0.928107418321606 0.9294797120999241 0.9302916483780922 0.9326815998328881 0.9338582370573546 0.9356008584300252 0.9375013186921295 0.9382781940348439 0.9389563617846431 0.9412288478566951 0.9421340623327382 0.9428289224824005 0.9457177518955349 0.9459796194637932 0.9467717742675649 0.9484250379636958 0.9517920082839759 0.9520907617054923 0.9543597210946815 0.9558385576284534 0.9563524536700077 0.9575166830276781 0.9589733622877619 0.9599486724901329 0.9605560699854607 0.9612529527879603 0.9633047813045856 0.9642090935368082 0.9645477686999525 0.9657703227228109 0.9662175652850533 0.9667791692471706 0.9677190301271031 0.9695906206190569 0.9701631874212674 0.9711738589845597 0.9728694323723546 0.9744413918860863 0.9752148641743218 0.9758138446778246 0.9776707587472266 0.978697252907125 0.9789319668689288 0.9800711113704975 0.9818402744114887 0.982292943205234 0.9829737991977676 0.9850285957974014 0.9858627343451691 0.9865822579412561 0.9876498305231262 0.9878377152347955 0.9882030748730308 0.9893559379064982 0.9903909170885069 0.9910132067922587 0.9922337227934536 0.9937232093886813 0.9947029338758447 0.9947901281403139 0.995676232999859 0.9963321765684207 0.998445381313823 1.0001657223546414 1.0010320150467573 1.001816812130857 1.002441924081258 1.0032562792481763 1.004768410701399 1.005777264769704 1.0060797031042723 1.007782991129649 1.0098426143479837 1.0112053531418144 1.0132453175673544 1.0143159353459652 1.0147164760375704 1.0161019417289356 1.0173030007604387 1.0180368005420197 1.0201791549785137 1.0216502939718322 1.0222721237102328 1.0236086797467239 1.0246659895591188 1.026200865414422 1.029070572494896 1.030971155051095 1.0328358023316708 1.0349245722433487 1.0366127585014442 1.0383192386712952 1.0413572780642704 1.0429526203698747 1.0483767391489291 1.0576525426365382 1.0703109785553955 1.3534693405097418
100 3600 3.0011463453590044 1.3537517278839875 0.9190017478984324 0.9190017478984324 0.9237064873184931 0.9274030546609656 0.9285980732275754 0.9301232877059609 0.9316864305322267 0.93335248551595 0.9352057392343206 0.9370392411109273 0.9379852685516863 0.9387253896925838 0.9407502890965174 0.9422104397599111 0.9428532598762349 0.9450455098171915 0.9467203391312087 0.9473942721430308 0.9486551000224576 0.9511007373492599 0.9512917972068031 0.9540584045822471 0.9553615462754758 0.9560915469598206 0.9571227638628883 0.9585367690951024 0.9588947027259089 0.9604428141227626 0.960856901769671 0.9634724578821305 0.9637386270231223 0.9646798571165032 0.9652194814184547 0.9657133735951837 0.9661645479318862 0.968261908379704 0.9694286822980721 0.969870748333963 0.9709593641691272 0.9720594659973706 0.9742821348936639 0.9749911141391157 0.9759835323340622 0.9770065512374718 0.9785325401686121 0.9786900147723646 0.9803623281363594 0.9816464745158602 0.9821221734096104 0.9833523203499804 0.9847133789114533 0.9854799235167802 0.9869634712187435 0.9872791761260399 0.9881551429465287 0.9882188763404505 0.989114101902941 0.9897326863203245 0.9913459202035592 0.9918817597743436 0.9935135271363146 0.9943442313705917 0.9948276868792586 0.9957235720636083 0.9960839606622793 0.9982578102370017 1.000069143406036 1.0009948290896926 1.0017949688546681 1.0022832407164584 1.003489566433956 1.0051181045914621 1.0055174602649273 1.0064089357045296 1.0082091338322847 1.0095720674211797 1.0114270858083656 1.012996816270677 1.0138414344422586 1.0153351051368793 1.0167353860288286 1.0178353663142037 1.018069226064911 1.0202093283908726 1.0211307257581206 1.0231554200318849 1.0233814393756684 1.025377243142794 1.0258608934677793 1.0283107182270148 1.0312579640635686 1.0332139560251148 1.0348174449673277 1.0367294241993004 1.0389492449699982 1.0416173911015278 1.0437982850723053 1.0485450061252362 1.05848034851191 1.0707530461290258 1.3537517278839875
101 3636 2.957184419263989 1.3543456468730861 0.918382128305283 0.918382128305283 0.922814635029624 0.926783694518919 0.9284904243559517 0.9300382825871493 0.9320980318373953 0.9325923178840535 0.935217088457108 0.9363294501064058 0.9369305157725196 0.9390274308981614 0.9400368718108217 0.9409256278066289 0.9426733567001733 0.9442713746888869 0.9462243759527467 0.9475800131934942 0.9480768925372871 0.9504049494254153 0.9512522279947375 0.9529003929553764 0.9546519233541294 0.9556753232879648 0.9570675272277576 0.958258805720658 0.958633328467404 0.9603454294957735 0.9606550213582264 0.963052492631935 0.963468176735189 0.9640541768747082 0.9647978507466448 0.9652617719660208 0.966568544343245 0.9683125087269477 0.9690278989722357 0.9694728857900671 0.97063571360325 0.9720665509070404 0.9745504995654215 0.9750655298749913 0.9758541869305909 0.9767237327023491 0.9781979402938171 0.9792838886726999 0.9798953491511918 0.9812569454305291 0.9822074842252234 0.983150068852149 0.9843728377073303 0.9854399226114638 0.9865076563065677 0.986983905767439 0.9881515683705538 0.9886690563006347 0.9889548978182731 0.9898183508580048 0.9912975735739928 0.9920715835547629 0.9930306611183061 0.9935041379672374 0.995044404932157 0.9955402708361294 0.9964555806174573 0.9984209043814263 0.9996454863485357 1.0009656255085566 1.0016823107745783 1.0024008161541622 1.003266696104455 1.0053371224816736 1.006031157895185 1.0061282660968416 1.0079042662881699 1.0100114378846161 1.0116929452831394 1.012934925965864 1.0138562368023847 1.0142886006645113 1.0171494082543076 1.0178605595723156 1.0179053995003333 1.0201923553265204 1.0222750992153018 1.02276795650112 1.0251108324180789 1.0255389464016877 1.0273531116426795 1.028719845509979 1.0312504530604734 1.033575148359233 1.0348201971900588 1.0368512297763943 1.0390671688407327 1.0416395657279816 1.0441983648264401 1.0487786209259582 1.0595357364673326 1.0706265680048843 1.3543456468730861
102 3672 2.878718275672357 1.3537612692631982 0.91822240347296 0.91822240347296 0.9220751909617049 0.9264474483048681 0.9284311184706472 0.9297919735510174 0.9318956408443763 0.9322948573668826 0.9343886480602471 0.935551828583843 0.9370024446336866 0.9385417966213764 0.9400138550560164 0.9406033138754921 0.9424217511697266 0.9443175967450991 0.9463869335570025 0.947382527750429 0.9483574315922265 0.9494542895522343 0.9522670145164249 0.9527201426151221 0.9543676662819537 0.9556132832019602 0.9568990078093065 0.9576640370648469 0.9584675111275138 0.9601256645260524 0.9602434176536022 0.9619398362223013 0.9629421737659843 0.9632975822782491 0.9644294483169124 0.9658178172619377 0.966440875995204 0.9676243058467637 0.9686530186106398 0.9693171161807937 0.9712249588646368 0.9717426738001586 0.9740607362301361 0.9752767960001495 0.9755521223423084 0.9765573062739676 0.9774765609412454 0.9786465557560116 0.978926057890601 0.9818039719435332 0.9828759403587694 0.9832475536398575 0.984945473626975 0.9854669227134932 0.9862840783167051 0.9869051155754852 0.9880114869784954 0.9886493649815834 0.9894808586220505 0.9901523560262193 0.9913026537651451 0.9916905023183927 0.9933982621535657 0.9939184203053548 0.9947590574224331 0.9958868508511456 0.9967880269217203 0.9982926729371673 0.9993711610307757 1.000189423762639 1.0017843935273392 1.0024486776279338 1.0027005023593818 1.004822433487609 1.0056931522236268 1.0061004466060322 1.0077783233486257 1.0098114087773793 1.0109068388960842 1.0126467302827038 1.013704607438496 1.014181054530472 1.0166935962490218 1.017211070438349 1.0188342264169774 1.02056247807869 1.0219536479729037 1.0228596684911815 1.0243702163792983 1.0252532892076633 1.027118037378478 1.0284451002728807 1.0310672219149386 1.0339443830921835 1.0343586793480308 1.0372366246695375 1.0387212766088285 1.0423735955722102 1.0452747553807384 1.0488776967967466 1.0602869476126837 1.0712967230378392 1.3537612692631982
103 3708 2.820688410361017 1.352966540875853 0.9174740196166812 0.9174740196166812 0.9211265869507618 0.9256833896568116 0.9275015653357777 0.9299640541382622 0.931096231331997 0.9320468514926586 0.9348094796717504 0.935882548003717 0.9367736618028684 0.9382649818848849 0.939803171174594 0.9403969253996485 0.9426059986675691 0.9435518837889835 0.9454122028954124 0.9466485309964495 0.9485806205727189 0.9494789716724031 0.9517655674781168 0.9524293284191682 0.9541844791467783 0.9549057972744731 0.9565356182514572 0.9570847338834357 0.9589220753516964 0.9597290872026816 0.9600317240388113 0.961400531505499 0.9626736137236388 0.9632168274889907 0.9643487381392903 0.9650156171511768 0.9667935546718308 0.967570562981719 0.9679191467555663 0.9688503659398474 0.9703206549565527 0.9719723189020938 0.9734354942634077 0.974726980810447 0.9751655994874546 0.9763876526846832 0.9776610099934804 0.9783912116591311 0.9792155933679597 0.9824259442901737 0.9826542687982188 0.9838517888178887 0.9843052734207621 0.9851177065371131 0.9856779071439943 0.9868654276969947 0.9877131301751978 0.9883088598882479 0.9888029617743288 0.9895317871010201 0.990799054198669 0.9917448468783857 0.9931465705613122 0.9936364615382149 0.9945958425831825 0.9957265631498938 0.996632996876663 0.9982619368856102 0.9992741404349698 1.000303522549834 1.0012010952897756 1.0019707388519463 1.0039797688582688 1.005408990678113 1.0057115279370294 1.0062256956847861 1.007957933584045 1.009632374629303 1.0105922382092645 1.0123869909898433 1.014113533408878 1.014485247675124 1.0151128425178908 1.0171780959155143 1.0187894320930975 1.0203794035461773 1.0220731407431631 1.0227204388989388 1.0248918416532744 1.0252466452037488 1.0270253259185058 1.0291694840305379 1.030473238956132 1.0338251227733324 1.03448035505069 1.0369290400186957 1.0384083040553262 1.0424743047801248 1.0450697341858386 1.0492624111062105 1.0604502142799517 1.0720516836514726 1.352966540875853
104 3744 2.759647960072843 1.353320115181113 0.9177543796594412 0.9177543796594412 0.9213477698460515 0.9252823785042241 0.9269351512211231 0.9293978040122145 0.9308145526505422 0.9316538182318621 0.9339270276105722 0.9356253324773923 0.936196081935865 0.9387356552914623 0.9393454358000723 0.9406809744716604 0.9426764455558221 0.9435714397395485 0.9448436384366219 0.9467311914333034 0.9476807651784525 0.9491396251318684 0.9514065203941156 0.9521534043635931 0.9536911337902821 0.9547655169701121 0.9555100114947679 0.9572030739383766 0.9589381933004408 0.9592820111956637 0.9601279446242048 0.9610926037778235 0.962255908160767 0.9626997304032654 0.9634700227455504 0.9649349834794928 0.9662814220678551 0.967421529304085 0.9679738588219721 0.9681574356423376 0.9703809051354552 0.9712914772276172 0.9736355707584546 0.9746458112504278 0.9750373980026305 0.9756076580172547 0.9770741563326985 0.978537391310164 0.9788512173243186 0.9811961827885468 0.9822245499147693 0.9827953359198393 0.9838715557187715 0.9841763949345878 0.9857750244214993 0.9866221875985651 0.9870806987648252 0.9880427352384853 0.9891078799971578 0.9896594666225796 0.9905962122654526 0.9919446516433075 0.9926713856348252 0.9936650245206837 0.9938975002482624 0.9949738798555221 0.9962252914110951 0.9983782936508849 0.9993822148215021 1.0004216248679365 1.0008710156315814 1.002005794241487 1.0039956099215985 1.0047797478923677 1.0057926069733847 1.0061960946053823 1.008322200183779 1.0098005320567998 1.010719782708087 1.012047033060186 1.0141918824301077 1.0146941651882249 1.0154995375408782 1.0166974227117265 1.0181058262652085 1.0197004918180939 1.0217296849076396 1.0228098086009085 1.0248034137162625 1.0253697137246898 1.027314254319038 1.0297226705028644 1.0311810087513065 1.0337407453525318 1.0347780890022682 1.037211690386654 1.0381822530146734 1.0424308565665714 1.0449359564030711 1.0491451128639728 1.0596631717035996 1.0730396149376493 1.353320115181113
105 3780 2.687780344288293 1.3533893220202184 0.9176118811731644 0.9176118811731644 0.9211991103310221 0.9232706031440677 0.9272905951761256 0.9281701937874726 0.9308405221933423 0.9316643182514378 0.9340304850093202 0.9348280425257022 0.935710073058841 0.9387732331552773 0.939137711916537 0.9398248102913672 0.9420492193233575 0.9435678799238378 0.9450708795027234 0.9456791925412487 0.9477175533590778 0.9490151464494644 0.9512461849857884 0.9519876490764109 0.9536336932006142 0.9540772468657359 0.9550161554326295 0.956630655010131 0.9584608979032035 0.9593771528731169 0.9602839920239506 0.9610938174254896 0.9617196733060993 0.9628584769111911 0.9637243503660323 0.9651825989838398 0.9665430177247649 0.9668219834400575 0.9677136875642884 0.9684216965585684 0.9700637422732835 0.9717469986168533 0.973627594360967 0.9736749068982565 0.9745368174175663 0.975104108525798 0.9767925888361904 0.9780353904823585 0.978206244395415 0.9810924815851041 0.981798366175631 0.9820921163951394 0.9838985311737997 0.9843924563227319 0.985310527341291 0.9856296554751712 0.987419965331553 0.9876733637839162 0.9891103151803048 0.9898704099380882 0.9905661790405903 0.9912067170971999 0.992861832956702 0.993486857739913 0.994143788433809 0.9958780380708884 0.9963169990669066 0.9979403437985248 0.9992784017237676 1.000574598177231 1.0016229416788245 1.0019372342808026 1.0037140788270458 1.0042717636718848 1.0060975507288072 1.006531436588936 1.0082843819836271 1.0097100708201243 1.0118217595267296 1.0123577228860807 1.0141509833089313 1.0150158107038407 1.01556972499185 1.0162358469800854 1.0179602333270512 1.0194957804193676 1.0213701256657763 1.0233047118291017 1.0245891393258166 1.0252168760177418 1.0271380931331002 1.029628574164797 1.0317962170097614 1.0334988512976195 1.0348258268497763 1.0376832677636496 1.0388813420166745 1.0421127784799507 1.045508373631995 1.0495680519743766 1.0597933494980443 1.0726459358814353 1.3533893220202184
106 3816 2.6146144390111763 1.3530882193672373 0.9172578878924964 0.9172578878924964 0.9211594201430886 0.9234237894732866 0.9275201574064464 0.9282706190459333 0.9308380994984412 0.931067462210334 0.9332944081726566 0.9342802850180446 0.934655067366122 0.9383535499184047 0.9388151603646314 0.9391208715079034 0.9416906049060608 0.9427994205977169 0.9449818296113147 0.9457808588814333 0.9478256504687163 0.9483218843171071 0.9507570739989704 0.9523719616449449 0.9535446315388567 0.9545439308079348 0.9554848354021641 0.9559280297928275 0.9579908755148795 0.9591653329530127 0.96003742270079 0.9605123608989214 0.9619068563305871 0.9622530637848584 0.9631269822654231 0.9656946105063203 0.9665432941206055 0.9670003111663886 0.9676553849745457 0.9683138245529815 0.9697646291305009 0.9715858308104666 0.9727842367998757 0.973400259870715 0.9747232441054737 0.9757411869118056 0.9763802466120559 0.9775882170776921 0.9787435496967934 0.9809315753952652 0.9813755021009057 0.9819134549265893 0.9832529576452749 0.9838515739489078 0.9849255017496732 0.9855081001008397 0.9868248230094249 0.9877870706252573 0.9887378989458872 0.9896035410002432 0.9903050005141502 0.9909724710705221 0.9922818995592191 0.9928430196097162 0.9939453783582207 0.9952416889939003 0.996146215941408 0.9972915593885705 0.9988276761850305 1.0002206082887979 1.0011594818486635 1.0020171563305567 1.0036605472553082 1.0048751944659826 1.0052835637882176 1.0070823834386429 1.0081141141434238 1.0106830651034844 1.0119271980007392 1.0131801292273233 1.014066339793169 1.0144551567390283 1.0155750155359715 1.016347301857464 1.0177602680831461 1.0194351239389938 1.0206475816105762 1.023128572427354 1.024349261531289 1.0252041779795202 1.0271467653188922 1.030361256533395 1.0317742299382369 1.033803879437972 1.0348189478087915 1.0379958027263358 1.0387494042906702 1.0422483011400359 1.0472109177953268 1.0491611319097016 1.059479386519392 1.0730712976830958 1.3530882193672373
107 3852 2.541359324865247 1.352083125161351 0.9169773523919156 0.9169773523919156 0.9211201891123176 0.9234112906753303 0.9266273429889138 0.9287558586032976 0.9297970191484206 0.9308859273055394 0.9321436059969123 0.9343169452867651 0.9344962116231391 0.9374788739858329 0.9384103496043343 0.9387132688488699 0.9417297783277883 0.9427109875653671 0.9444284836201104 0.9449055417707697 0.9479341253090912 0.9484047660395911 0.9498842949365766 0.9518333008330591 0.9529129334651258 0.9540921556114508 0.9544324137282111 0.9556788764129591 0.9570789633637476 0.9594472431118446 0.9598487534465342 0.9604727891652948 0.960890742260092 0.9615870232710623 0.9627671415511226 0.965680544701235 0.9658218110331612 0.9667262021580886 0.9674601261236883 0.9682974364582587 0.970320691711619 0.9715703742851626 0.9730626985822927 0.9733448364108496 0.974089270481102 0.9754890757741687 0.9764212986785219 0.9768399769464206 0.9784263621505773 0.9808005066637719 0.9813922492843139 0.9819975173181851 0.9828798337969995 0.9837055776324778 0.9847219598548036 0.9859876156816764 0.9869143397442907 0.9878224389834296 0.989012434989446 0.9898405118675716 0.9899888250307027 0.9903618237593258 0.9922214303015849 0.9932517422599338 0.9933580763481985 0.9947540266273952 0.9961212017330772 0.9975617928401987 0.9988586008627977 1.0003840959988923 1.001114183312859 1.0021343941275216 1.0039871704443162 1.0047516960402927 1.005128703195056 1.0060218070868603 1.0079273225989076 1.0095298835165956 1.011586508373489 1.0129884246380834 1.013480281424329 1.01458045117922 1.0157358760739283 1.0166125050306103 1.018721580491637 1.0198314241827016 1.02078958595719 1.023082394533414 1.0243690698775207 1.0253232439224846 1.027518083779278 1.0302313295842824 1.0316358623340367 1.0340570149434434 1.0349480687523689 1.0379490926989503 1.0398656173491543 1.041701282576401 1.0475933376142061 1.0495912932327456 1.0592165159825304 1.0742759925143837 1.352083125161351
108 3888 2.477902145400843 1.351860807365243 0.9168723289539984 0.9168723289539984 0.9205871528985664 0.9239846680155683 0.926742933502852 0.9284912200313404 0.9297661380217221 0.9301135277083442 0.931601597816737 0.9334994546907808 0.9347453608065105 0.9376817908966877 0.9384241117495289 0.9385740759456562 0.9414809925905876 0.9427267707725537 0.9442305732240399 0.944602120448146 0.9470146446713028 0.9481982778452717 0.948964990943364 0.9508818342204626 0.9527319982518319 0.9531315496497219 0.9543253550337211 0.9549051345542247 0.9566214269714708 0.9579045947380306 0.9596148948196108 0.9602312411940053 0.9613289082882278 0.9616326241355221 0.9627020855291576 0.9649013412745058 0.9657932955783955 0.966086310529298 0.967381782802273 0.9679439936186157 0.9701300439230424 0.9713951296520228 0.9726922355059942 0.9731464702110656 0.9741251736978064 0.9748646233432855 0.9764928222925164 0.9767591869627333 0.9774441432446909 0.9804765592979259 0.9811019277596725 0.9823638158319393 0.983107072010029 0.9834168607514786 0.9847707437102897 0.985958216568122 0.9869111640026486 0.9873951965057463 0.9882241509793567 0.9898164988395571 0.9900485496263268 0.990108408321304 0.9912156395609415 0.9919704116124304 0.9934142989216845 0.9946857786015129 0.995614776920999 0.9978807362038701 0.9991470451530114 1.0001007272493048 1.0009313497281673 1.0019190707603858 1.0037641430227398 1.0043265345266124 1.005475960849699 1.0069551894638327 1.008086443381812 1.009344207053945 1.0113778143676173 1.0119538797047543 1.0138741062725998 1.0144858135456112 1.0154104511904927 1.0167782267135093 1.0187481823705162 1.0194395839205295 1.0206081358228434 1.0227284146058409 1.0244439946471995 1.025189235428743 1.0281858687364367 1.0308747888674026 1.0314125481838938 1.0339434307765725 1.034895172126933 1.038296769899373 1.039763146169526 1.0409324244624794 1.0473557970557983 1.049739705444639 1.0603486953881123 1.074671245332237 1.351860807365243
109 3924 2.4280445994173148 1.3528719525921762 0.9164245923874274 0.9164245923874274 0.9196175587362211 0.923632750795735 0.9264943482915203 0.9282877920025532 0.9291720945019872 0.9295273617950489 0.9316331152626838 0.9337855298404057 0.9345209911447172 0.9374178914098825 0.937715743086257 0.9386775458319094 0.9413991018346436 0.9424612440194541 0.9427573019803317 0.9446190671483434 0.9458673880750145 0.9478198138933152 0.9484443818496573 0.9505023653732149 0.951748861213061 0.9532719364658991 0.9545463986801259 0.9546717000222554 0.9564313031444023 0.9579257938434234 0.9593502627811089 0.960532169952538 0.9608828570069103 0.9616723387988568 0.9624932485535348 0.9649120041926764 0.9655291333615711 0.9657831477931681 0.9674492329909661 0.9680585968232351 0.9692118453832645 0.9705958895365564 0.9719903175097028 0.9733034887670377 0.9739856922616882 0.974916943929044 0.9758214749529032 0.9762449746161006 0.9772721286935229 0.9797648438712723 0.980311447593674 0.9819907823208673 0.9834886828737617 0.9837481653469557 0.9844528472570708 0.9856927163509623 0.986428795452862 0.9876669641989817 0.9885435686706977 0.988883842627114 0.9900386615952895 0.9904179800994628 0.9913808955389856 0.9922919113160735 0.993141373938926 0.9946391380330283 0.9954781244079154 0.9980826908595716 0.9992678159860474 1.0002835871915858 1.0003746319176745 1.0019008336700728 1.0034745989067473 1.0042323235789228 1.0055365250956878 1.0070085550892323 1.0082100580097475 1.009991991191919 1.0111946752762153 1.0118349966704556 1.0139459627393883 1.014461963452861 1.0163473052941832 1.0173200644868248 1.017932094313509 1.0190617228989323 1.0205031011856904 1.0227029131500116 1.024609922187413 1.0254360030141798 1.0290278259440337 1.0308507866968295 1.031558809096149 1.0330790258582914 1.0352539652953066 1.0375077778042356 1.0398714014776247 1.0415547522272943 1.0471731231914607 1.048772726554275 1.059629899972476 1.0754888347584548 1.3528719525921762
110 3960 2.3551987348230403 1.3520050261597745 0.9159060487268461 0.9159060487268461 0.9194633684015192 0.9236348812990327 0.9260077320745923 0.9279887614036968 0.9290306560042595 0.9297790113692328 0.9302760977790274 0.9333592495992332 0.934320140007801 0.936140834228575 0.9372649153130065 0.9389533351536923 0.9414544805249487 0.9419696618426014 0.9426037274957318 0.9443812815868959 0.9456973174155326 0.9471711482630188 0.9484593919956795 0.9497391447893374 0.9512321572998991 0.9529470374325629 0.9539830816713292 0.9546917452778454 0.9566068027766161 0.9577350222887938 0.9591774675355293 0.9602148205054647 0.9609192438562649 0.9616537996008854 0.9622463458466919 0.9646019670477829 0.9656080475993418 0.9659712981600443 0.967284570084699 0.9681418852079108 0.9692577544398935 0.9707199793041795 0.9721847007845921 0.9725518710199494 0.9740999116192065 0.974394701104438 0.9754334026477629 0.9764627976223444 0.9776612546286784 0.9799833727452201 0.9801608573179167 0.9818137044628684 0.9828694886687429 0.9830335464397333 0.9841359698375512 0.9855945169605644 0.9864865083956549 0.9875772371869945 0.9878871959382032 0.9886715169661834 0.9904849570734604 0.9908699189337139 0.99130677581039 0.9928787011645993 0.9932177538887786 0.9940969305390696 0.9950157267193623 0.9981737958926089 0.9988210035200451 0.9998336854086044 1.0011575175777827 1.0023185872892304 1.0038581368184825 1.0045671554496078 1.005948925871319 1.0075530981758245 1.0091615694204423 1.010104632588111 1.0110251348684136 1.0119553513216852 1.01409781774114 1.0147493090415018 1.0160709212905565 1.0163081633743036 1.0179428269444772 1.0189171817763072 1.0199694034901188 1.0227762761683188 1.0247465918203835 1.0264154890646675 1.028488625152476 1.0307684859297792 1.0315180687630459 1.0327722671251618 1.0348979102154006 1.0367179127095127 1.0395295957394879 1.0425052110694912 1.0465086052215666 1.0492692815011968 1.0596933567892404 1.075489627873319 1.3520050261597745
111 3996 2.2781628711026762 1.3523513194415036 0.9151960303256874 0.9151960303256874 0.9185428918711045 0.923235749327029 0.9258142949362657 0.9278324112189623 0.9286634542754189 0.9293743763564398 0.9300729805476817 0.9329855106492062 0.9340084424882668 0.9362472222311847 0.9369435381575211 0.9381135894860975 0.9410061599246833 0.9414085043094014 0.9421229852842201 0.9443521629796342 0.9449691704937208 0.9466935829681268 0.9477363660426935 0.9491365337775086 0.9500433320303034 0.952150180132293 0.9533344057550419 0.9539078744810268 0.9565310100648149 0.9577469520111241 0.9585633114711627 0.9597740249654435 0.9605117504780503 0.9616102901585104 0.9623347760103835 0.9643391779967697 0.9650313274885514 0.9653507618731034 0.9673549655511416 0.967707532774211 0.9691563208185637 0.9703710096192446 0.9714515424170014 0.9722948594499985 0.9738720482804826 0.9745976067165093 0.9755380150496763 0.976619485217129 0.9778716236077334 0.9795634783156931 0.9799371952500769 0.9814382228476264 0.9821884241936099 0.9837154379523616 0.984220637579156 0.985065297091472 0.9859179654152276 0.9868022985751724 0.9881418432115578 0.9888976935413931 0.990472175114993 0.9907204049391086 0.9910900940957654 0.9920652406737086 0.9932906775213051 0.9939841241539449 0.9946888546796971 0.9976427006733628 0.9984522396799441 0.9998041073500101 1.0001759813562148 1.0027880791956738 1.0041738494789334 1.0047636634146626 1.00569506281089 1.0078780254086508 1.0084883688666642 1.0095789743987496 1.0108999428074454 1.0120576827423704 1.0143802293416835 1.0152590433641056 1.0157322205632136 1.0161689137488565 1.018044550167838 1.0195870543911392 1.0198380848621647 1.0222830070067863 1.0248153360701164 1.0263469520687238 1.0286304419469865 1.0305486343083743 1.0314982570453408 1.0343457281672046 1.034554368183176 1.0369138881387165 1.0399643830492458 1.0417639368537301 1.046774200334507 1.0491832669094778 1.05898863483951 1.076219770898649 1.3523513194415036
112 4032 2.197911739709042 1.351741709839074 0.9149473693441481 0.9149473693441481 0.9184013024086546 0.9234847487844967 0.9257749595556473 0.9275138733793475 0.9277163305548044 0.9294106923642291 0.9297272748211781 0.932031920307084 0.9333279111490973 0.935916037457278 0.9368628796250136 0.9383691343131406 0.9399699799284292 0.9411673666770308 0.9416781534117721 0.9441049738196138 0.9457182938230961 0.946307859702228 0.9467919789015686 0.9489571350998323 0.9503441963058745 0.9519397886429135 0.9530502477224785 0.9535778867935345 0.9559114726375727 0.958029333291556 0.9583778616731181 0.9590715579568048 0.9605739531910668 0.960898507519553 0.9624049143414145 0.9635335414814733 0.963924162190732 0.9652094154695906 0.9658514197053292 0.9676029816886824 0.9684348297314606 0.9696510095702275 0.9710151960736031 0.9713715634891471 0.9732034755177716 0.9749348271452063 0.975709954755918 0.9767887698032099 0.9774617297874265 0.9790884695489583 0.9799775198209111 0.9812370635002333 0.9824123691722855 0.9835617795495684 0.983914363783929 0.9846144697464516 0.9858873654084335 0.9861914757265454 0.9880323271445741 0.9885527392177844 0.9896478167564219 0.9910901610780453 0.9913341463882708 0.9920075665131254 0.9930111961902968 0.9944655174102947 0.9948189396892313 0.9974095361549778 0.9993780348427103 0.9998441704046559 1.0001835117921656 1.0024193342656684 1.004185841279197 1.004913345161699 1.0061860893674681 1.007887848368097 1.0087458006395638 1.0092426320245251 1.012011674743934 1.0126010643393373 1.0146288437263553 1.0151037572656538 1.0154437776346257 1.0158681148092497 1.0182003434690916 1.0196196770395696 1.0201370310159117 1.0221072601702745 1.0235170728927994 1.0259510035306227 1.0282956969416084 1.0307761449816222 1.0317517969649341 1.03454222946632 1.0350467968488892 1.0369310536995315 1.0404491257960713 1.0422000746598032 1.0461418447123276 1.0490373514230829 1.0591717880443738 1.077245342803182 1.351741709839074
113 4068 2.1299906907440826 1.3519130434226985 0.9142460889733118 0.9142460889733118 0.9177718984061479 0.9232696293241578 0.9249236787724137 0.9271578921938762 0.927870843027222 0.9289836493399145 0.9292809317096029 0.9318469057691435 0.9330847690609836 0.935337797146208 0.9363513172100201 0.9376573036609079 0.9394752161822688 0.9410631653077768 0.9416997637166177 0.9437381068710506 0.9451462393392805 0.9461849096622625 0.9470806452430045 0.9483028504295897 0.9509387659291406 0.9510006669427321 0.9524454491984294 0.9532634287915857 0.955894094397314 0.957286677402798 0.9575431332428639 0.9583573924254828 0.9595998352714704 0.9603107694034986 0.9624546978218944 0.9629148632511849 0.9634425476408108 0.9640925628219265 0.9656422421521376 0.9672484034609959 0.9677429048405986 0.9695911576956345 0.9706283509119652 0.9709982173374337 0.9728515548965301 0.9750584860169487 0.9757326660460318 0.9766041850963283 0.9772614739407608 0.9789927881467348 0.9794731233436387 0.9811996717132754 0.9824339075440061 0.9827689867077378 0.9834375759460894 0.9848404265450806 0.9857833883787147 0.9864200815858298 0.9878269752427381 0.9882600803696009 0.9897879189929709 0.9907559912387521 0.9913236643233385 0.9921952435546613 0.9933849937404642 0.9937279939723865 0.9943856640244523 0.9975717064773917 0.9985825795212792 1.0000089856514562 1.0004461731754701 1.002026206008364 1.0036235481283133 1.0051688218453727 1.0063364269578188 1.0071033840909036 1.0086876545251346 1.0091746023903378 1.0121861766582796 1.0130887275981344 1.013365819964834 1.0145803558061508 1.0154803756748827 1.0160964037363147 1.0184139547997364 1.0194873778098446 1.0202656054091144 1.022299019416574 1.0230819096428685 1.0258709447173344 1.0283775571171547 1.0301171189925047 1.031167853315002 1.033945514696648 1.0358335008836548 1.037278029620846 1.0409052849927138 1.042762746860077 1.0461853856091914 1.0496169198165597 1.0589770716243603 1.0770555334411829 1.3519130434226985
114 4104 2.0655158561836755 1.3518842505559343 0.912809625158926 0.912809625158926 0.9174398559592658 0.9231053395224258 0.9244614400059833 0.9269990977545489 0.9270730309099289 0.9287437733046933 0.9293986560672907 0.9318650029232207 0.9328770557311705 0.9346410617503864 0.9357904418791422 0.9376597531615223 0.9398879874290468 0.9407591671119662 0.9409834832696373 0.9439144081766033 0.9443886666653118 0.9465475678287881 0.946933978782834 0.9474558017204483 0.9496649344612966 0.95078289363672 0.9517786326960609 0.9530215450184704 0.9551834508612965 0.9573442690479395 0.9578005640331759 0.958453638383939 0.9588994986824404 0.9594771242399561 0.9612514918441585 0.9622153551143423 0.9634723050114163 0.9645235942049506 0.9658653675396858 0.9663653434121435 0.9679766962676859 0.9698541928323079 0.9702428919069433 0.9710156565412038 0.9722837620862237 0.9750298413929473 0.9754718697232212 0.976812645640524 0.977543546074873 0.9789704994078661 0.9792878638623552 0.9808266486040683 0.9822190480310224 0.9827623131803047 0.983153134579684 0.9845663309354709 0.985570732143747 0.9859335651946664 0.9876521303467016 0.9883976745887201 0.9895980241898386 0.9904050863628343 0.9911549815155521 0.9926349791204551 0.9935121063042062 0.9941879950296513 0.9946829485104745 0.9969664834777024 0.9983437471093799 0.9997952500425482 1.0004787000574482 1.0015866684153445 1.002945881064976 1.004153518484037 1.0052923045751858 1.0071594659837224 1.0085930779295533 1.009380720961041 1.012572126295725 1.0128497400627872 1.0133775998688077 1.0146757233286638 1.0154031412323397 1.0158686725511108 1.0185030103748118 1.01870407931408 1.020107169514639 1.02323581281561 1.0242165159999774 1.0252232187657317 1.0283613073318376 1.0299096243815369 1.0308052420275722 1.033917217740821 1.035148037716704 1.036736721438886 1.040805227850382 1.042897170048178 1.0468665970744333 1.0494777762538248 1.0586462356556974 1.0776437199330997 1.3518842505559343
115 4140 2.00336527995061 1.3514774914015883 0.9121234150460226 0.9121234150460226 0.9166890370902158 0.9224948458231906 0.923389892669838 0.92599146017047 0.9272539378451935 0.9285553011967722 0.9303094896427011 0.9310645439144762 0.9326263607288021 0.9343129990701131 0.9351953034523843 0.9373246219608302 0.939944035877075 0.9407470210183676 0.9412683283105922 0.9436059949140995 0.9444498930932742 0.9458484730703725 0.9467852536413789 0.9475847917971835 0.9496454943431163 0.9505296282843492 0.951465517663002 0.9528603141505365 0.9549000602190227 0.9569892586378961 0.9576740668207765 0.9581619282577216 0.959169204151144 0.9597740259321261 0.9608009857730953 0.9622408561909971 0.963442516555983 0.9642578820301326 0.9659068768864696 0.9675041886021886 0.9677357239800117 0.9686546195842628 0.9699534004725959 0.9710687992537268 0.9725994028302368 0.9754019463769684 0.9758411091222287 0.97646838731119 0.9777247593019291 0.9782081453423537 0.9786322784507867 0.980295187940343 0.9815656953692646 0.9822273739130739 0.9828981842914747 0.9844248538864131 0.9847262312179911 0.9858241021960595 0.9861791155984541 0.9884319225956832 0.9896550712112165 0.9905533720380962 0.9915037108782484 0.9923249318804838 0.9932305702438322 0.9946454086503133 0.9946815702981949 0.9977705674966931 0.9985297682348933 0.9997907002178731 1.0004522658896076 1.0017137552031934 1.002587791054216 1.0042005719086524 1.0057545215424362 1.0072510050646037 1.008048651253293 1.0090350853763932 1.0122023371549977 1.0128029715066784 1.0136621897937514 1.0143154033280513 1.0161190798678967 1.0167826209279285 1.0179387875518446 1.0194882802700806 1.0203953865199422 1.0233553791284675 1.024575504147156 1.0250196665167695 1.0283715424875097 1.029912755353955 1.0310196609813111 1.0336095967562458 1.0348495811779028 1.0373780999390712 1.0409681469837666 1.0431042371708907 1.0469897842752536 1.0492841888382787 1.058373569870677 1.0780470727156084 1.3514774914015883
116 4176 1.946772163390758 1.3516132032373382 0.9116478818868745 0.9116478818868745 0.916442635493162 0.9224144672541957 0.9225741257578465 0.92513832060464 0.926657132195745 0.9278163342214135 0.9296620902646415 0.9301278372693658 0.9325507862346938 0.9343004350521774 0.9347221883872677 0.9371594814864348 0.9395647877467388 0.940466609395368 0.9411750389213707 0.9431825515787877 0.9441834946544624 0.9456172113594987 0.9466540809958245 0.9468587723896325 0.9493258077668374 0.950382842421006 0.9515834488660194 0.9524494117146858 0.9546286606265103 0.9562969027397386 0.9572623862366473 0.9578970419965575 0.9585087607176878 0.9594637669852315 0.9611900943676948 0.9619280502818408 0.9628305606019715 0.9640358226985455 0.9654200963145798 0.9666484110559734 0.9677514299156226 0.9685884468131705 0.969453299660131 0.970461056680014 0.9713736044465687 0.9745487422022144 0.9755236041265389 0.9764952577773367 0.9774777880185506 0.9778065928950571 0.9784670521040989 0.9804727191506304 0.9805133225076007 0.980706948304796 0.982570473161859 0.9843326989994583 0.9851102454348295 0.9859604411948351 0.9869628269758803 0.9886279949065677 0.9896649862591684 0.9904300248021306 0.9917894850828453 0.9932670254827115 0.9936359675431984 0.994179878457488 0.995484312400911 0.9971468846511214 0.9984426710849664 0.9991101063968343 1.0004664208721619 1.0016121097057031 1.0025686977113457 1.004234267598491 1.0057501157869815 1.0070782479171896 1.0078751420144463 1.008923801460461 1.0116219419831274 1.012364930823714 1.0129825353083524 1.0141041864413083 1.0163168952124206 1.0178914268891264 1.018238461139882 1.0194152074889877 1.0207249852107676 1.0234000625698512 1.0243970114659193 1.0246613602081467 1.0281788215998633 1.0300443176689873 1.0308028723688833 1.0331288226114643 1.0352949172807735 1.0377759023958848 1.0417280697137816 1.042824745964965 1.046991319514953 1.0490487706865605 1.0584959660443947 1.0789328629846877 1.3516132032373382
117 4212 1.8918590099921329 1.350674534509354 0.9112674895118621 0.9112674895118621 0.9161507915844838 0.9216570420180862 0.9219003848679391 0.9253758861810444 0.925702323970709 0.9270581120300954 0.9297865299712904 0.9299286909303436 0.9322718051320318 0.9342951104564621 0.9348220621646264 0.936953347936563 0.9390716697119246 0.940519139400325 0.9409314163498326 0.9430422444072644 0.9438966190721823 0.9451551598188901 0.9454916612332251 0.9468019690435822 0.9490112532536052 0.9502785569339866 0.9505576872522067 0.9523809373983495 0.9544385812827576 0.9557189836635693 0.9567454817273773 0.9575567978154292 0.9586424013198886 0.9598101731764827 0.9608621940957406 0.9615630581735896 0.9638546136000979 0.9641110304856569 0.9650688299298905 0.9665521577355668 0.968221336547889 0.9689500333194223 0.9696533618657274 0.9707208649486802 0.971492387342056 0.9743973529296986 0.9749323126998657 0.9755304034411676 0.9771907168923127 0.9774110313329332 0.9787134563376205 0.979562594588711 0.9803406740465345 0.9811193170508224 0.9822341242474016 0.9834977232372475 0.9844177046281908 0.9856814487323637 0.9866776390630123 0.987841296648093 0.9891179596487506 0.9907310448720708 0.9916543483461099 0.9927705107636722 0.9935406335376836 0.994520491529775 0.9959261407142119 0.9964984830102835 0.9981462008912321 0.9991362157765463 1.0005719935789386 1.0021285601715055 1.0032225872132052 1.0041864185178528 1.0050869753000713 1.0063333513871313 1.0075911562402846 1.0085883066090107 1.0113038372846161 1.0119720266930399 1.0129621822248303 1.0143381469077704 1.0160255581896205 1.0176199503233598 1.0191284429562628 1.0195028389966045 1.0204710650357416 1.0232575774130965 1.0242741489921592 1.0246150840833967 1.0284327914521574 1.030033752441333 1.030904151198696 1.0338428707259342 1.035594476747827 1.0374990493706946 1.0419748326846858 1.0424497991561685 1.0460196934583657 1.0488214376712264 1.0582170689069768 1.0797087750711187 1.350674534509354
118 4248 1.851051676775134 1.3503862023320927 0.9112956810179509 0.9112956810179509 0.9155874145832678 0.9216985507815756 0.9220920346626857 0.9250030992154107 0.925794927777801 0.9268581767586529 0.9292009756433114 0.9293358953914873 0.9319288896185599 0.9338282856948937 0.9349485213634844 0.9364310921443004 0.9391269338568872 0.9394814787272482 0.9401496544625058 0.9427012166138765 0.9431803320790789 0.9439130088029779 0.9450842743884486 0.9460062639633858 0.9482426268383203 0.9500342794417433 0.9518661025683437 0.9523439052657907 0.9539848279741783 0.9556243107205171 0.9567501581615165 0.9578048401856277 0.958720612093401 0.9594492552409932 0.9603745945533405 0.9609653159624326 0.9632539587753453 0.9638275960373937 0.9650013875961337 0.9660366143556419 0.9676735096489436 0.9689068545034456 0.9697241142343529 0.9716452957197794 0.9719433051327594 0.974144845049226 0.9745305914764699 0.9757616372941679 0.9765678705426383 0.9768559488292801 0.978718469599619 0.9789748042865654 0.9794718180246152 0.9811017315594583 0.9822114398179431 0.9832027044636824 0.9845954779066547 0.9854453198215187 0.9865151050921183 0.9877034433105557 0.9878833146071637 0.9900077372540245 0.9906006539027339 0.9927489846724981 0.9938463920586387 0.9940024913194153 0.9953434852911818 0.9968315225355144 0.9986676007852701 0.9996417372487908 1.0004846240688405 1.0019624528823083 1.0035045079534504 1.003935685423355 1.005242957381284 1.0061616509671016 1.0068088741912562 1.008759461263873 1.0108113147638713 1.0119564467638555 1.0126169069611948 1.014169125382899 1.01623863150645 1.0175826794735465 1.0193354021323346 1.0199983696811639 1.0211293807754325 1.022384537933027 1.023677598156713 1.0249251430891169 1.0283281082218625 1.029947432043697 1.0306188383457524 1.0337006346717759 1.035658352260584 1.037319627804743 1.041809938697092 1.0421277569956395 1.045607638173323 1.0485231061114564 1.0576347942992126 1.0799050937546546 1.3503862023320927
119 4284 1.8053107203870504 1.349849876341636 0.9119475844171429 0.9119475844171429 0.9148707542303384 0.9208503913216729 0.9218784860198432 0.9248417154579228 0.9254630456112829 0.9269988878355677 0.928040759891274 0.9296235605149393 0.932007781720855 0.9334324395635809 0.9350731006653222 0.9364031682490078 0.9383973059158369 0.9387383113739003 0.9403680238409122 0.9415906041392671 0.9433351380232395 0.9435324827076155 0.9448116383927359 0.9460708534619525 0.9481512187323424 0.9499950871408386 0.9517526524193921 0.9517976586569797 0.953831450971569 0.9551046922654891 0.956715836059322 0.9577863699157895 0.9590776204026477 0.9596518112760247 0.9602145719108627 0.9609570539206503 0.963307202087374 0.9636354090343605 0.9648440353209329 0.9649787312800056 0.9668827401917176 0.9690207649837218 0.9697353487574089 0.9713051610017551 0.9718363163631787 0.9741657480673097 0.974245233803163 0.9751656985040063 0.9771232856349127 0.9773112862842934 0.9785199583177322 0.9794343466771819 0.9800027417138085 0.980422051303905 0.9824515637777683 0.9828064697307114 0.9843521647668677 0.9852513915295815 0.9862278390979842 0.9873240787233557 0.9878596810026008 0.9891810157326476 0.990437260271914 0.9923689467906426 0.9940797767756608 0.9946936100273019 0.9949430334531146 0.9968351421250047 0.9982750770410274 0.9986149973088696 1.000444417356382 1.0014571096062146 1.002656108436711 1.0042760257627075 1.0050432115179255 1.0054363061707476 1.0067188399068252 1.008431438298871 1.0107419049888278 1.0112368665692177 1.0122225901255033 1.0142933293733711 1.0168769700154752 1.0171929091038734 1.019063613700165 1.0194343170950773 1.0208359720301037 1.0223585260131092 1.0237323268169063 1.0244567096458492 1.0282060788166167 1.0303871821422228 1.0307772668024637 1.0337644719922106 1.0358492178289123 1.0371706315538198 1.0414126615239463 1.0416863993801393 1.0451533810323914 1.0487248249567318 1.0571155742051677 1.0808599191433748 1.349849876341636
120 4320 1.7595695102386437 1.3486913862060181 0.9115164502742545 0.9115164502742545 0.9145743442780402 0.9210090339707359 0.9216782661417495 0.9238430129439072 0.924839894593641 0.9262118027602778 0.9278151614433072 0.9293064924885661 0.9315897377600173 0.933109129148339 0.9350219884257639 0.9355422983667471 0.9376227574156946 0.9382582338655047 0.940467073256696 0.9413201732873496 0.942958176746956 0.9430968264913808 0.9443406144030916 0.9457471797216982 0.9479284491621995 0.9492259757170645 0.950722684790067 0.9530238724885444 0.9538697061409768 0.9553311600498927 0.9564317443784919 0.9574908931959966 0.958164382727943 0.9597438880425078 0.9600019036985373 0.9611047302470678 0.9621865855642322 0.9632943834619094 0.9646611671944327 0.9650132316213111 0.9666502552062027 0.9687189194574232 0.9693398513317515 0.9714651173014616 0.9721617506376581 0.9736806421067085 0.9742740544081145 0.9747771859909843 0.9761575384594458 0.9766804392407843 0.978165551237512 0.9791433813066276 0.9797384176618242 0.9803840203358025 0.9824029769901679 0.9834101753280524 0.9841735886825379 0.9851192706998291 0.9856219646357096 0.9867085125705864 0.9877134605236227 0.988405411814755 0.9902275976102313 0.9921487277308203 0.9934870383071325 0.9944755605482267 0.9947469815220915 0.9962811142097638 0.9974540224926808 0.9983474117545565 1.0001385706036436 1.0012745560795768 1.0025815117032082 1.003819779443699 1.004855392272898 1.005133829899475 1.0069781287016413 1.0081226173614029 1.0105997023026394 1.0111070305932532 1.0123389076482314 1.0146633366789741 1.0172107280099352 1.0181124712472476 1.0195836362836992 1.019998604286394 1.0204561571655937 1.0227044790710542 1.0236296086331336 1.0245340731458674 1.0287499931554722 1.0302631194470775 1.0307027225325052 1.0337817432776562 1.035849921049491 1.0374839414505386 1.0412253315969342 1.0419151338920438 1.0449479624996278 1.0484562253039031 1.056773702097236 1.081171082351366 1.3486913862060181
121 4356 1.7106232436926343 1.3485141514454073 0.911357632573244 0.911357632573244 0.9134533478782358 0.9207471717675044 0.9216578030282698 0.923778544168766 0.9251389463309952 0.925361000892955 0.9278073102692351 0.9293210131728301 0.9312424990874537 0.9326255708963087 0.9343033663329104 0.9352264559276 0.9371664841717229 0.9376764708804581 0.9406818484123929 0.9410875735711363 0.9420966012200677 0.9431219760608001 0.9440095405633984 0.9458209200531964 0.9473862267968545 0.9486667359542565 0.9506567138641399 0.9519991021386475 0.9538886443505296 0.9548262891240457 0.9558475603862749 0.9575194963090894 0.958380256967836 0.9598209241407257 0.9600448778850985 0.9607060900670452 0.9621543298982084 0.962838558628198 0.9637581523807917 0.9651580784060122 0.9665619446740225 0.9683791972341811 0.9698190957527953 0.9714697095071931 0.9723777605123338 0.973837384642776 0.9741530041983839 0.9744264902097524 0.9766983132447467 0.9768003939436666 0.9776042252944511 0.9794433234914406 0.9799448171737466 0.9808449751296453 0.9822964764222865 0.983285592203755 0.9837160444070931 0.9846879232017123 0.9860344918678559 0.9866059831677263 0.9876211722643178 0.9887311648236469 0.9899397294058206 0.9920797774451925 0.9935967412169188 0.9943265086444609 0.9946210307417911 0.9950421077714605 0.9967343505742245 0.9990212058974038 0.9997302776670332 1.0014140445624895 1.001930151173218 1.0034788760447362 1.0044578876487622 1.0049260509766391 1.0073156717726848 1.0081234325490385 1.0103219870525242 1.0109402813814892 1.0120879777582426 1.014513842997368 1.0173528194592152 1.0178764735852435 1.019408062314294 1.0196427130739025 1.0205841783145042 1.0226181186695007 1.023583634605277 1.0249134057083478 1.0283007312072907 1.0293629104424884 1.0307002829905645 1.0353303674053058 1.0357672929915613 1.038462323334067 1.0411616423149161 1.0441312367673705 1.0449571111520493 1.048404265881278 1.0563541818192512 1.0814177504987394 1.3485141514454073
122 4392 1.6587789858246342 1.3486960426042294 0.9108617396318871 0.9108617396318871 0.9139223221930511 0.9200640944270333 0.9216960676146082 0.9231851764498475 0.925206524127003 0.9255986996083009 0.9272318191932731 0.9291628176065839 0.9303821579436198 0.9326117017941078 0.9341911137435176 0.935052450180897 0.9359567352985748 0.9373187979211203 0.9397500813427472 0.9407786837113683 0.9415334090679786 0.9430170810082926 0.9436224949094602 0.9458999773593572 0.9477752331780177 0.9484459693342349 0.9506476599398909 0.9515950425078238 0.9539151043091993 0.9547918831130788 0.9556165414865455 0.9569592483706166 0.9584599305808967 0.959238423128004 0.9603336620030551 0.9608009355628038 0.9620918681065407 0.9628417203932326 0.963819482842775 0.9650619972591763 0.9656714988231929 0.9672467040792612 0.96883736099488 0.970106372131227 0.9725063265628965 0.9740133026771417 0.9742439036444513 0.9745667308181348 0.9764075579621957 0.9766382423423088 0.977917451510187 0.9790438797568262 0.9795041911130906 0.9801484917270746 0.9820879854795269 0.9833771100940027 0.9837925822152508 0.9850837794544065 0.9856111718888031 0.9873529634037099 0.9877958957631877 0.9888815897308167 0.9901265701965817 0.9921112557571515 0.9924614246645028 0.993410970327171 0.9937512155745297 0.9958515252510356 0.9967518919131976 0.9988617890293118 0.9998273817925861 1.0006334460690165 1.0019587202805416 1.0035073523100941 1.0046099391104126 1.0052484780902013 1.0075062039360783 1.008046173107474 1.0100799817708095 1.0106337731340993 1.0129945087199443 1.0155255047106946 1.0170074940384 1.0177309065965294 1.0193492550873253 1.0197182004579215 1.0207283276580408 1.0226424885937015 1.0238196136407973 1.0249382285800523 1.0280320194770949 1.02956153342301 1.031571825928705 1.035288288270955 1.0356389590759214 1.0387516448911847 1.0418484216655373 1.0438747964447657 1.0442325421647007 1.0486657464126963 1.0566334808865334 1.0809526136186662 1.3486960426042294
123 4428 1.6092991464498223 1.3491266013001975 0.9102035727880236 0.9102035727880236 0.9139675697951979 0.9196389311006925 0.9207546663903651 0.9225794129847799 0.9248933462738601 0.925266994109176 0.9271476695236237 0.9291489802349737 0.9299072682035272 0.9326968613574418 0.9335057330360728 0.9346109469110645 0.9346867483981183 0.9367686340987803 0.938841727043324 0.9396298080063771 0.9404188459767808 0.9425079010443106 0.9440297879364121 0.9453872616824511 0.9476480934904405 0.9488512227867612 0.9505279851376619 0.9516789783421629 0.9538788983627138 0.9547551498160572 0.9558770683224764 0.9562169421478085 0.9577625385325694 0.9589403519190759 0.9604428665161716 0.9608528425154921 0.9622881449381866 0.9629045073966394 0.9632283308471751 0.9648391850478338 0.9658591518929747 0.96746139429578 0.9685040706599981 0.9700896645458135 0.9715764490289402 0.9736469324640716 0.9743580338723664 0.9746940580682113 0.9758309855602131 0.9763685678719246 0.9772041589129706 0.9790208747524791 0.9793810047016985 0.9802397665695469 0.9823217683261556 0.9833578923111299 0.9839674317153138 0.9846034085750036 0.9850580491798622 0.986911633561837 0.9880481062827743 0.9886210555855074 0.9899589632148292 0.9913463144685423 0.9924719376520668 0.9934507039230194 0.9941500392579061 0.9954826070128757 0.9976387597852336 0.9984478942277837 0.9993701317658362 0.9997746418454172 1.0023412358591017 1.0032383441929602 1.0041240525765682 1.0058216428813365 1.0077179464735726 1.0081465960556417 1.009917466321765 1.0102085813401518 1.0129108513750433 1.0160394417929635 1.0168187702649347 1.0184622458554615 1.019143572622639 1.0197507134044643 1.02083034485143 1.0229559405984423 1.0238182905879347 1.026991793565724 1.0281636160758298 1.029384591793082 1.032935652020268 1.0349565725634053 1.0356702307460235 1.0386577516002615 1.0421411863380325 1.043723636285882 1.0443512360893323 1.0485688390591266 1.0562618384493336 1.080599334283731 1.3491266013001975
124 4464 1.5632415343190655 1.3494726531449366 0.9099994073869639 0.9099994073869639 0.9141875038798525 0.9191695484643158 0.9203831249119798 0.922202344111872 0.923850767702991 0.9253351352235047 0.9261910481648704 0.9292560740610638 0.9298580159907094 0.9321908752562892 0.9330683800343353 0.9338913444830704 0.9343080213570736 0.9361584506896818 0.9379219960286779 0.9389465389346656 0.9399471626176504 0.9422488248647232 0.9439002922170326 0.9453739506830295 0.9460239525306432 0.9486457268329433 0.9503784880756032 0.9513270159759509 0.9524485132001492 0.9541774694736161 0.9554898972466421 0.955644178339817 0.9575110121026006 0.9590283545282642 0.959735395687152 0.9602338608466487 0.9620092649824769 0.9628207460764845 0.9635132075821994 0.9651167513858258 0.9667066899586007 0.9675537958681911 0.9686384176231465 0.9703457773763552 0.9720767448837727 0.9728812167720252 0.9738237053418717 0.9746028054801487 0.9751118333832377 0.975812257067379 0.9774341738874937 0.9786505740035927 0.9795906616176657 0.9799593548469306 0.9826586852440172 0.9828314529077468 0.9838166860633156 0.9841267576004756 0.9847520099389899 0.9868185488074297 0.9876816054341002 0.9889774181259606 0.9900637554141098 0.9913036355180562 0.9928724216846126 0.9931828589927794 0.9941446823087502 0.9951059476851329 0.9980653867325643 0.9981233886781052 0.99911547900202 1.0005791428018729 1.0015997682067475 1.003255331955589 1.0036318147453551 1.0066355949005978 1.0075416348026978 1.0079524028162832 1.0099217425968838 1.010211654452817 1.0128497931078304 1.0152721614264226 1.017148981609483 1.0183873035602817 1.0189790320745316 1.0197665332617558 1.0204889376136599 1.0230815018222514 1.0245052723018124 1.0272035859478201 1.0283054116768637 1.0292329303388597 1.0330993354660005 1.0348843479439522 1.036587682942122 1.0390005064269647 1.0417465310276866 1.0439766763916811 1.0459395267541793 1.048276314811921 1.056142751029713 1.080324328030657 1.3494726531449366
125 4500 1.5159049180622157 1.3495664943404493 0.909393612902409 0.909393612902409 0.913778774479863 0.9178448181385567 0.9199856679421922 0.9220075225246003 0.9236946779950349 0.9246069006616131 0.9258383714613205 0.9290606616032996 0.9297959159259208 0.9308899097694198 0.9323588001432208 0.9331350682099125 0.9346263324326337 0.9358011111866232 0.9376722006791708 0.9386722068221495 0.9400677170017475 0.9416824366870937 0.9433731661580801 0.9452195531992135 0.9458418756203274 0.9482408721713169 0.9506076831017515 0.9512711129556741 0.9523551190123802 0.9540098322298032 0.9551693195794403 0.9565157392525788 0.9579553874572252 0.9582270023353896 0.9593013588056093 0.9601451497051262 0.9616900352571923 0.9627428623701261 0.9627893220365896 0.9638488228927918 0.9658606335383884 0.9670812755730677 0.9696234409153044 0.969804753114425 0.9722055095283055 0.97248153230502 0.9741421520924471 0.974318063672909 0.9748045844265935 0.9759667757844961 0.9773604323878986 0.9776789717546281 0.9794846896379582 0.9803576301664432 0.9824669984012948 0.983096613329039 0.9833002788453098 0.9839703321700919 0.9849608954044343 0.9870086784934029 0.9875805035241613 0.988478588233757 0.9901049229497526 0.9911874119271644 0.992738561752333 0.9932504883011587 0.9940226083209935 0.9948368896520701 0.9972241418661646 0.9978188270274805 0.9991889594049101 1.0011069538154342 1.0014176811245572 1.0028593761244753 1.0048916948368334 1.0060591838223876 1.0068899467515489 1.0078825899293065 1.0098387646062872 1.010803658104786 1.013317765136899 1.0153273982676192 1.0173534720548738 1.0182352046613126 1.0193347769616068 1.0199320738484832 1.0212250372987244 1.022945636093191 1.0243211055029484 1.0261656558746979 1.0280544241335718 1.0295429644936855 1.0337912589639378 1.034802627702977 1.035594088694528 1.0395620047931353 1.0420837522651443 1.0441804790910028 1.046456862268579 1.0484601054919647 1.0565777686991804 1.0799535254512398 1.3495664943404493
126 4536 1.4594216302042609 1.3514540942903783 0.9093035092807032 0.9093035092807032 0.9132026937219265 0.9173761348428506 0.9198187819624435 0.9208647254194948 0.9232784154341449 0.9243071203840467 0.9256782881568617 0.9291440543133151 0.9294795277012504 0.9301076321354924 0.9317166366928807 0.933018272405088 0.9345428888670302 0.9348001912663303 0.937432416582572 0.9376927696402836 0.9396572550205762 0.9408788997510722 0.9432722187453872 0.944987942283218 0.9456903004987245 0.9479445329993186 0.9499727684601285 0.9512807738733421 0.9523630187532945 0.9540691944722433 0.9546644424847689 0.9565659940666801 0.9572691915981294 0.9581643599960039 0.9588809117522593 0.9599374712464548 0.9615716192390201 0.9619602262518052 0.9625228733592003 0.9650693445705049 0.9654711918426956 0.96699732724078 0.9687776012878865 0.9699031387393073 0.9714366092737805 0.9730705521383811 0.9738856878112806 0.9740869577473108 0.9744944137375939 0.9754833127590852 0.9765600454455923 0.9780469097776424 0.9792505679606307 0.980728906109003 0.9822469327431109 0.9829971984905435 0.9838011287490696 0.9840638260260142 0.9850606589301696 0.9861737303205781 0.9870667794864957 0.988063878955462 0.9900737974171417 0.9918985770685746 0.9919846988792016 0.992467405949381 0.9937605349442473 0.9952964626457619 0.9963100249561294 0.9978459151296692 0.9989046352169939 1.0005464717782409 1.0011291172910262 1.0036621283470102 1.0048917047419264 1.0058482401927022 1.0072936438565268 1.0080323889775362 1.0102552444766448 1.0109374098972332 1.0127105898209205 1.0151404787804397 1.0169748619142156 1.0178495456188406 1.018923871230909 1.0198307668442366 1.0214948223763904 1.0229628812127605 1.0241995682917588 1.0260879608754307 1.028121322079912 1.028861845501686 1.0336662940872214 1.0347531538523507 1.03556821561405 1.0393300198364488 1.0415651200805502 1.0436103462861328 1.0467850325914025 1.0482738410658954 1.0567985829915651 1.0803019231997673 1.3514540942903783
127 4572 1.4040918809007559 1.3510345837486093 0.908138200807025 0.908138200807025 0.9125503716585746 0.9169176066757201 0.9196975793948654 0.9204794989411736 0.9230013632497948 0.9239732406727015 0.9251025512641335 0.9290080775530686 0.9293545079597746 0.9298986693474794 0.9317393533026378 0.9321968047688188 0.9342031452666713 0.9347941580856484 0.9364613756607707 0.9382967924635144 0.9398474207591049 0.9405454791454396 0.9430644625335272 0.9446286274596101 0.9458310305932932 0.9483394721488044 0.9494024126843854 0.9502573713974597 0.9527622030209651 0.9534893225647243 0.9547199535806764 0.9563950890341023 0.9574055884636901 0.9576672663042922 0.9588255185147319 0.9595020172798009 0.9614437952435877 0.9616129720581367 0.9627776473590809 0.9646627025845852 0.9655861005481093 0.9665781220696166 0.9682085136400506 0.9687230604116116 0.9707210884390257 0.9725411758418523 0.9732066395744701 0.9737473739331275 0.974990883568644 0.9757328304339716 0.9761982485616176 0.9781432569903649 0.978735668620211 0.9806700864633577 0.9809413203869979 0.9826760332196087 0.9829637803683194 0.9839800253907833 0.9846852286561019 0.9864880255190144 0.9869760868027262 0.9882929062016234 0.9898896914663005 0.9915258129530404 0.991868784822792 0.9926207505186805 0.9938067663300191 0.9952301093454533 0.9958232957336673 0.9974075568240106 0.9988085453115851 1.0004241791726303 1.0014313290246917 1.003981896283053 1.0048457657005956 1.0063046902829964 1.0076838551228984 1.0078183120989153 1.0097564876980811 1.0102060594074027 1.0131450768250452 1.0154582846558555 1.0165921519448649 1.0175584343717066 1.01864838809288 1.02010545144629 1.021811211469105 1.0224761848812585 1.0231426258600407 1.0259419661692928 1.028650083141276 1.0293339529805399 1.0330102900144138 1.0351422893178004 1.0356785981061662 1.038759382938499 1.041355001988912 1.0440929213524692 1.0463826024923342 1.0486570245947893 1.057180949507299 1.079733725982164 1.3510345837486093
128 4608 1.3608283748819536 1.351394548594945 0.9076989558942845 0.9076989558942845 0.9124503707704302 0.9169071813199899 0.919288027526254 0.9206794403130085 0.9228672106638051 0.9234415005538692 0.9249304023245812 0.9277359314244904 0.9283336263915459 0.929567715558278 0.9318499157169812 0.9323026500888063 0.9343649881736548 0.9347834977009275 0.9363203205369462 0.9370503773611584 0.9394807133855237 0.9407687401536369 0.9425891262175411 0.9448089896240642 0.9454748882907654 0.9475876770889595 0.9495256580492872 0.9500396094081911 0.9526698428400072 0.9530538029300377 0.9545495260564473 0.9556410823470153 0.9566239573306397 0.9576333992792438 0.9580500895963187 0.9591496480472748 0.9609614924158977 0.9613739874936534 0.962550784267807 0.9638521307690705 0.9650217531961789 0.9661259074990323 0.9681376793114275 0.9688873170810337 0.9706888310364281 0.9719289555144144 0.9729185990974671 0.9740109294502592 0.9747357501544975 0.9755303839192255 0.9761222674339516 0.9781750549577185 0.9790488670414028 0.9798879558862744 0.9808976904053128 0.9822201322032511 0.9826077467385671 0.9842315678024482 0.9847184681671554 0.9865643362305904 0.9871401488156163 0.988039727985107 0.9895966460608304 0.9905692770770792 0.991326861933031 0.9927347289912789 0.9935699640896134 0.9943907734284254 0.9952221930723358 0.9968517893806946 0.9993810587482246 1.000524855799422 1.001250059100734 1.0034012801989165 1.0045474692394765 1.0066993921806424 1.0072479200936117 1.0091297600287368 1.009690107826713 1.0108191020102395 1.0134055962601538 1.0159086382737157 1.0165319378574613 1.0173583168667109 1.0183196484141694 1.0198215375131083 1.0217245354561864 1.0220791275427104 1.0228416468082184 1.0259944351582022 1.0292934452072156 1.0299962017916369 1.0329307327824002 1.034297694948135 1.0363596985886143 1.0388365693395594 1.0403650781885034 1.0443333390544736 1.046550210353761 1.0482567532571143 1.057313973692896 1.079737265419791 1.351394548594945
129 4644 1.3209816285252902 1.3522986012528468 0.9073377855854703 0.9073377855854703 0.9115396350567059 0.9164166453525351 0.9188780161052416 0.9208042834396175 0.9224348442698276 0.9228195213385378 0.9238593208583356 0.9274984616682117 0.9286118326254994 0.9295183824556854 0.9309133689804537 0.9319121109569486 0.9341906895555031 0.9347210605659276 0.93587602300725 0.9366982179951122 0.9382652289744887 0.9405295326190446 0.9421472949877318 0.9444025097948763 0.9457070282254026 0.947081343360391 0.9491510707223775 0.949290537384002 0.951813681590398 0.953260167843064 0.9541079438288048 0.9552064371611306 0.956755146055742 0.9573338631857333 0.9579045094297438 0.958958873383377 0.960594847151044 0.9610210819216143 0.962018194235481 0.9633362573329104 0.9642143249013221 0.9655675516955317 0.9679896773135327 0.9684486211295338 0.9703011972337294 0.9717558012609749 0.9723281187023534 0.9736682536964693 0.9743410772822788 0.9750473089221753 0.9758024695274685 0.977959960070686 0.9787630156972371 0.9801821665500562 0.9806379416988164 0.9815979091622217 0.9825623146709339 0.9840747784648746 0.9854293107724481 0.9862499577719187 0.9874113331604861 0.9880885782211003 0.9892089830396249 0.9905972308408758 0.9917120016323175 0.992166970725087 0.9936337916684996 0.9950420687465704 0.9954686830108966 0.996560271615288 0.9996068928035046 1.0005802905745913 1.000954418031401 1.0035223931497401 1.004606057304896 1.006449796015064 1.0066855910270602 1.0092101186999687 1.0093954596349053 1.0106331651120415 1.0131015532885441 1.0164170158316796 1.0170130220290012 1.0175948524395488 1.0183555842188643 1.0203920662051151 1.0209139853020832 1.0226705624085732 1.0238223586007986 1.0255082788881822 1.029221115207871 1.0300457110523915 1.032744216078913 1.034041158986737 1.0365646287715387 1.0383066311792652 1.0405459276350728 1.0454641663539872 1.0468057395708803 1.0482890196030727 1.0574066867661207 1.080097667678888 1.3522986012528468
130 4680 1.2773855384639163 1.3518763552854227 0.90652709593267 0.90652709593267 0.9106370302396977 0.9164765470566327 0.9182713042818175 0.9202379831652371 0.9218387696026581 0.9224760582554646 0.9237947784269536 0.9269650356727591 0.9283244292527728 0.9287538909493057 0.9302626194571633 0.9317581852195475 0.9331691802988643 0.9340699880893194 0.9362068290297881 0.9365614830464464 0.9388375916076169 0.9397206684069757 0.9418760139567002 0.9438472380611174 0.9450248591227166 0.9471738432173034 0.9484760616807164 0.9489194270366829 0.9512478841379565 0.9536970029848555 0.9540642150309019 0.9547734001863927 0.9567189997667493 0.9571656817415162 0.957952935942704 0.958819825329003 0.959835375583962 0.9607691967716318 0.9622149515027577 0.9631280403222167 0.9639166705916118 0.965950053507854 0.9676746663539632 0.96877204231062 0.9699652910772532 0.9715675212167686 0.9720238448970584 0.9729933609808246 0.9738483813569516 0.9749783769096179 0.9753412471892858 0.9773833839253624 0.9785884302663498 0.9796027696614187 0.9805000807078639 0.9812902082254622 0.9823118513515262 0.9836319066476567 0.985695382428426 0.9863275163375189 0.9875473678151611 0.9879650014394786 0.9886791584573142 0.9902157721803373 0.9916572390997836 0.9919812561579502 0.9945344982897255 0.9947994162754834 0.9959510530278378 0.9964965532269946 0.9993273682187274 1.0001443843478728 1.001913161329637 1.0028053479676275 1.0041631801793514 1.0055664098239885 1.0066787651931326 1.0091468370307295 1.0092660532820932 1.0119758437120878 1.0130480385102156 1.0161548874205149 1.0165879414826438 1.0174522600191094 1.018644535429323 1.0194335178454115 1.0215646600103359 1.022347010455939 1.0245252737959227 1.026666904725277 1.0290745639208574 1.0301608190005542 1.0326741887870974 1.0337950869971488 1.0361769063038784 1.0389179313994084 1.040255829041663 1.045472035101253 1.0471579487268123 1.048899366493558 1.057088757014377 1.0799925845359273 1.3518763552854227
131 4716 1.2358983238034722 1.3517781777059732 0.9063302438870477 0.9063302438870477 0.9102114184192813 0.9163849136541147 0.9185323162174109 0.9194999934668086 0.922155404771758 0.9229037357070791 0.9241450565988434 0.926640118560724 0.9274528302261622 0.9286147997294998 0.9304311289128581 0.930714146996846 0.932382352319308 0.9342555938394063 0.9354993471803524 0.9371056695540231 0.9385643103885523 0.9396333250241543 0.9415321433946764 0.9439172600958252 0.9449101248851806 0.9467782719112833 0.9480166865099007 0.9483986288243489 0.9517890424384654 0.9529398034905555 0.9534839955180845 0.953988573077561 0.9561964495233672 0.956931796360434 0.9576349854846989 0.958638851772567 0.9594048557513613 0.9602657300007981 0.962039934035975 0.9621761008209961 0.9636460627929015 0.9653643473985656 0.967711848972869 0.9684105068517681 0.9699352153822685 0.9708979958418787 0.9715146779025137 0.9732425563073785 0.9739036638853635 0.9744409558315433 0.97570033607106 0.9773725278175219 0.9777431325100486 0.9796624001533706 0.9798924667830408 0.9807305218590369 0.9821569987832331 0.983906353473585 0.9856026941753514 0.9860969822709129 0.986964513909268 0.9875475328124382 0.9883828896329663 0.9894540957056704 0.9909938988132293 0.9917219707205183 0.9944662063380396 0.9945245079073516 0.9953582280600314 0.9964578691512448 0.9985982327335181 1.000187198934377 1.0010798375494092 1.0025348275529062 1.0045659629930517 1.0054732511725413 1.0070215985330624 1.0080567874703446 1.0099335550596307 1.0124106583906747 1.012871520998925 1.0155950713334072 1.0166745875184633 1.017890286718249 1.0183229100589228 1.0193771432129142 1.0218423397194718 1.0223965677054139 1.0246350309337595 1.0268976293514247 1.0294694815884375 1.0301899596159794 1.0334907597638492 1.0338242706339333 1.0364212955899927 1.0382486570211802 1.0404409802551102 1.0452517465789943 1.0469003525721352 1.0505025838331794 1.0574528165678618 1.0806468775568945 1.3517781777059732
132 4752 1.1901513821506258 1.3514704086360867 0.9056092677788402 0.9056092677788402 0.910051240506903 0.9155690821419104 0.9172788770492262 0.9191973050451139 0.9216981846424416 0.9226273025174455 0.9242106805170169 0.925633648423967 0.927255026001999 0.9282107335851715 0.9299021523349156 0.93041717580215 0.9319482397458474 0.9338122748923419 0.9351684653463166 0.9366365974773156 0.9384857568479134 0.9397221918094133 0.9415915083710646 0.943459974525518 0.9445960447887637 0.946676858579852 0.9475449449421154 0.9483512132971657 0.951500510938276 0.9524868386884916 0.9536632865087771 0.9539808188531835 0.9563000663889294 0.9568534716947413 0.9577968295570449 0.9578769052806908 0.9593049574400174 0.9603309091335784 0.9615926502903137 0.9620041887386657 0.963423054382067 0.9649958274145812 0.9676719155873718 0.9681800125832115 0.9697952607726281 0.9706206921559598 0.9716906950832606 0.9730655235220037 0.9742349522924034 0.9742980183904941 0.9758264647929511 0.9766127362861842 0.9776677067237229 0.9792077793564287 0.9797541637854488 0.9799711424974694 0.9812922563461296 0.983667151643934 0.9849679346891795 0.9861526629921163 0.9865725099567483 0.987750528812994 0.9880566689049038 0.9895864939659292 0.9904059904362807 0.9911073086286206 0.9937795245623622 0.9943173217444985 0.9958823586006461 0.9972607770384384 0.9993119180392451 1.0004253954931905 1.000767827036032 1.0025630725993497 1.0047273162191068 1.0052414107943932 1.0067680326015043 1.0082539594485462 1.0099415127200737 1.011682463255154 1.0126800612593065 1.015982563907707 1.0166352406412165 1.017324477040532 1.018306854163555 1.019385212167608 1.0218304280377806 1.0222134620666705 1.0248311419199487 1.0265881691183512 1.0290895922290753 1.0301459884479691 1.033004453480042 1.0340683093314358 1.0368128201321785 1.0378515598607099 1.0406399155285597 1.0453310626538934 1.046389586129239 1.0498344100966945 1.0576676113657977 1.0798204079659957 1.3514704086360867
133 4788 1.1465902903804008 1.3512090490372712 0.9037893819435058 0.9037893819435058 0.9095441676283642 0.9140518991679476 0.916924000427546 0.9193095535628486 0.9214457170886002 0.9224914101589872 0.9234190827097348 0.9244325255242026 0.9270552383299908 0.9282398051290365 0.9291225248971323 0.9299763081998434 0.9320010668759127 0.9331643034413604 0.9348808490876932 0.9356975634805635 0.93876169019329 0.9397505705993475 0.9408719618266334 0.9431130300179297 0.9443622672330622 0.9465062782855278 0.9476777706374067 0.9485977774100576 0.9506433143219887 0.9524954539193984 0.9525891107910806 0.9537422196197307 0.9558986145665989 0.9563259583033887 0.9568524168602239 0.958230487932764 0.9593881760904012 0.9605646433625792 0.9608153950965419 0.9621450405848994 0.9635655080436539 0.9652576748625455 0.9675985826253201 0.9682391204789168 0.9693298287900116 0.9708197064338193 0.971513365441239 0.9720600395451169 0.9736472725939397 0.9745562271549547 0.9759178795019324 0.9766251628142306 0.9767817186388212 0.9788644382303101 0.9792549480470799 0.9803197320432467 0.9809979694679427 0.9832240205390516 0.9847386314604771 0.985815407364273 0.9864679143870019 0.9874481184282606 0.9882081767328059 0.989237609069051 0.9900758569002748 0.9919280924983379 0.9934906131976526 0.995300666890819 0.9959193715672066 0.9973461337069865 0.9989655297259347 0.9998438651020872 1.0013607854848465 1.0026778253973538 1.0042735534378862 1.0054081250015028 1.0063849198937647 1.0075959168940818 1.0099418776969773 1.0109661559799554 1.0122411326714378 1.0157448269784608 1.0164247730847844 1.0170931121381857 1.0182998795794613 1.0191918645633171 1.021951827416458 1.0228071868673607 1.0242729771669854 1.0258695488899687 1.0289473120640085 1.0299358577524216 1.0325300844565153 1.0342158114013151 1.0369960255111357 1.0380344464078188 1.0406452673264384 1.0448003418410532 1.0467012353456124 1.0494412156014605 1.0578606575232552 1.0802228427252674 1.3512090490372712
134 4824 1.1131586244652283 1.351057709871714 0.9030223239606425 0.9030223239606425 0.9096619873388531 0.9138588808096488 0.9161018905513633 0.918432856236174 0.9207330752282316 0.922026629152182 0.9235327932177457 0.9242709017056394 0.9267942855628488 0.9272969520810116 0.9289740184304259 0.9294185578264558 0.9320856213297009 0.9331654961517829 0.934404765684877 0.9351866349742173 0.9385778450474871 0.9393749405313481 0.9403083528535503 0.9432401847506704 0.9440482182074318 0.9452192075706797 0.9474923481162981 0.9485067491724406 0.9504825863256894 0.9512110367231675 0.9521693971438795 0.9536430504687511 0.9547664187215753 0.9562128935974872 0.957131617344202 0.9579753532105465 0.9587222436802645 0.9602988707041435 0.960695998626501 0.9615956859310486 0.963016610433365 0.9653622664800459 0.9658988806013802 0.9676469855465625 0.9693666561905234 0.9698720544739678 0.9707633626363874 0.9715513093191994 0.9732603370486604 0.9751005572135129 0.9758717963196434 0.9760782665470156 0.9768504282293402 0.9787750462383612 0.978912069997883 0.9804141635030919 0.9814595945864455 0.9833053202340161 0.984611928902528 0.9859332132848562 0.9869514278611762 0.9870856002604436 0.9882568838277088 0.9888382829141195 0.9901822539675919 0.9911904353176304 0.9928838883306969 0.995041266670965 0.9953503105601854 0.9965354943942579 0.9986986659592378 0.999500013705219 1.001359098432481 1.0027937631071513 1.0042522550578148 1.0052757604955915 1.0063618447766076 1.0079676066705736 1.0094949887594198 1.011342748091357 1.012489558944382 1.015160381514417 1.01670038856491 1.0169830617249693 1.0188262358178584 1.0193011118406163 1.0216810918696395 1.0225420571047563 1.024584480812964 1.0261690134886 1.0289902289963737 1.0294403211460719 1.0326429942430029 1.0342994853312648 1.037168049601466 1.0390172839368512 1.0398978142725686 1.0438886597903916 1.0469149399974247 1.0495424969000922 1.0573552343228383 1.0805274989870226 1.351057709871714
135 4860 1.0901641014180714 1.3508506525123964 0.9032312397589066 0.9032312397589066 0.9094216834049489 0.9129511223895509 0.9158223831622089 0.9179718788409995 0.9203040706841509 0.9218150425146666 0.9224559691553689 0.9239376377139568 0.9259036953560511 0.9269049001232894 0.9287262011058869 0.9289672341291233 0.9316524573026023 0.9330902828976706 0.9341503998222901 0.9349577444290333 0.9380252582720362 0.9387505172349802 0.9398338494609652 0.9428625840336373 0.9437255621757525 0.9452201203606131 0.9477086075406376 0.9484704071448367 0.9499402951979018 0.9503621271547695 0.9520635800715982 0.9535385911816446 0.955481785266439 0.9564768894627579 0.9565179818080082 0.9574615020442656 0.9585914954504127 0.9598076963598016 0.9606605751126716 0.9615461431285737 0.9628705524184898 0.9647545993023606 0.9653751527289104 0.9677101787327396 0.9688550709560705 0.9694356236593871 0.9704699150899249 0.97139541370157 0.9728538032599495 0.9746336520112123 0.9751507229680316 0.9757811765493442 0.9764071551069898 0.9780711237439431 0.9784934793788914 0.98078740295512 0.9811981684497249 0.9834639525253346 0.9850882819746296 0.9859887614098912 0.9867309410230481 0.9880875361382879 0.9882762330865618 0.989094866366577 0.9900867086410968 0.9905719704109278 0.992660440473369 0.9938963500965893 0.995186344983368 0.9961545116005277 0.9991231273245788 0.9993317005499553 1.0013075595627263 1.0027397698006064 1.0046355871025823 1.0049711322561516 1.0057369041828927 1.0076564557138885 1.0093127441276932 1.0115527830335982 1.0134547908989573 1.0146530254404083 1.01600359203148 1.0167854158382952 1.0183632188238672 1.0192045844301594 1.0213479843708393 1.022812572048332 1.023882882780062 1.0262865112237873 1.0289072496721545 1.0300052697878337 1.0326578953426886 1.0339152242618577 1.036683354506175 1.0387353806153246 1.039758093805 1.043682921398139 1.0470290057111118 1.0492603165348415 1.05756802747893 1.0802516102441353 1.3508506525123964
136 4896 1.0689216960862107 1.349935536565721 0.9024940723158564 0.9024940723158564 0.9095791755886761 0.9123975134064951 0.9159868037338008 0.9178012694299647 0.9193263150543933 0.9216227758623263 0.9222633933650195 0.9226894583700532 0.9261699904225559 0.9263931264870727 0.9278087432633293 0.9285690618586951 0.9315411167869599 0.9325385373607715 0.9343869937059568 0.9350968765373925 0.9377579383669071 0.9389865283447419 0.9391211123919622 0.9430564571159485 0.9435514848889556 0.9450640338351601 0.9476456703051523 0.9483841314979212 0.9495083092087684 0.9507679976652943 0.9524301095452263 0.953201812819798 0.9551270327802629 0.9556503615933452 0.9559612343330293 0.9570368540248395 0.9581526491125258 0.9598415805830498 0.9602149761400708 0.9608569076469416 0.9627753472047549 0.9641267049495068 0.965393949102042 0.9673950195018662 0.9679929093036603 0.9694381895654347 0.9700575456504585 0.9712019101180172 0.9726608472119169 0.9739096393392161 0.9745998531479744 0.9756164609791923 0.9767564023634503 0.9781051573989864 0.9783756213446225 0.9803700996390192 0.9817743881163435 0.9836849830545867 0.98511747514649 0.9854029620339897 0.9864004579880794 0.9873434872981712 0.9880670182056507 0.9890775465841323 0.9902185304410314 0.9915269444116457 0.9921521397951824 0.9937496544406865 0.9949045264184547 0.9959573843851127 0.9990201605788368 0.9998602946533249 1.00077217658225 1.002610218046007 1.0041373619918599 1.0046557526457163 1.0057247384453754 1.007686495298088 1.009173659394395 1.011366242660759 1.013737941982183 1.0140182794838224 1.0158527680064333 1.0166743280004753 1.0185729370196135 1.0199137410629313 1.0212411104223469 1.0225957846350053 1.02438055777447 1.0259350349606662 1.0294969197249708 1.0297416097002163 1.0327364654829454 1.0340124807097568 1.036360573423921 1.0386428149529288 1.0389934281348088 1.0438389258842147 1.046739052164262 1.0501496162176622 1.0568856657045083 1.080139241754836 1.349935536565721
137 4932 1.039892638024778 1.3488825625540546 0.9021494245083792 0.9021494245083792 0.9088817719824431 0.9124988333189114 0.9156506414460989 0.9175625917554305 0.9187949510743103 0.9210760758765907 0.9219055953309545 0.9224716982148152 0.9249984249572609 0.9258891887141597 0.9282229412525774 0.9283960882017204 0.9314190175961997 0.9325352317885669 0.9340278809222724 0.9351034495518686 0.9380886120144776 0.9384744839627801 0.9389906554922577 0.9428477104749653 0.9438027665162705 0.9451720949045429 0.9472176143450419 0.9476303231083503 0.9498408972655844 0.9503505836164962 0.9517520082392755 0.9530522616686004 0.954565631554974 0.95527651496959 0.9555082342897742 0.9564762088961566 0.957867430176925 0.959157893471828 0.9598074917205746 0.9608479442863618 0.9622502906517914 0.9643496419895189 0.9648835338083381 0.9664947557564857 0.9677376879480083 0.9691411097694949 0.9698128885011513 0.9712157030497279 0.9720002173726845 0.9732052130638225 0.9741683099477296 0.9748560595752439 0.9760142723470476 0.9775079314407754 0.9787624180869042 0.9802278747671195 0.9816764124216729 0.983199683256819 0.9838798082056542 0.9854118306198554 0.9865074322159434 0.9871104917867001 0.988275863382701 0.989221269537263 0.9899155116266647 0.9918624660096251 0.9930077722835009 0.9939954619331035 0.9948679751014563 0.996439198176852 0.9982695239215259 1.0001036850883904 1.0006104733930075 1.0022213348548927 1.0043752451451722 1.0050691816619894 1.0053825521696187 1.0075895606869523 1.0090949505866194 1.0110947846403049 1.013785484166114 1.0144326131237549 1.0161032399211651 1.0169680518143647 1.0181169573299749 1.0196542314723633 1.0213857601586622 1.023439676173949 1.0242066066327007 1.0254836449957263 1.0286598009774461 1.0301679021941232 1.032718165190942 1.0335492351751725 1.0365989249242844 1.0381454851835326 1.0392808846817914 1.043544417504387 1.0465123279944442 1.05017928996505 1.0575583735156762 1.0807756425339634 1.3488825625540546
138 4968 1.016613416681087 1.347692430932148 0.9012174475581984 0.9012174475581984 0.9083821048502996 0.9119335223450513 0.914926107125965 0.9166176504481574 0.9186444255328508 0.9207917662656765 0.9215735046532497 0.9229075800857531 0.9244466983127448 0.9255401749063767 0.9277602185320656 0.9286394857318035 0.9311090311641013 0.9323653890185245 0.9344539964975849 0.9352145587238127 0.9371871752113814 0.9388097490436863 0.9394999568304957 0.9419604461495694 0.9430572737370089 0.9446322353234706 0.9467748413190705 0.947244493425967 0.949564047970705 0.9496925338450998 0.9513027527122397 0.9521846706657595 0.9541497032115596 0.9550422375962382 0.9555364821338641 0.9560548594878093 0.957415897111833 0.9593456141919169 0.9603388369082758 0.9605334062624212 0.9623888526302319 0.9634179511515151 0.9648184019751415 0.9657704143062186 0.967054927269288 0.9691414747150587 0.969427934844655 0.9712161552336755 0.9715659567560146 0.9732093449106002 0.9738959635626012 0.974653893892225 0.975755000158914 0.977791094568249 0.9789574379854699 0.9802451902307234 0.9810181396617127 0.9828847271634146 0.9835760304107535 0.9849476706055726 0.9859166480114999 0.9869924418969216 0.9881477531454997 0.9896226954403212 0.9898759592891382 0.9917155074760398 0.9922177937695739 0.9939899350026471 0.9947690523976401 0.9962875999245233 0.9984894371901429 0.9991752932748889 1.0008883486837579 1.0020991859374078 1.004329955552905 1.0054713319976454 1.0062943118600014 1.007814257416272 1.0093607965033071 1.0113277092935662 1.0134814166253263 1.0145165788170099 1.0168622161889824 1.0170573634484588 1.0180029312392747 1.0199007177281487 1.0208482241033372 1.0238389940992378 1.0242253158923942 1.0249929592201463 1.0286665894655116 1.0303754804133496 1.0329207890334844 1.034734808334291 1.0359499486963282 1.0375049821367461 1.038369220186016 1.0435617446553653 1.0468261426211996 1.0503988853022577 1.0581594896424844 1.0819186907332434 1.347692430932148
139 5004 0.9949652015657727 1.3480465049294017 0.9013768673000276 0.9013768673000276 0.9084397621360675 0.9113129349129943 0.9145075474481296 0.91591941019678 0.9187004967483159 0.921133552410525 0.9217283227705432 0.9223454014785535 0.924013952559081 0.9255348459620261 0.9265731575036152 0.9289352589459753 0.9301793954454748 0.9310771885774421 0.934451625095605 0.9351527347423053 0.9378883969761271 0.9382067060390494 0.9394303051824491 0.9418537306706558 0.9427543449124212 0.9439934931987488 0.9463583943934911 0.9473628955008498 0.9493881398452338 0.9494413154720924 0.9509187951205181 0.9522056204272553 0.9536335024075168 0.9545421643956659 0.955383605213925 0.956033001093047 0.9570322119404293 0.9589284266081964 0.9594987159656145 0.9607393923254237 0.9614520428248235 0.9628377151624158 0.9642682574135988 0.9657755093572595 0.9665634424662182 0.9687197238567042 0.9694851142993762 0.9711234472149386 0.9714751292571876 0.9724040965260771 0.9736480827121681 0.9746373045768087 0.975282996576054 0.9777885469921516 0.9785331523882159 0.9802953797682006 0.9805796422081742 0.9831441973711406 0.9835313806024175 0.9842504695016026 0.9859650380946775 0.9873050894555307 0.9882150543733068 0.9898688148153968 0.9901838848536848 0.9913393980528525 0.9928225997574801 0.993999141177278 0.9949415331440278 0.9958336411939592 0.9978114526767974 0.9991115227499239 1.0008238244207834 1.0013778211029558 1.0036555101827331 1.0054846352517595 1.006213871487878 1.0076459460191391 1.009850891844217 1.010760300478262 1.0131274526666838 1.014602507389184 1.0162949023947205 1.0172844950029207 1.018267256197598 1.019452967746765 1.021119618523148 1.0233040477022095 1.0241092205586437 1.024875631170771 1.0290571232644865 1.0306232206836088 1.0316469160062618 1.034361214639888 1.0359087493400818 1.0381914896076745 1.038728885050397 1.043024397103902 1.0471782680572534 1.0507640825194746 1.0584660873924558 1.081496101166708 1.3480465049294017
140 5040 0.975096110006634 1.3480029413110266 0.9012760386446833 0.9012760386446833 0.9078331317358632 0.9104442105638594 0.9134538143919808 0.9151835070394153 0.9187135543630041 0.9203366632616938 0.9215683824342878 0.9225896741156779 0.923977333902292 0.92512769846417 0.9263126095227366 0.928086566771739 0.9305971857231433 0.9310548917700195 0.9342781877952508 0.934690351005636 0.9371225958237377 0.9380235372398371 0.9392454529335172 0.9413730909679702 0.9428808658435341 0.9447490197648427 0.9453239926085572 0.9469676902865791 0.9484742051601924 0.9497138832952685 0.950183939579818 0.9519423888359932 0.9521577991783855 0.9543421045382133 0.9550747624953296 0.9557566026721421 0.9563808986632517 0.9582041392517249 0.9588396421827393 0.9609896821444115 0.9615308664497401 0.9623434902556711 0.9640542127780577 0.9653883499192045 0.9673523465260325 0.9689145666030287 0.9694850079999308 0.9714691259082852 0.9718301019044687 0.9721276104446964 0.9729693835557016 0.9746536158079036 0.9754943261464605 0.9768082520452354 0.9787299322152561 0.9801148554833392 0.9806607373078633 0.983064777181267 0.9834231760851567 0.9842926269010219 0.9855959605492557 0.9874266941895528 0.9888725582267692 0.9897919084015208 0.9901485144733123 0.9919165448380401 0.9929442186065771 0.9941479577879012 0.9945369077260644 0.9955800591120346 0.9969016124029962 0.9983921600377851 1.000835840195728 1.0010968063356196 1.0030595206735127 1.0051017068707455 1.0062779326011873 1.0074369269179921 1.0105249741114402 1.0105777922363193 1.0132293568562107 1.01427706563416 1.016985988860524 1.0173850730047134 1.018719355609895 1.0190428108652927 1.0207958003920738 1.023696379653502 1.0242737592456985 1.0250526974512284 1.0289174123045666 1.0312135937624933 1.0318025801054973 1.0342496675898352 1.035878516775327 1.0371062485775555 1.0384692828621085 1.0429736484972245 1.0475703126407665 1.0504320540145504 1.0581318258089445 1.0823850537798552 1.3480029413110266
141 5076 0.9563463846951585 1.3478260285781551 0.901008235734094 0.901008235734094 0.9073297821982583 0.9105666517447631 0.9123338639096643 0.9143790383589019 0.9184171434241595 0.9188185295274326 0.9210780664710954 0.9223561077099272 0.9231742006437453 0.9250366771545631 0.9259132315371565 0.927770071142806 0.9300660001159777 0.9308782443306921 0.9335466677325355 0.9343411939676123 0.9366861415474422 0.9373790707274664 0.9395902593784295 0.9412110124568951 0.9430108718534873 0.9441938534019755 0.9455610254936887 0.9470798616893312 0.9485849988958467 0.9488371730294562 0.9501144339128585 0.9514099648545391 0.9522972776933251 0.9537599972369094 0.9545147097678849 0.955854038263021 0.956173305859887 0.9578458122474792 0.959132690063178 0.9600546414219251 0.9618952436845039 0.9629122458879936 0.9637617483100692 0.9651760594731762 0.9668392866501914 0.9686986664142111 0.9690845215011992 0.9716579066044673 0.9717831321484646 0.97203701280251 0.9730722007146054 0.974553906689204 0.9756034985218537 0.9765070926528484 0.9783792634133042 0.9803644428167482 0.9819521182000076 0.9829813518359046 0.9830644972127565 0.9848072885279369 0.985460048631481 0.9874601614905115 0.9882962128128708 0.9897030079796086 0.9900713079758171 0.9919257289455765 0.9927584886390135 0.9938418087796288 0.9951587411871439 0.9953833528450776 0.9967846414793251 0.9981782468419105 1.000002891688485 1.0010040488186571 1.0034079849154527 1.0047360550697455 1.005480924268827 1.0070450116288958 1.0097738511300673 1.0100793389428717 1.0129478233540654 1.014445238926356 1.0164500171538577 1.0173116344632347 1.0185390499650533 1.01923085647598 1.0206850314572602 1.0231606875379682 1.0239573854195863 1.0257417043482513 1.029148251714743 1.0306493776117724 1.0325962783741316 1.034844844280389 1.0363537666460314 1.0372355851653976 1.0380024120892357 1.0431721573676422 1.047792250134437 1.0506100361440807 1.0592749942129984 1.0828054320861351 1.3478260285781551
142 5112 0.9396890989763337 1.3485409150119505 0.9006496634453218 0.9006496634453218 0.9067207306308223 0.9096534323537645 0.9124454424689388 0.9142104108907964 0.9183500450839589 0.9188421596466154 0.9206272922579053 0.9214220763838268 0.9231423258541662 0.9247662714357902 0.9259920180730289 0.9284568491643849 0.9294010407060397 0.9308748103645798 0.9333968406056149 0.934032717597465 0.9361538110941187 0.9372163481664058 0.9392372784337759 0.940928745463625 0.9425260330254155 0.9440550905657797 0.9453545235104694 0.9472556792933747 0.947659961206216 0.948602016180224 0.9500830578839468 0.9505466315503972 0.9522808336325672 0.9526466400589623 0.9541534425652439 0.9557243489194297 0.9559043038564953 0.9575532248313943 0.9585561829837183 0.9599885246885543 0.9617456818294668 0.9623059330437873 0.9632577697289917 0.9648108718332142 0.966171527622077 0.9682436835458796 0.9688782465500511 0.9705756595024294 0.9713209048684635 0.9717479889635989 0.9732569270221171 0.9741991026392007 0.9752569734797621 0.9764823573098012 0.9779626856164275 0.9797314030859194 0.9817255469029135 0.9822781633519544 0.9834952588223628 0.9845279303193153 0.9849757727473164 0.9870984765015143 0.9882964875414811 0.9891167658002532 0.9908378783596595 0.9916928386805323 0.9930091046787646 0.9934321514455606 0.9944655753094089 0.9954083854190887 0.9966553597270205 0.9986867754218028 1.0001509567897697 1.0011922921259515 1.0031793809412815 1.0048869221265375 1.0052630719433246 1.006902695997409 1.0088258703125694 1.010435292627529 1.0129404405142188 1.0143805390432563 1.0170173017457105 1.0175463380066891 1.0186257484919352 1.0191703261287854 1.0208471770845426 1.023567740633524 1.0236947294225676 1.0258171619462504 1.0287558991343952 1.0294474252019428 1.0327934207233371 1.0340968862445632 1.0367186372912143 1.0372547887825243 1.03832568378051 1.0425633909149838 1.0485594984368785 1.0508145249336243 1.0599464056490513 1.0838290129539856 1.3485409150119505
143 5148 0.9250250029039353 1.3486365143573427 0.9000933609658361 0.9000933609658361 0.9063040608624189 0.9094919741611206 0.9124611349828989 0.9134749599545342 0.9172357383294589 0.9179609631308291 0.9204663423982996 0.9205536181740794 0.9228388665337007 0.9232469529816433 0.9262381356783467 0.9280247362222466 0.9289981231595987 0.9303336782870125 0.9324525883441387 0.9334612649547521 0.9364148571760561 0.9369700827444327 0.9392310751129167 0.9405994245407984 0.941554509117827 0.9437281159573166 0.94532670628004 0.9459863915116095 0.9472148043241481 0.9483928701372334 0.9502721614378196 0.9508666356804731 0.9519959261258618 0.9529673359321574 0.9541563027011143 0.955528666407606 0.9563601042855223 0.9573459685248503 0.958926536319377 0.9600451639748068 0.9617152886621443 0.9627567988096648 0.9631021743224872 0.9646402106360003 0.9663147306040901 0.9678587792252425 0.9697047300675657 0.9704087154407838 0.9713159526231515 0.9719812216456236 0.9731790423576467 0.9739321393455467 0.9754729233210652 0.9766184914588 0.977636952095936 0.979535882767914 0.9813184223834751 0.9821797540954895 0.9835325206104627 0.9845317353493953 0.9855614933485323 0.9867625225356131 0.987795106626265 0.988938957076563 0.9904018617840404 0.9911566513667622 0.9934339104247012 0.9940679961544401 0.9945696095604226 0.9950661559849312 0.9969644116392123 0.9995691604630321 1.000345326916104 1.0011935255717919 1.0024419763493086 1.0052717679020768 1.0056942426468003 1.006773722444987 1.0092571800066872 1.009973509757794 1.012747839546764 1.0144239348184363 1.016690653367764 1.0172001808336897 1.0185566388872955 1.0192290415223442 1.0213620573588211 1.0233927686549442 1.0237442850566205 1.0258956805722763 1.0282261268852209 1.0301160574404595 1.032974935404336 1.034235413439889 1.0364634362842566 1.037170715259302 1.0379697001906865 1.0424798673461457 1.0482404272498185 1.0513466699260359 1.0600948583741798 1.0845125716269122 1.3486365143573427
144 5184 0.9092061379544017 1.347758533049673 0.9001185482855163 0.9001185482855163 0.9055891521292571 0.9089404448798685 0.9115997097060271 0.913143646144574 0.9170514967371741 0.9175567937436181 0.9199978023182931 0.9205133644336119 0.9233126240493138 0.9234874342146792 0.9258922101603122 0.9276549462803324 0.9287974849467662 0.9295740456118928 0.9319715688066784 0.9338594562470741 0.9360850651428467 0.9377356852431564 0.9390333773972621 0.9399422292547109 0.9416149596744994 0.9431757991459436 0.944181270954595 0.9462213284258386 0.9468733746617971 0.9484198575957279 0.9495926928336291 0.9509740171864135 0.9515067990501962 0.9522647739269475 0.9542072752729891 0.9554880844676101 0.9561719529516048 0.9569623925090777 0.9582951760987578 0.9601286903790371 0.9612779837702814 0.9622328898956314 0.9629912027828835 0.9645556896021934 0.9665964964736055 0.9679749437417028 0.9691748868803833 0.9704247756209213 0.9711501810730213 0.9718533870669718 0.9720671543596219 0.9737238811648077 0.9753502613182972 0.9771604905321762 0.9778529497622611 0.9791206065661373 0.9810207950292898 0.9818090004603415 0.9827183560244741 0.9843161229300637 0.9851813250296221 0.9864504095636726 0.9877346488420689 0.9888315022165727 0.9898291984471491 0.9915023355160735 0.9929009436999654 0.9938654632113246 0.9947182888270274 0.995788502428115 0.9978392573067673 0.9988983163580024 0.9998536971301205 1.0010348444388135 1.0019593129935378 1.005277363611774 1.0058524105048177 1.0073194151181328 1.0092183836783923 1.0109041546469595 1.0130682834301457 1.0150331186230435 1.0168128439860176 1.0172111247358033 1.0178643431597993 1.018744480164522 1.021169254259672 1.023681042284124 1.023844390143328 1.0261129489224572 1.028565326404074 1.0297813234104998 1.0335908791853015 1.0343085804321046 1.0360984113789649 1.0371074808186829 1.0381954279476224 1.0417984033397216 1.0483837127649422 1.0511418308790095 1.0602750157725036 1.0837120583259359 1.347758533049673
145 5220 0.8948862327257975 1.3474921021615096 0.8997287070859737 0.8997287070859737 0.9058103693691599 0.908705259801304 0.9102980050785887 0.9130474206983248 0.9170415515929251 0.9174034519753879 0.9196337026832302 0.9207775073936563 0.9225007872199532 0.923225431658267 0.9252052089482292 0.9271007033061668 0.9278173880423918 0.9292827475736269 0.9310713823874643 0.9335780537434277 0.9354023738137373 0.9362606327907448 0.9390205214202878 0.9397025664107393 0.9412466247760584 0.9433591693945266 0.943922021956995 0.945352733941542 0.9462795645434284 0.9478524150987108 0.9490388639758354 0.9504895510087338 0.951269742964483 0.9516357157280634 0.9543367404404555 0.9548215854530155 0.9555601426831698 0.9561593625801852 0.9575163833194058 0.9604903462351232 0.9611336176757026 0.962219616651471 0.9634293751442975 0.9645758666740955 0.9664595505977284 0.9674106345503926 0.9687531049115532 0.9699982453087711 0.9707354307244396 0.9717060456939364 0.9722668727611499 0.973243662088067 0.975997324850911 0.9766553236599951 0.9779679739804606 0.9792740734311306 0.9813624028253634 0.9820560221904202 0.9824714559745459 0.9837950667729337 0.9850353009289671 0.9865818478152029 0.9876157445698891 0.9887189555785684 0.9903379210245147 0.99182660242184 0.993119142290447 0.9934287401065597 0.9947161932576493 0.9964110665157444 0.9971952954975976 0.9991288568172775 0.9997202923520165 1.001082291422867 1.0019366971576629 1.0051522042781822 1.0063186881069248 1.0073350102290044 1.0089981789779334 1.0105179957236023 1.0131982907232064 1.0150009523771542 1.0163348141629465 1.017548866949719 1.0176034499563158 1.0182699451684543 1.02103840938235 1.0235532574993942 1.0240091168583922 1.0265726476135066 1.027820313939532 1.0301164808699965 1.0332083782609256 1.0341883835350523 1.036526294506455 1.03756983706169 1.0387532874272067 1.0425321864631196 1.0482795552939008 1.0523054019731068 1.0602987749868318 1.0832489930272318 1.3474921021615096
146 5256 0.8814021883193773 1.347469349301458 0.898836301463463 0.898836301463463 0.9053641130412279 0.9080888468579817 0.9099475156024297 0.9122744493323579 0.9165630672112258 0.916797247844177 0.9198479212576921 0.9212046036370077 0.9222281191543211 0.9231900646496405 0.9255857076471707 0.9269890839068404 0.9279505919841129 0.9290700683177623 0.9309817533137182 0.9331942933100374 0.9355262473209179 0.9360059944201071 0.9382357141503722 0.9397155754788252 0.9415268086296724 0.9429600738175202 0.9438537708292851 0.9445516915940848 0.9458647092057556 0.946318112053207 0.9481954096821206 0.9497461754017223 0.9512406260527326 0.9518002063986633 0.9543459924851796 0.9547508462312028 0.9552350306266105 0.9562094401439114 0.9572042022543064 0.9599985560684307 0.960399619293781 0.9622625668946418 0.9632654046757326 0.965004643721398 0.9665709928079349 0.9676183046494058 0.9695913153063689 0.9699364362440441 0.9704347787619568 0.971298507464157 0.9724650511675077 0.9735054495672075 0.9756012322304817 0.9764202485014174 0.978154697620131 0.978782373182025 0.981201241517073 0.9813973601267829 0.9821781474692934 0.9842266542218671 0.9849157171076048 0.9862053197870356 0.9872991430960874 0.9887652563330132 0.9902114898335053 0.9919364843931383 0.9928793113536605 0.9937971686927156 0.9954057751477189 0.9965087581970118 0.9971441511206035 0.9986819317275658 0.999788312907587 1.0009186499803235 1.0016238104872661 1.004707420397047 1.0059102906419284 1.0068063967762897 1.0092296908488467 1.0100490840778868 1.0135657677313474 1.014996627787082 1.0160097900528546 1.0173331535219405 1.0182333224451225 1.0184039011658343 1.020880682643803 1.0233354937673838 1.0248314525380897 1.0258327065349966 1.0275803780472001 1.0295995981901036 1.0325867736258074 1.0350229871480403 1.0359175699199867 1.037003792659362 1.0383518968849779 1.0416216230522481 1.0486502255740378 1.0524332400791923 1.0600839708187093 1.0832378702603371 1.347469349301458
147 5292 0.8646418930784296 1.347246709191709 0.8981203056010924 0.8981203056010924 0.9054357903375121 0.9074462018631756 0.9098380503749036 0.912478373449604 0.9163562492955045 0.9167748247973818 0.9196700754706059 0.9211660626278926 0.9217629835698756 0.9225074768922116 0.9252315414982508 0.9266500505744755 0.9272840449906916 0.928039229683824 0.9309462001750658 0.9329694495536692 0.9351863280003357 0.9357034236253633 0.9379000145726348 0.9389073682527506 0.940988893453924 0.9432532826716863 0.9437940596102521 0.9441055500889254 0.9456080695823826 0.9462095680321727 0.9482379459320116 0.9495895398805212 0.9514179680949586 0.9515275557857789 0.9538181024872163 0.9543187317279005 0.9551253178609883 0.9558268194494255 0.9574316586169801 0.9597462590078847 0.9605643189533083 0.961905766742077 0.9639528330460407 0.964834166436425 0.9663980197106243 0.9677589803777626 0.9693036295945598 0.9699841054193417 0.9706557377384164 0.9710756745724975 0.9724931006515262 0.9738529292789839 0.9754850170462471 0.9767634762520881 0.9784078496882386 0.9789564786719244 0.9804862185965421 0.9811453075053375 0.9823433872407662 0.984374598507366 0.9850251402314422 0.9857483239154231 0.98652461628224 0.9885425179036541 0.9903968959572346 0.9910772810461045 0.9925415658911024 0.993091531433094 0.9950446084040628 0.996406264781995 0.9975703875200017 0.9986975476611115 0.9995980045932199 1.0004560375365652 1.0029715216717652 1.0040564757181878 1.0054823934168033 1.0063227610897936 1.0093913367982028 1.009627405095852 1.0135962006990904 1.0148459638487757 1.0158050678511625 1.017360443433492 1.0178673589714966 1.0182623839392575 1.0210100650533018 1.0236317151018932 1.024530215733256 1.0260212605567078 1.0277494710705173 1.0298841978034021 1.0317795342256644 1.034697005589902 1.035621385896614 1.0369869785699688 1.0374438170516391 1.0421808642377617 1.048551189077974 1.0518310588510924 1.060106592024333 1.0833217888469209 1.347246709191709
148 5328 0.8445678937148334 1.3471819439080865 0.8975405388033957 0.8975405388033957 0.905551492114967 0.9077856231174253 0.9094328799531112 0.9119548736907842 0.9164064248540742 0.9169187875213028 0.920013754474661 0.9206947967418042 0.9216310874686493 0.922847073875074 0.9244136462334342 0.926303038075149 0.9267443352585188 0.9284342437088945 0.930317710183003 0.9329065294544221 0.9350279857983798 0.9354670805827139 0.9374889161995609 0.9388210711759916 0.9407867267470779 0.94286774457339 0.943801766385335 0.9440501245127282 0.9450795458180191 0.9465504564472558 0.9482231492802653 0.9492753033434147 0.9507950615380557 0.9516642981115727 0.9529767029288582 0.9544406077762881 0.9548845066489332 0.9558466883976463 0.956844225297416 0.9588451198479836 0.9606549390784052 0.9621814564731455 0.9640267691810818 0.9649271362595475 0.9655796612850664 0.9672672768529511 0.9681047229226246 0.9695572916807036 0.9698204601975418 0.9713514409194927 0.9719651866565728 0.9738064489523734 0.9752094783123346 0.97745174647044 0.9788033973756023 0.9798230039229223 0.9807031723079458 0.981233185495672 0.9821733562269103 0.9841497937117021 0.9851492470413475 0.9861132627247758 0.9872969570213175 0.9886939724896602 0.989945878892759 0.9909324854180674 0.9926488577486777 0.9931226785096078 0.9947841127312265 0.996566563264859 0.9976482913586844 0.9991514822905192 0.9999388113237607 1.0000913507397842 1.0031953758649381 1.0043485063678457 1.0048711109344417 1.0063850166949393 1.0091602514898046 1.010176738105782 1.013551808906636 1.0147650691497223 1.0157270266492835 1.0174053111473198 1.017708762950461 1.017914779684647 1.0207317794559398 1.0236999488897807 1.0242787170417464 1.0264052047690233 1.028111093948809 1.0298466087262268 1.0321459636447323 1.0348109714787408 1.0354960777840494 1.0368718616643575 1.0378432001373705 1.0422850802253376 1.0487050257450874 1.0515012298399964 1.0597661247748549 1.0840946677828973 1.3471819439080865
149 5364 0.8255436995332374 1.3482094111291412 0.8971002287271741 0.8971002287271741 0.9062935109158604 0.9076942841771956 0.9088063155556118 0.9112340318794835 0.9155891815856958 0.9164257025863815 0.9199812803924866 0.9209612890769895 0.9216861609638138 0.9226744370596005 0.9242484869309255 0.9261734215019622 0.9266825563809898 0.9272778330031423 0.9294823842682152 0.9326941304533338 0.935185341175002 0.9354705202126959 0.9376433478726113 0.9392395872416376 0.9403091932470347 0.9425578302865877 0.9435425384456615 0.943863776314707 0.9458754527895595 0.946801285426434 0.9480266317279158 0.9500032296710361 0.9506044477934478 0.9516302111466766 0.9528759977005044 0.9542989251094158 0.9550164709801027 0.9562193758477154 0.956660283749101 0.9590144092052247 0.9600572414428279 0.9625875472586416 0.9633469286783594 0.9641198566206461 0.965770087119177 0.9675539500151621 0.9679668591877646 0.9693623049600698 0.9698805642785481 0.9709508269040087 0.9713030326620568 0.9735849634566218 0.9752501411529338 0.976737506301807 0.9789798822069312 0.9795824746188969 0.9804084141662001 0.9806263577144546 0.9819483861057637 0.9842304369567341 0.9847273300148397 0.9858696132613908 0.9875810639295919 0.9883473232546618 0.9902546138440624 0.9909359230408034 0.9920357107374037 0.9922514429987482 0.9948298810446133 0.9964325525231642 0.9972428534140209 0.9981355869046648 0.99958067875864 1.000227017992599 1.0028236565059858 1.0039952800444967 1.0052735626544833 1.0061920663020252 1.0088897108595862 1.0091737661376654 1.0138080608355293 1.014545808493682 1.0161355351674999 1.0165349398440797 1.0174079313091189 1.0177937181331878 1.0211183086101774 1.0227718080333947 1.024331612289324 1.026580697657331 1.027924757169426 1.0295148467399466 1.0323117042237282 1.0340527928040253 1.0353785376097546 1.0372395187649404 1.0373914502818335 1.0421815933617964 1.048726333634615 1.0522599947319717 1.0589636568669571 1.0845978394353324 1.3482094111291412
150 5400 0.8053613207128579 1.3494970466520766 0.8967842077143212 0.8967842077143212 0.9060140435650127 0.9073713180840598 0.907979460520452 0.9110688866677026 0.9151793736600886 0.9168612610588507 0.9198612441445964 0.9205924901823017 0.9215075739078319 0.9225741934131566 0.9240276800042152 0.9248745574457818 0.9259319819050124 0.9276462063945549 0.9291531849819574 0.9324900595869456 0.9344417053691253 0.9351743932076807 0.9379590608525598 0.9388867951911846 0.9402801960338428 0.941869874746846 0.9427015757323425 0.9436160041798881 0.9456683190314774 0.945996449604899 0.9477782513018681 0.949789283857181 0.950514838124353 0.951553094996267 0.9528145594144412 0.954157304295918 0.9550946759713066 0.9561125083183323 0.9567830561868426 0.9582233583941127 0.9601691676851704 0.9620306283715867 0.962951032362938 0.9643130181517962 0.9653040191361744 0.9676838733547722 0.968096064337313 0.9694568518456427 0.9701372599074386 0.9706300288926922 0.9710149442323399 0.9733807540126851 0.975236472388919 0.976752082222548 0.9782622120191329 0.9787664744529734 0.9797375987756721 0.9810435276995563 0.9816764105733902 0.9838527722142347 0.9844709857585829 0.9859383122640466 0.9872764535227021 0.9877219723140698 0.9902785822665348 0.9904824133058123 0.9916630335181889 0.992180612832916 0.9950855696361923 0.9961359907187433 0.9969753278009802 0.998580217199837 1.0000217895607588 1.0003663053712362 1.0027137818611807 1.0043129858739916 1.0050434853651298 1.0059835964792572 1.0081183952593384 1.0089609513273063 1.012560040285969 1.0142281707150766 1.016051472111697 1.0165195715506217 1.0177005565360289 1.0182112653184756 1.0215336153763512 1.0225505761710598 1.023939220060849 1.0261720747879872 1.0279970955727131 1.028647628886777 1.0333089431645335 1.0342816371223322 1.0355261025187532 1.0365725892521949 1.0376918966083175 1.041535074451072 1.049155500819091 1.0525825270116933 1.0584123018318057 1.0841276623232918 1.3494970466520766
151 5436 0.7901332822280855 1.3496506530010255 0.8969782363862687 0.8969782363862687 0.9052669736585132 0.9060939056326441 0.9074324290076805 0.9114183560862119 0.9153882926891734 0.916973160188662 0.9195196547987545 0.9202519245397349 0.9208947486616842 0.9228111367368901 0.9238150800365118 0.9250602449384718 0.9258791630890459 0.9276194942220486 0.9284263718700438 0.9315008384059925 0.934122860678765 0.9350977053899201 0.9368577128346464 0.9391210768385876 0.9401819733125241 0.941571961746952 0.942417366025173 0.9432248188318902 0.9445780508959615 0.9461637927212626 0.9474403976732054 0.9494106773552441 0.9503445332712485 0.9514375592267892 0.952152489529071 0.9538322315931737 0.9552232519749424 0.9558351286861475 0.956601345420576 0.9566716403844681 0.9598512639950587 0.9612474790739235 0.9622368966659993 0.9638618620966789 0.9649509396698406 0.9665873844543164 0.9679949223081286 0.9695609205623275 0.9697127615416168 0.9705977332747039 0.9717094560248628 0.9729988067589155 0.9742628314652998 0.9758902927486826 0.9778619844438058 0.9784062892654094 0.9797101550418548 0.9805182062120379 0.980987810098951 0.9833973040272286 0.9840447472531917 0.9861256720386994 0.9877272768721709 0.9883464378644098 0.9903282598112884 0.9905873319663763 0.9912211354233175 0.9926020692390696 0.9949093527355607 0.9962348611036932 0.9969292975925842 0.9991809377668514 0.9997802799434138 1.0008150078918265 1.0021619042926972 1.0041792136306078 1.0047550383526298 1.005966962013461 1.008176843203918 1.0091578698271997 1.0134694611764254 1.0141510776733773 1.0153506591257397 1.0165525621253673 1.0170899944617018 1.0185906275931198 1.0215906330298046 1.0226293559739117 1.0244228975136314 1.0265084893828478 1.0280690088875242 1.0285462694278098 1.0325968450665786 1.0347265311036107 1.0352929446481403 1.0364804614551468 1.038612215794927 1.0417336431930053 1.0483123907119807 1.0535640747510413 1.0588219147673952 1.0838915025381182 1.3496506530010255
152 5472 0.7706693737065774 1.3495028749062328 0.8966067814215113 0.8966067814215113 0.9042931211489428 0.9058907787547382 0.9068223243154847 0.9108292866261282 0.9153867626523552 0.9172633343722616 0.9193738508519933 0.9201012009414229 0.9205643259010512 0.9226715359334398 0.9236559114855616 0.9249248889570693 0.9255539362528475 0.9271161591855767 0.9286687439172613 0.9306089938288987 0.9341148801888298 0.9353354932436416 0.936362464993181 0.9387074248407712 0.9404391460695799 0.9412879274374149 0.9421106602272076 0.9437165660425165 0.9442040712447909 0.9458997844300033 0.9475281240480066 0.9490318637640696 0.949553180047973 0.9511757950500078 0.951804262924885 0.9539968548666801 0.9544404907125087 0.9555218676199477 0.9564148314673564 0.9572382226379007 0.9593719541525644 0.960814450178445 0.9628912973235257 0.9646362057479502 0.9653591936153364 0.9667113017327637 0.9686063071413291 0.9693826101423538 0.9696983043948003 0.9705642064318878 0.971854533480705 0.9733342701216074 0.9739023053899096 0.9760024204122276 0.9773853305608823 0.9784582107084489 0.9795152804849925 0.9802379073161254 0.9808642917466448 0.9833367614266276 0.984441624346455 0.9858162083556332 0.9871075044507069 0.9883910630364283 0.9901077699068518 0.9906139556195412 0.9911599330753191 0.9925604111586381 0.9946024775257886 0.996397084886531 0.9969917502424362 0.9989117315419948 0.999386383689398 1.0007153356856093 1.0013711404571404 1.004034934342824 1.0048448156769656 1.0065905235191093 1.0078040528172152 1.0091077968387805 1.0134316611281495 1.0137714346497018 1.0151236862971782 1.016935739183539 1.0170216147141595 1.018971266469344 1.0214399544167807 1.0219158970354183 1.02391296254592 1.026015740294357 1.027819146444926 1.0290443422996451 1.0327814974049743 1.0341093564721442 1.035262820519388 1.0371005989200834 1.0388238649774018 1.0423032297957544 1.0473272711583068 1.0540521282571496 1.0587273107764847 1.083357070805508 1.3495028749062328
153 5508 0.7517458588807922 1.349065272576324 0.8957007554378645 0.8957007554378645 0.9036825878826509 0.9055316676330127 0.9067129926957695 0.9105844059808764 0.9150146926545284 0.9163859720580391 0.9188613491973954 0.9200828104099474 0.9206908461187366 0.9226849182034093 0.9233594615693057 0.924858703482176 0.9253383896558519 0.9277334990102958 0.9285745321064431 0.9300465539833858 0.9337533545968703 0.9350019224605208 0.937023607105004 0.9379343291621363 0.939889951064426 0.9411231278103002 0.942747687542172 0.9432302081631011 0.9444657740489707 0.945762314042344 0.9481800615861692 0.9491919545242276 0.9495369006273303 0.9511684529582228 0.9516263778793379 0.9535068475562086 0.9538093734449468 0.9549789984823865 0.9556933723142863 0.9570580392442306 0.9585528166524275 0.9605176679143598 0.963350941085021 0.9643933791386027 0.9649561741928496 0.9668114927130231 0.9686294854665117 0.9691755405817716 0.9696776765967035 0.9700016360464676 0.9715136786055001 0.9725150299748199 0.9731627679251511 0.9757114877357248 0.9772052523483998 0.9783444864890559 0.9793783015968434 0.9803454887743868 0.9809905105892204 0.9826277905801625 0.9847118925730208 0.98540668243827 0.9859338686435778 0.9880711613030935 0.9898350598255597 0.9901364083421617 0.9905002107356833 0.9928942409575684 0.9941717380289284 0.99600875822218 0.9964729184615616 0.998695476052942 0.9992187217764804 1.000549127577112 1.001512054371998 1.0037117153065767 1.0044601713231653 1.0054748855012512 1.0078448996745266 1.0091245801514936 1.012596016391035 1.0132622259845252 1.0147025597929227 1.0164711206548749 1.0175803820516602 1.0197299437235237 1.0212697976941147 1.021668225990656 1.0241975584227547 1.026325213528098 1.0272526939266668 1.0288747437476862 1.0330669848756862 1.034247705693959 1.036173340437284 1.0377416425487669 1.039053739614815 1.0412880717180806 1.0474125149186317 1.0538547403913283 1.0588123718163072 1.0833821720985328 1.349065272576324
154 5544 0.7301200330375099 1.348556267675176 0.8953487206126701 0.8953487206126701 0.9034582304479845 0.9052304157583715 0.906364637693709 0.9100645852585939 0.9148253115855666 0.916147244491659 0.9185831118885285 0.9202945531196818 0.9206537773551017 0.9229841239553219 0.9231740704991415 0.9250843638560292 0.925862034678609 0.927235070684728 0.9283795771249047 0.9300068877577774 0.9332216919469736 0.934343432660542 0.936229779031618 0.937956920256309 0.9389258677478547 0.9411287305648639 0.9421417363251812 0.9430074270350097 0.9445249540600053 0.9456013754353538 0.9477493931423551 0.94885918593825 0.9492360924338766 0.9497956009557021 0.9514465711026747 0.953064133087359 0.9546369466267405 0.9548292586704744 0.9554136708319722 0.9576517390965931 0.9580936943165095 0.9600563288458133 0.963570426158292 0.9640021418117108 0.9647693062375191 0.9660778785104313 0.967839676036456 0.9684152315671345 0.9691409941033641 0.9697447880330962 0.9714674487622305 0.9719573078231799 0.9730688996700252 0.9755159292906538 0.9768820544478659 0.9773307733824312 0.9794408003786526 0.9805387979803333 0.9814248046316925 0.9814664782471855 0.9838015755231839 0.9848142295086616 0.9857464663294339 0.9877468751924849 0.9889421451217735 0.9899340659370847 0.9914212315245019 0.9931698151588275 0.9940943048179245 0.9959092693493835 0.997212104314827 0.9986617203974723 0.9993683335649832 1.0004117554994612 1.0011633034228973 1.0030512330602388 1.0042224296632947 1.0059429077779285 1.0082457478564242 1.0092980064236459 1.0125136400697166 1.013655710410115 1.0147415751487507 1.0162149561235743 1.0169937003896832 1.0199368622954597 1.021235663259804 1.0221958534549707 1.0244965857988428 1.0259512165338247 1.0271696580475287 1.02829836810475 1.0327246616797623 1.0339936609083793 1.036445291556746 1.0376767956090056 1.038333444617932 1.0408314235509377 1.047181091129723 1.0538081373463035 1.060106070088746 1.083214451991633 1.348556267675176
155 5580 0.7091758321997536 1.348457069959099 0.895175924594961 0.895175924594961 0.9033730714164157 0.9047169949773379 0.9060752961649362 0.909831979767357 0.9148666463806396 0.9157244867229751 0.9185438663011323 0.9197413516744543 0.9207519165635404 0.9224298850163036 0.922907999090336 0.9246390242713597 0.9257207529834672 0.9266741549783275 0.9282393487466132 0.9297429838593533 0.9328907966122599 0.9339174224531257 0.9357195057375386 0.9380596766140479 0.9389378872303318 0.9408847426820539 0.9419971023238093 0.9428930633004815 0.9437075335294978 0.9454565525789927 0.9480061140485438 0.9486327156887558 0.9489091779659967 0.9503237731664007 0.9513665383894989 0.9525757183159537 0.953868446815667 0.9547904234773322 0.9552151382574144 0.9571188050165143 0.9581167886126113 0.9597286207212449 0.9631699056644437 0.9641094537484659 0.9647305988509617 0.9657836162772387 0.9672036807229674 0.9678840229882699 0.9687457427379539 0.9693730391815522 0.9717819540005742 0.9719644962167734 0.9735795291398011 0.9753913573202727 0.9765806091993025 0.9774959115712242 0.9787045357273033 0.98031374598103 0.9811093843951164 0.9812253445278283 0.9831669462966959 0.9846905934794272 0.9854209242607496 0.9876453002664868 0.9888123812942544 0.9897362205740664 0.9913841845507119 0.9927035328536403 0.9941211996880732 0.9953169842400524 0.9974561508026347 0.9980672230054641 0.999134696080509 1.0003718655320917 1.001042188212977 1.0034322188522808 1.0042294771654907 1.006552389685601 1.0087503359415593 1.009946916691545 1.0116063209809116 1.0135111531606131 1.0143608320595596 1.0154794269706047 1.0177499212497423 1.0192065793077063 1.0209144192195119 1.0223855065247096 1.0238964334917968 1.0257727457791979 1.0272762131459163 1.0290633612777074 1.0325228882258173 1.0334800054133724 1.0362769600771629 1.0368717512576322 1.0380417639912274 1.0409413613654266 1.0478849396020324 1.053682423832724 1.0592989944003124 1.083983953229091 1.348457069959099
156 5616 0.6886351070077339 1.347327346126618 0.8951431616635139 0.8951431616635139 0.903200861046088 0.904257082869319 0.9063843190274745 0.9096387890683686 0.9143712648032708 0.9152331451107347 0.9181168440355661 0.9195891814891997 0.9202120830395326 0.9216000132713297 0.9232017252180043 0.9245216267962525 0.924821326991409 0.9259145851522745 0.9279026562000822 0.9294296076922636 0.932627750265227 0.9343869841576697 0.9353107168740739 0.9370127007970466 0.9377780743436906 0.9411467201929804 0.9413911271981665 0.9424498489387428 0.9431377664612453 0.9452433505592063 0.9476819903237462 0.9483892571448822 0.9490810992759161 0.9497033038965668 0.9510797475269717 0.951990468050368 0.9541739371666316 0.9546200937382416 0.9555354745349549 0.9572420620597559 0.9580506388280561 0.9596906125656485 0.9629848735177022 0.9636688393137 0.9645417075696314 0.965835923929545 0.9669533642940317 0.9685420094428843 0.9687131082490604 0.9696645170196688 0.9713237995063971 0.971810435661677 0.9735472154343933 0.9753321296597801 0.9762726174572746 0.9772588406707774 0.9787847342005198 0.9800258003424528 0.980917291835508 0.9816006541159656 0.9827416014371991 0.9841252460002463 0.9851964523639238 0.9877354120736795 0.9882304258456716 0.9897658503842103 0.9909082493443543 0.9920656260211187 0.9939307095214869 0.9958454650985156 0.9970921595953138 0.9978846936874585 0.999302769600456 1.000035496591708 1.0011222710590224 1.003112965269413 1.004620740007021 1.0069506845464058 1.009151876604454 1.0098099288695221 1.0115102756854415 1.012763221520041 1.0148699393700702 1.015919014472983 1.0178899871151794 1.0192659535726676 1.0202477889874848 1.021594539887045 1.0237710041987347 1.0258195204656855 1.0268744106470855 1.0292268633766701 1.031407088781798 1.0339463410534737 1.0360543972806637 1.0372112159119677 1.039287674239525 1.0413016042097274 1.047998120601477 1.0543102472604882 1.0602437463954568 1.0845944891541062 1.347327346126618
157 5652 0.6695195394972255 1.3472014888040722 0.8947792337396523 0.8947792337396523 0.9023569413507257 0.9040689043660116 0.9060105147967975 0.9094043460592505 0.9132377744069301 0.9149213967583263 0.9179099677624019 0.9192258189675042 0.9197746771857269 0.9216173984123142 0.9230062258646815 0.9243116569409395 0.9251428414053029 0.9253134194474145 0.9274452043194317 0.9288620840322427 0.931823936191057 0.9340683077952124 0.9354878507664794 0.9369100613979896 0.937705653067686 0.940928292602963 0.9414291064948422 0.9429537562917677 0.9438558076188295 0.9450398089770934 0.9470951787400069 0.9481268915614417 0.9484048563025771 0.949460659982103 0.9511408175007957 0.9511869110537017 0.9537334565605254 0.9545179059388276 0.9558615744754518 0.9570589380702366 0.9581039606408337 0.9597034377290808 0.9627997529456319 0.9633388465326234 0.9646872968613991 0.9656143065573425 0.9666553790931941 0.9673158290846222 0.9681267601668221 0.9692835248925469 0.9708670087394189 0.9716658778162958 0.9735263875508108 0.9744962558618114 0.9760373005249684 0.9772042753206867 0.9788360345036516 0.9801087842641365 0.9803421397502973 0.9808371754665834 0.9821161099089135 0.9832177458581953 0.9852330438346956 0.9871929384288799 0.9878428363031876 0.9901556456636127 0.9913334433270444 0.9921322816258397 0.9947456246554574 0.9956998339762234 0.996750763025922 0.9973256948579767 0.9986394496758821 0.9996743228757561 1.0012458727392957 1.003474183282614 1.004959679094168 1.006713861285175 1.0089725889504697 1.0094635820438111 1.0113852239583419 1.0123485257303584 1.014508707316754 1.0159693775676568 1.0177371055138105 1.0195370225154212 1.0202587090696866 1.021232830137302 1.023627776379698 1.0253667797191088 1.0277273958277553 1.0286630824201612 1.0308508769567601 1.033261354657054 1.0362164439658772 1.0384728441132112 1.038913983045178 1.0414763858118292 1.0479029832538187 1.0536928715764122 1.060015333786653 1.0850118364968762 1.3472014888040722
158 5688 0.6491310953312153 1.3465012818394722 0.8940094277076307 0.8940094277076307 0.9019566809815251 0.9040701389540774 0.9060190952716703 0.9092993747360768 0.9125134809822242 0.9143906500874095 0.9176069619445717 0.9194796624435768 0.9201364866871277 0.9214795354753716 0.9227094701265844 0.9240556738748535 0.9244326450225415 0.925812696562901 0.9272767021812166 0.9280946750240564 0.9319772574453719 0.9335785221437286 0.9350554833884801 0.9364515187201626 0.9378509489287341 0.9402074999753962 0.9411785479344692 0.94225039020039 0.943327633916359 0.9445973711276321 0.9472055736035043 0.947927493515902 0.9483798784939338 0.9493549880823212 0.9503809266741449 0.9511047497775081 0.9533444129258172 0.9542863669447587 0.9559619601946968 0.9568855364638427 0.95767219068644 0.9582909826210126 0.962714306979658 0.9630559496944173 0.9638159560545776 0.9647961713095254 0.9665042627309888 0.9670468801391146 0.9683714932295481 0.9688317833637903 0.970489851444635 0.971675323315333 0.9737618189863743 0.9747428411655202 0.9767632599447467 0.977159117108292 0.9788292120963231 0.9800407625801065 0.9806602928395928 0.9812622270263756 0.9821308815188887 0.9836215757543892 0.9850499738264593 0.9873187050521487 0.9877070942796025 0.9894304648612219 0.9908267770887801 0.9922293032559064 0.9940077906257812 0.9957041699076191 0.9959903388728553 0.997314376950012 0.9992350632273982 0.9997270951603087 1.0004445472426384 1.0032489358012107 1.0046147315259122 1.0067778031220769 1.0093152013219158 1.0094980380938123 1.0112793578633439 1.0134624666074576 1.0151388622736 1.016341384070888 1.017095861281298 1.0185878369912011 1.0198842733138178 1.0215739896351843 1.0240610623477124 1.024977352859095 1.0273412339995485 1.0290135517017065 1.0311738953240464 1.0328464303172535 1.0362007659902237 1.0384574331346181 1.0393227021624722 1.0416271767018344 1.0474445203634888 1.0539080092485877 1.0597893755448564 1.0852611535349397 1.3465012818394722
159 5724 0.6313396076690412 1.3462439018802148 0.893403158872646 0.893403158872646 0.9020663243527653 0.9038590264856882 0.9055348686447968 0.9097675544590715 0.9116431858597427 0.9144142016910872 0.917342062380039 0.9187433720966565 0.9197196727370159 0.9210580770914945 0.9224808405972478 0.9241516169779804 0.9245267238474036 0.9259091980864701 0.9273478536140272 0.9278774553098673 0.9318828084533447 0.932639426424588 0.9349912520902907 0.9361933688408306 0.9375904283226949 0.9400410587487072 0.9411988534167016 0.9414860379260948 0.9437409279600639 0.9446335742487831 0.9462331952045635 0.9474773156554323 0.9484797819723942 0.9492048545962543 0.949951090272044 0.951304219875048 0.952708127703948 0.954791523149604 0.9552504202272603 0.9565385626726666 0.9578251882404887 0.9582901028474544 0.9618700690309171 0.9627605333077691 0.9632273929462848 0.9642930504106255 0.9662223418265901 0.9670978085666865 0.9680959895688271 0.9683273058499767 0.9698971395082683 0.9718344636972012 0.9735096454119911 0.9746919932606073 0.9757894674918366 0.9776691977625999 0.9790893431258098 0.9796206252807695 0.9805022203176804 0.9810574528037769 0.9816835066012578 0.9835361111331389 0.9844146415476062 0.9869316316696054 0.9875739497614794 0.9896022070988783 0.9913360352494097 0.9924785568349749 0.9939890779091137 0.9954279833947712 0.9960074880402504 0.9974212245179939 0.9989055762008782 0.9996276832426998 1.0012520246229224 1.002552955836788 1.004260411808773 1.0068431067318078 1.0089571852604458 1.0102559659430774 1.0108902665939805 1.0128449401204547 1.0147798403429813 1.0156413093329095 1.0165836455501458 1.0191984281374584 1.020315678965293 1.0222450004939991 1.0238005703711448 1.0254422102517837 1.0266266989286517 1.0280313526569276 1.0309856468684573 1.0321718537197921 1.0352091554692375 1.0380132031394518 1.0405194351328286 1.0428231553040122 1.0475464833165373 1.0538880980730858 1.0598549315084207 1.08538846260237 1.3462439018802148
160 5760 0.6115986296756777 1.3458886309775402 0.8926988768156537 0.8926988768156537 0.902099366432658 0.9034073623772203 0.9054235856223299 0.9099362084157662 0.9118473095520111 0.914811125024714 0.9162081620678354 0.9178318365662889 0.9182761468523138 0.9203982488533407 0.9213169546505208 0.9238437844821528 0.9246936517508395 0.9257023676625716 0.9263570296141694 0.9281778874213331 0.9312941482996283 0.932688272603388 0.9348499585873686 0.9363412838123282 0.9371268953607941 0.9393148772203358 0.9409364168568308 0.9410304369883983 0.9438974187406672 0.9447038806544175 0.9457195672108222 0.9466545824522518 0.9477622508240094 0.9482109009397409 0.9499057903138961 0.9510604392959501 0.95217665502429 0.9544545478151946 0.95518181539904 0.9564386562644704 0.9580820238879981 0.9593886266637535 0.9625605384786805 0.9626423134227401 0.96311477546806 0.9651617159269331 0.9660211572965683 0.9669573658161394 0.9677709841157931 0.9686957242086571 0.9698200136191142 0.9715609901063758 0.9734201656802492 0.9745969413945218 0.9756970819904852 0.9775723523117231 0.9787914770629669 0.9791298003717175 0.9800183327997342 0.9811490210754007 0.9821825313590835 0.9832599646527962 0.9844357488056394 0.9867936009157708 0.9881745727921635 0.9889668265043078 0.9915984951470845 0.993183431808383 0.993658884827745 0.9952514544859864 0.9962268431544291 0.9969393157688483 0.998688024426801 0.9988265481432574 1.0014093722148683 1.0029233792434857 1.0043422806298956 1.0069736670779337 1.0081896713117038 1.0102464781105458 1.0108921357771765 1.012587208456956 1.0146239223037306 1.0155156357157065 1.0160360065213758 1.018603662174455 1.019524883812292 1.0208049164578021 1.023834128577808 1.0258413296301507 1.0271648247734915 1.0279042074238884 1.0316212395576658 1.032091131970147 1.0353057803711583 1.0379973234817894 1.0408140087719673 1.0429928838982085 1.0475427511466493 1.053755686728623 1.0597674979528415 1.0853463834446455 1.3458886309775402
161 5796 0.5938302659348565 1.3446994310097533 0.8922909109264648 0.8922909109264648 0.9027790384460204 0.9033632711098123 0.9056237815268442 0.9092329690100982 0.9105965058879952 0.9145343838646102 0.9164175572550542 0.9174810871317842 0.9182249457964574 0.9198558578709021 0.9218700433198187 0.9234916039530561 0.9243988141844957 0.9252026074367552 0.9265956370511327 0.9279847127042222 0.9311153705311823 0.9323564112822319 0.934599880798419 0.9363270321838646 0.9367491129324446 0.93903892173788 0.9406807541120155 0.941516220940123 0.9427147443823404 0.9443692767120576 0.9458093795981602 0.9465360649426386 0.9473257368678123 0.947853313954646 0.9497172794450164 0.9515708427981261 0.9523736395213946 0.9536198378705526 0.9552811309785063 0.9566043896943589 0.9568444498528874 0.9594361597093709 0.961877356391765 0.9626908353396206 0.9631432195939095 0.9645580071287817 0.9657392043162606 0.9667220298193977 0.9672811434060008 0.9682358306324829 0.9692091596282056 0.9712771793676336 0.9724811770282216 0.9739343005328392 0.9753916699523578 0.9775971102181111 0.978946664354937 0.9791462564169621 0.9800466482182932 0.9811710625661686 0.9822086901661251 0.9838558574514495 0.9851073507600777 0.9862204776024375 0.9875562499181911 0.9885688496201478 0.9916244171734546 0.9924335543822405 0.9937139800990518 0.9958747750911021 0.9959771119057643 0.9968080925639797 0.9975795537165323 0.998331266246048 1.0018374865575972 1.0035743839596245 1.0047677995763458 1.0062888959419412 1.0074714387629704 1.0101628444564936 1.011345051770328 1.0125808278413346 1.014518679901662 1.0154744762302164 1.0159048357566516 1.018651817583251 1.0203418638859012 1.0221216108472613 1.0242100321598921 1.026058105337689 1.0276563912379792 1.0282209131000268 1.0311744750705838 1.0323824549842922 1.0353274576146754 1.037341979037293 1.0404201260248915 1.0429574913141468 1.0471388035153946 1.0541290294093268 1.0598500186188882 1.0848272043453413 1.3446994310097533
162 5832 0.575173139590005 1.3441797872486527 0.8922666449326646 0.8922666449326646 0.9021569304795505 0.90322467510618 0.9060014515234897 0.9088419121005307 0.9103415996046853 0.9137710970209516 0.9157918515242761 0.9170971999775756 0.9178666849135996 0.9193765217418276 0.9221294619643039 0.9228443056277404 0.9236304139434192 0.9252753521346111 0.9262774171198768 0.9276115488168352 0.930917473752492 0.9312023444434608 0.9341717016379513 0.9365831066531455 0.9370564956271701 0.9385851791998625 0.93976043834554 0.9410801042292073 0.9418137841055557 0.943828439020924 0.9451318841680376 0.9458788847006576 0.9465409810751612 0.9477659732122573 0.9491671455216515 0.9512008698658416 0.9525040058898011 0.9533134178496429 0.9555526881365303 0.9556840246258393 0.9568793317446594 0.9598631210349041 0.9616648136821975 0.9623220741894899 0.9629068998429255 0.9646803675866709 0.9655230429574333 0.9665020529809424 0.9676709491149179 0.9682406241717227 0.9691007684693909 0.9710281631488326 0.9723060379800623 0.9734739758869265 0.9758722419909892 0.9775272071551604 0.9790878148981784 0.979604503236543 0.9802438881671266 0.981258209607768 0.982122014841728 0.9842749165030575 0.98482563914542 0.9859944207433136 0.9877071529399452 0.9889068658721363 0.9906857748491097 0.9916680755738158 0.9938961047694347 0.9957239061040227 0.995927152466174 0.9964315435388071 0.9970203702631903 0.9987420707746518 1.0020029635507801 1.0028992416673843 1.0046835949454078 1.0061157865360024 1.0066557767364135 1.010169799592742 1.0119052783227067 1.0120934381817337 1.0139177318673267 1.0156055434165547 1.0162239001858244 1.0186740302834087 1.0211791481319832 1.0222209318320379 1.0242093561694123 1.0252924918782311 1.0276544228399251 1.0285644298027448 1.031443686232476 1.0329078696735794 1.0344961098869028 1.0378324218691413 1.0399820467274563 1.0434617009229288 1.0466441468214656 1.0541398929172492 1.0599348065906857 1.0842815046552505 1.3441797872486527
163 5868 0.5581840120811427 1.3445500208783459 0.8925845875727817 0.8925845875727817 0.9015614099663426 0.9029791074262578 0.9060263657336047 0.9087322167336584 0.9103736477867367 0.9136352876707347 0.9161080463949319 0.9163890799817076 0.9178290397558659 0.9192597792564089 0.920886036743818 0.9228882625644872 0.9237008534973863 0.9250208495513442 0.9259674274172086 0.9273897700731158 0.9304143051464256 0.930720244730081 0.9337600502482131 0.9359838695843162 0.9367790884651648 0.938073675159994 0.9395162424243734 0.940384384331223 0.9408944656670579 0.9439606817216253 0.9452922437103075 0.9459098944875752 0.9462499412596612 0.9474718492174606 0.9482864111403704 0.9499574779959664 0.9522616022103396 0.953237038595483 0.9546087066188688 0.9553814094736077 0.9564424431340877 0.9601016551025717 0.9610031072159657 0.96179415281306 0.9630331021932703 0.9643765321672655 0.9659986972068958 0.9662877896642473 0.9676234128773625 0.9679385695812431 0.9693429148598154 0.9704252926794804 0.9727041372274692 0.9728883081932506 0.975611348753415 0.9771304422840479 0.9779024303922406 0.9797553134935569 0.9801453353153229 0.9808628788186745 0.9820614044853367 0.9840218652532537 0.9844498148163474 0.9856930894345152 0.9877188607558678 0.9888244513466351 0.9907189773938224 0.9916802724112097 0.9938213271156344 0.9952965922333185 0.9959223620637654 0.9965819124709213 0.9972770197013667 0.9987695031433734 1.0013582601766455 1.002403362375187 1.005476890360722 1.0059660411614915 1.0070018022421183 1.009764171575414 1.011674192727638 1.0118797670709523 1.0135605056841002 1.0152326219113936 1.0161803656490191 1.0192689065342917 1.0205648576891935 1.0221234634961782 1.0240395215230655 1.026088602277656 1.0278834847109022 1.0283478473141 1.0310886531472696 1.032773988396929 1.0352346745425178 1.0380019105102234 1.0396669587188174 1.042809085467473 1.0473840718629057 1.0542704956178919 1.0597557652864182 1.0842215980010927 1.3445500208783459
164 5904 0.5460116021021479 1.343210864100193 0.892303433436573 0.892303433436573 0.9012602654637133 0.9024181607872117 0.9050470722243396 0.9085244390079288 0.9102962832533855 0.9136288059577087 0.9156773718599678 0.9165787134067899 0.9179852079677653 0.9193504934563278 0.9205572007735796 0.9220816221243551 0.922624413690445 0.924987404935377 0.9253253212800343 0.9277152658032186 0.9297086088298444 0.9304470860686317 0.9335264411325515 0.9357277821321593 0.9364080401011479 0.9381900174996548 0.9387377886647186 0.9403321305879211 0.9406302938106069 0.9441055321848333 0.9447379110479054 0.9453956607600025 0.9460202012401586 0.9476694508970075 0.9483278315657021 0.9499656147046974 0.9516900407156206 0.9529047798763606 0.9547235620852345 0.9554413206535083 0.9561060819224215 0.9595889730808721 0.9599536190929601 0.9613340629479594 0.962729582504149 0.9640690676937618 0.9653989253705337 0.9662722619149338 0.96760613178842 0.9680044568556964 0.9699272008163468 0.9703644842833598 0.9720066264466781 0.9725513922199308 0.9751753523203192 0.9769470762625736 0.97735960566161 0.9796554447905765 0.98050070804543 0.9810564000910746 0.9813047540553155 0.9834357870374901 0.9836336645679217 0.9858508879562781 0.9870968198593453 0.9886734430898764 0.9908802578463136 0.991855075496512 0.9936996688837605 0.9952641587769111 0.9959171678733661 0.9967343876538136 0.9972461322333053 0.9989084399232084 1.0016028918159314 1.0018727643332832 1.0053282451702978 1.0055810744865847 1.0070938042177418 1.0101007424048547 1.0112715095096418 1.0124561109986496 1.0134233822947176 1.0153882705488961 1.01639199604575 1.018808106167879 1.020664980811785 1.0219422054892164 1.023557407659348 1.0259403935266105 1.027389234263127 1.0287920441348959 1.031479863936568 1.0328615073962661 1.035372571197149 1.0391528333069813 1.039567134500178 1.041937164984608 1.0475903653790886 1.0544925977963016 1.059962481920655 1.084281026187239 1.343210864100193
165 5940 0.534190777743265 1.3430265988450576 0.8918575746635587 0.8918575746635587 0.9007392965561252 0.9021924568328312 0.905326374438404 0.9083558416960911 0.9092824647024277 0.9119404480646266 0.914889607485588 0.916156791108183 0.9165336266954714 0.9192522215156211 0.9199005099257906 0.9219052651325901 0.9229537240247309 0.9242468947329855 0.9248378073857697 0.9276652847886859 0.9295312787697706 0.9309585894119734 0.9331621642345759 0.9353702501747966 0.9369048853016522 0.9382763945236096 0.9390957787074496 0.9399525113111977 0.9407165300815314 0.9433439850359358 0.9445763640826095 0.945115548275735 0.9467942403021865 0.9475176428458887 0.9486500651570119 0.9505071040519675 0.9518780298677166 0.9525400340653838 0.9539146999415584 0.9555302612991257 0.9560944145384358 0.9592266001954763 0.9600669562341457 0.9618287606128041 0.9623453193858683 0.9641922907044591 0.965478215572039 0.9662015632177428 0.9670661147270397 0.9676723463690486 0.9691853524251903 0.9706062016353626 0.9718099007245795 0.9735716582723205 0.9749933230009294 0.9769437924854559 0.9773701697560261 0.978754638339503 0.9798546179490538 0.9809161499826696 0.981843174317954 0.9823856048742031 0.9839925095096373 0.985577017149413 0.9869828898232024 0.9879757818766297 0.9903385963414342 0.9911469616596472 0.9932804582650994 0.9949817778397826 0.9960588017191075 0.9965666135944786 0.997746456192861 0.9997959533039836 1.0013775881313478 1.0017783406079683 1.0047311313726364 1.0054422780790118 1.0071321350246563 1.0097499304094368 1.010773408961592 1.012312162022136 1.0137506131532925 1.0154507845117555 1.0169536861817883 1.0190207289597286 1.0204878661929568 1.0217561931647878 1.0238005594581885 1.0249671135800424 1.0274604454439171 1.0283519002520245 1.0322448383072187 1.0332744561252654 1.0351257134861924 1.0384797728743582 1.0387037798149525 1.0424931106200421 1.0474496815602121 1.053725281990271 1.0599497868970524 1.0838273489825212 1.3430265988450576
166 5976 0.5204152094903208 1.3427612109081934 0.8920128172486388 0.8920128172486388 0.9008376905641099 0.9024324334583812 0.9058713602601447 0.9076456628411806 0.9087698616094367 0.9121021454567061 0.9140232434234498 0.9160582264804822 0.9165726162821562 0.9188108036276103 0.9197086026422018 0.9210432751863391 0.922136961182264 0.9238613243688285 0.9246811235839645 0.9272187579921999 0.9289318540583978 0.9303465255319522 0.9337180834728671 0.9338958387089527 0.936906352347598 0.938512434843623 0.9391838025954861 0.9395680880426334 0.9408779004635125 0.9427977494436685 0.9436994069009467 0.9448792404247035 0.9457478731524214 0.9477046997418715 0.9482525247872512 0.9506033817523203 0.9518415413845346 0.9524584152645601 0.9535618910064145 0.9549927171536944 0.9559090937769771 0.9591622147846666 0.9605439218904402 0.960831809780493 0.9620162979840176 0.9640335960352393 0.965471621553927 0.9657921599034291 0.9663979298073707 0.9673203106777445 0.969406476598068 0.9699721173998096 0.9717309781364089 0.9731283321475996 0.9756736432158089 0.9769094672685779 0.9776923129488657 0.9783017013358625 0.979876962798369 0.9799291119920347 0.9817393871940906 0.9824972877191149 0.9836235156155851 0.9852086098023657 0.9863196647778761 0.9877943635363 0.989734170056346 0.9907820568116582 0.9932878143607029 0.9946140883921015 0.995854384599791 0.9965274536135419 0.9981796892917887 0.9997732747840341 1.0011078278806476 1.00192729325197 1.0036000281675617 1.0051415765612361 1.0079405769287326 1.0090685835082018 1.0108894685825363 1.0123669113515317 1.0144337619158164 1.0153779478922254 1.0171964317407138 1.0193591856465083 1.020309827457738 1.02195828813105 1.0240626156586419 1.0248573646842933 1.0268618438906372 1.02820096954223 1.0319443791536362 1.033276286769931 1.034713170550305 1.0383582769781565 1.038474462726187 1.0428929315979458 1.046809607841968 1.053422753277053 1.0606242141222457 1.0837672195896402 1.3427612109081934
167 6012 0.5061243749041624 1.3423187166000596 0.8924831013356819 0.8924831013356819 0.9006483533009438 0.9020166204325646 0.9049091730001585 0.9074656737828043 0.9082754379872091 0.9116199517213243 0.9140805770100826 0.9159973186973981 0.9168482026232033 0.9184515694433495 0.9193581015099214 0.9203408714315096 0.9219038733666659 0.9237651722137878 0.9250774742127936 0.9275187357482175 0.9290420804430359 0.9304838391644585 0.93355059347544 0.933902356681652 0.9364871243360812 0.9377250494421325 0.9384779708011011 0.9393458760478917 0.941051037875013 0.9416376292949035 0.9435029451443996 0.9445838553373739 0.9464154670662259 0.9475939500945383 0.9479034142869163 0.9510427806687476 0.9518078994130904 0.9525190205245451 0.9538261879283947 0.9551074013311265 0.9555873299993939 0.9586511437720926 0.9605642409711485 0.9607841576414828 0.9622988166342519 0.9639959944715809 0.9643498111647991 0.9661986093022542 0.9668691527058494 0.968155444012237 0.9693384260964167 0.970213550511956 0.9713930355786049 0.9725885027647274 0.9749913540319788 0.9763466380820992 0.9770254064771617 0.9775723519416154 0.9791311252228742 0.9797529131327407 0.9813602360589645 0.9824079441101319 0.9835669367946519 0.9840386818306787 0.9863357712080371 0.9877842010151622 0.9898812899778101 0.99137683445189 0.9934169860121903 0.9945735958912305 0.9953613353278581 0.9969693374575764 0.9985952511818318 1.0004610930229165 1.0008382514530318 1.0019086088044 1.0034655406464097 1.0054403680436765 1.0080202842575439 1.0095835681307106 1.0105612462230034 1.0123640381046066 1.0141842078509133 1.014925990338887 1.0172653458243706 1.0196959495986675 1.0202977664397819 1.0223776443672477 1.0225387043420087 1.0252355725145044 1.0263434585530196 1.0289957038713125 1.031582998699912 1.031882749430227 1.0349859121395615 1.0380546506449662 1.0388734021681523 1.042254869825433 1.047064486685337 1.0536380053206658 1.060357627906104 1.0834682741415702 1.3423187166000596
168 6048 0.4932276267506965 1.3416621199388266 0.8922790750036333 0.8922790750036333 0.9008062971747265 0.9026302343599215 0.904103078943674 0.9071270871487155 0.9082437630508075 0.9113456704002909 0.9137334015287201 0.9153432035022557 0.9163084980716201 0.9184884537570995 0.9192332242213631 0.9203961666772111 0.9212902033189121 0.9235963528048992 0.9257048744778213 0.92734430229086 0.9294506528542512 0.9304212288233109 0.9330412374478348 0.9334917496337137 0.9364324905290516 0.9376920047039404 0.9380125776594913 0.9384390083099321 0.9405873146272808 0.9412997045208351 0.9438911328455952 0.9441793057749635 0.9460154197908102 0.9470220930268869 0.9473361507819472 0.950919230457845 0.9510267532623996 0.9518844279633752 0.9527040790523248 0.9543686983919842 0.9559390953947652 0.9589078247293166 0.9600327521325055 0.9608509792933888 0.9618024945663289 0.9638873950770216 0.9642076743552569 0.9666875541264297 0.9668401528076377 0.9679556840414799 0.9693603152763044 0.9705918911023091 0.9712573149823838 0.9724197767183568 0.9753084232065719 0.9761048853509956 0.9769070333603558 0.9780616341804266 0.9789501425279102 0.9796662184428284 0.981091269790006 0.9816722546971065 0.98377803322484 0.984062321024397 0.9862077746347115 0.9888702412849298 0.9895090400600784 0.9909680220873046 0.9934003117685487 0.994148418445428 0.9947851384721988 0.9959762160359589 0.9980216501034912 0.9995035934057375 1.0006325575599926 1.0014556215913708 1.003182428437497 1.005291891620422 1.0081040641463241 1.0093056892026853 1.0107549138490737 1.0116408684940297 1.0136816027222544 1.0146672429661323 1.0172113021007203 1.0189442468247023 1.019506274946506 1.0221764344122797 1.0223458134854708 1.0244556260698283 1.0264262680806906 1.0294665788632709 1.0313116391408403 1.0322499911929872 1.0352626088744123 1.0379657558126125 1.039168362485013 1.041949968670347 1.0466382501233886 1.05281866047457 1.060469250167009 1.0833210433282086 1.3416621199388266
169 6084 0.4819699235492404 1.3409107621041738 0.8918394759026719 0.8918394759026719 0.9005201106309418 0.9018842716103315 0.9034615080424112 0.9073195918714091 0.9078307019132595 0.9114215538961801 0.9139624730039749 0.9154343804334014 0.9158828264120128 0.9185870974974856 0.9187685042687044 0.9202514116847729 0.920873967392108 0.9237616474553367 0.9252618466258099 0.9263080092010796 0.9298147106358956 0.9303117030545108 0.9329448290332301 0.9336820907515172 0.9357070205746003 0.937125824298041 0.9374461546924792 0.9382386557190601 0.9398131751576108 0.9412067125019308 0.943786914228476 0.943969347046342 0.9459640025993585 0.946548683039227 0.9476531796303166 0.950326139302377 0.9514085927156478 0.9515317600487299 0.9524132072927216 0.9540014858989498 0.9565252947280766 0.9589111185309388 0.9596991638790455 0.9600984229963607 0.9607602179822153 0.9631620932750128 0.9643800110644579 0.965576696383369 0.967341001182414 0.9684311328782083 0.9688982805537089 0.970530232441406 0.971221051901372 0.9733951961503419 0.9751534738312073 0.976177543987368 0.9771734835098697 0.9784572998497099 0.9792437856004423 0.9792898473998763 0.9811773123243064 0.9817113121098692 0.9835267414806073 0.9838903477062868 0.9856663131978752 0.9885836456513394 0.9897317378014895 0.9907578684667911 0.993107529536684 0.9937296741675109 0.9948289675861792 0.996188736638577 0.9985673471227444 0.9993652822543833 1.0005293557401622 1.0017070136251742 1.003311230914892 1.0046500284336557 1.0080745575566894 1.009241874643589 1.0109941086461016 1.0120998199190403 1.0132913007920363 1.014261559709315 1.0169589419603595 1.0183413815484752 1.0202135614053185 1.021401937949737 1.0222885258373062 1.0243680875354655 1.026806434537174 1.0291830672779183 1.0309580040160415 1.0335017642049236 1.0354372281486488 1.0374604778147665 1.0393643845228446 1.0415485696678295 1.0464518427915526 1.0532616134099808 1.0609474000838301 1.0831913758946587 1.3409107621041738
170 6120 0.47133079328143246 1.3408411631280384 0.892072018444692 0.892072018444692 0.8998391107863826 0.9013212799978213 0.9031849503008327 0.9060793028751126 0.9072037731058278 0.9103752687933461 0.9135452695813604 0.9149145137054518 0.9154912820137265 0.9179532445323288 0.9189801186737895 0.9195942073985071 0.9209336585451625 0.9234247771156983 0.9253868319607341 0.9269979441420926 0.9285314294896369 0.9295675263709091 0.9323768677501896 0.9335482781756766 0.9355431997435069 0.936980699780169 0.9373464087395635 0.9380168991344093 0.93909214756381 0.9411872419714834 0.9434961627217555 0.9437596325271747 0.945307255568041 0.9459863365358414 0.9473689169292054 0.9505724244097442 0.9509233672078867 0.9515739384658803 0.9525342681813607 0.9542792955462748 0.9562856514406504 0.9586832819491136 0.9590086309502953 0.9594685093572328 0.9605412515103099 0.9630579118372652 0.9638965668990689 0.9654092246317136 0.9660414894436913 0.9677965688315233 0.9690485104004581 0.970052293206697 0.9706459655344688 0.9734528091906195 0.974484991756956 0.9758364681420725 0.9769339911398679 0.9787247191520968 0.979395599710276 0.9800608924493242 0.9811887987857899 0.981516128434692 0.9836090835858647 0.9844477446904406 0.986023407144395 0.9890128184240397 0.9900379689831307 0.9909839158018544 0.9933098757814459 0.9939832098237321 0.9948539524005126 0.9956048138476993 0.9985596612782237 0.9991266080554692 1.0005533457880027 1.002080533934512 1.0029443752821576 1.0057837729788761 1.0080775776436197 1.0093858663674433 1.0105051213805945 1.0113122904562382 1.0132139242886127 1.013932291473547 1.0173485583076631 1.0183466850722933 1.020096451498267 1.0210916314846614 1.022612476509098 1.0245097308776607 1.026772476699712 1.0287967714810318 1.032297533132817 1.0333546180531705 1.0351779555070426 1.038653990598612 1.0391138083634262 1.0414939101908995 1.0460495167242734 1.0536739478788522 1.0610386998232015 1.0833819539147163 1.3408411631280384
171 6156 0.4600536161910954 1.341407642196558 0.8920737299039451 0.8920737299039451 0.8996564616904116 0.9005124380133089 0.9024192121639533 0.9055848792239012 0.9070176401485777 0.9099200723936159 0.9129595275248964 0.9143443493748205 0.9150391729153768 0.917007487511018 0.9184336930992704 0.9191533734148633 0.9205626978546264 0.9227707266264374 0.925883876793924 0.9259712358171108 0.9288183827551424 0.9295895905012301 0.9321552892467655 0.9330892564321529 0.9347445133157792 0.9364354756612931 0.9367456975250466 0.9376406377308193 0.9392003062835154 0.9411456345381252 0.9432036114538666 0.9439188328113778 0.9454719528575682 0.9458942186116374 0.9470733275220578 0.9499890161238329 0.9509165907589064 0.9516401792626118 0.9519762617820379 0.9544888711756179 0.956070801905462 0.958244375151832 0.9587431156589613 0.9594549953142664 0.960449376683448 0.9628698060512827 0.9640533873129449 0.9650236451264348 0.9654600720073648 0.9681611440106769 0.9686159663980852 0.9702651325008759 0.9712531184664638 0.9734141656012812 0.9741446301881133 0.9752539430729441 0.9771758109153097 0.9786317201966106 0.9790249716651631 0.9797579483498745 0.9813185998962162 0.9817321385691121 0.983570977794528 0.9849749538183517 0.9856444358721997 0.9891404857966274 0.9899805957018275 0.9906083011043321 0.9932877367046131 0.993864833931741 0.9941159497021758 0.9953417463297286 0.9983339982542576 0.9990136446496889 1.0001354378127076 1.0018876898658247 1.0028830570530023 1.0052536756107524 1.007915078352467 1.0085407592360607 1.011355495616531 1.011433015301488 1.0131341722066483 1.0139651301257133 1.0175514894119821 1.0185965763935274 1.0202119652541501 1.0213573428791602 1.0226477053215568 1.0245055237426948 1.02634476069458 1.0285334843841079 1.0326397836521013 1.033836539346161 1.036062660704934 1.0386255988460853 1.0390474817230089 1.0415757323268522 1.0463412825314737 1.053840539196716 1.0606543684642047 1.083110780783616 1.341407642196558
172 6192 0.4517708850431441 1.3406148391916966 0.8912390012822196 0.8912390012822196 0.8991186787967345 0.8998731813083679 0.902311543661765 0.9051237100819218 0.9067099219392971 0.9094393193336299 0.9126833227630406 0.914052920904159 0.9149628266053539 0.9168568910434999 0.918097537782215 0.918875913481305 0.9204564376005013 0.9227715775003421 0.9257204478985964 0.926199695650548 0.9281301390982918 0.9291055472850138 0.9319586885995926 0.9332135949920021 0.93420431154076 0.9360734816203493 0.9367838112589243 0.9370961628378139 0.9391274048620999 0.9407092061381225 0.9426911359039052 0.9444058605109168 0.9452440487888377 0.9457241228378879 0.946688752278013 0.9497038949610698 0.9506386306196075 0.9508640600816148 0.9513705847946845 0.9544110325811419 0.9558625188665074 0.9572130610713651 0.9581236693958903 0.9591712110300122 0.9608033937516249 0.9632351673597513 0.9639713392477948 0.964878927119289 0.9655248626959403 0.9671530832359323 0.9688832922185723 0.9701514202234771 0.9715116077265945 0.9729048968495272 0.9738960391490304 0.9756309928915251 0.977082713127815 0.9779432816276556 0.9786320458899271 0.9793560073591453 0.9807254401154795 0.9820864192884953 0.9833869099249369 0.9847178840136891 0.9852900286694691 0.9883737747768739 0.9891260658497312 0.9907690082656279 0.9933121207702692 0.9936645414411777 0.993994273842714 0.995218787655555 0.9984684449459732 0.9986222543730429 0.9993363140004927 1.0013131509158752 1.0026143849282059 1.0054046317308238 1.0080023210548665 1.008251130200956 1.0109071483690444 1.011602189898127 1.0132276312076156 1.0137850517982678 1.01736629528041 1.0188876236302988 1.020106494375743 1.0216936223110686 1.0230294617643225 1.0244630606922205 1.0263451247021027 1.029140661697293 1.032328589284812 1.0340709471168823 1.0360485004386069 1.0384365964919886 1.039407848654639 1.041671710277057 1.0461405746796992 1.0538392470094 1.0607308335401249 1.082928587434336 1.3406148391916966
173 6228 0.4410212057252636 1.3405206641687486 0.8921475424729598 0.8921475424729598 0.8982743882905211 0.899141992858582 0.9023258356994777 0.9045628667398586 0.9069287830399698 0.9091067182700852 0.911986391839141 0.913190597912631 0.9143168018540647 0.9156221614343424 0.9177034350158814 0.919205628521629 0.920545054023326 0.9227239943585274 0.9245060936244088 0.9259785164579972 0.9280352465594088 0.9288029015689391 0.9319422246528967 0.9332045997694668 0.9340153472350944 0.9360935296577624 0.9363626037987108 0.9374141825709565 0.9385472184339221 0.9405669584558819 0.9424322591482069 0.9438330837028758 0.9442230271545131 0.9451862774239576 0.946736096012382 0.9488925471520594 0.9508740083074798 0.9515882594140189 0.9528496744849017 0.9545344726863917 0.9559648302277087 0.9571872381610879 0.9575734954447078 0.9591375684147362 0.960484530268919 0.96275663239391 0.9641616123902742 0.9644432908381924 0.9655335337651971 0.9671815781928086 0.9687047527450541 0.9703823900371102 0.9719646239071459 0.9726529205395317 0.9743308844453448 0.9747487097668219 0.9766699368964455 0.9780161349302922 0.9789353256775948 0.9797040438314839 0.9803769339895739 0.9829475636109882 0.9832396601626002 0.9842982490916773 0.9857156074879644 0.9878560198143076 0.988289388426539 0.9911078268919554 0.9928645256635632 0.9935501153686804 0.9940681468476067 0.9952266486215694 0.9977218147361968 0.998369545676534 0.9994433706067196 1.0017258186423108 1.0026473470847557 1.0055947853910339 1.0072177827740734 1.0079084635883193 1.0098573548554144 1.0121160707787977 1.0126306163151766 1.0142003696187376 1.0174369132585095 1.0188874469815314 1.020340348176855 1.0219610004064406 1.023212477596372 1.0243359455942078 1.0260575340342206 1.0296608330505093 1.031734525016601 1.0334775900990643 1.0360631017192783 1.039140045803953 1.0393924841264195 1.0422338023256736 1.0462929103261756 1.053400851298343 1.0612714554740779 1.0818310606912216 1.3405206641687486
174 6264 0.42843882887981927 1.3399780990594012 0.8923849515689724 0.8923849515689724 0.897975936303677 0.8983090626053614 0.9021236428097239 0.9037761107170196 0.9073184878112135 0.9084769974516036 0.9119296393926665 0.9133097265620932 0.9144898716129995 0.9157648689192418 0.9175211681035522 0.9189476875967709 0.9203043167613997 0.9221507909050749 0.9238364043531242 0.9253202840723018 0.9279318110303848 0.9294289629008118 0.931463923586013 0.9323713183315667 0.9333728551877811 0.9355656607128254 0.935993158225947 0.9379916406095025 0.9389989722914682 0.93995639694588 0.9430465163092563 0.9432893897291854 0.9438470054658314 0.9455948522002279 0.9463631131184547 0.9484020012262405 0.9506722578127037 0.9508557415426219 0.9522013587284035 0.9544495254006949 0.9555850703539398 0.9565666039616446 0.9575376383849912 0.9592908066970512 0.9604408179144289 0.9623804833774862 0.9632950038465398 0.9641528703991387 0.9652389437424918 0.9670554993419189 0.9691826408078199 0.9699346124350587 0.9717910278320645 0.9723464611470632 0.9731345002244944 0.9746128817935032 0.9755023510555116 0.9775835527084592 0.9790829688481294 0.9795585242584589 0.9802705184754329 0.982357946529367 0.9831891077171724 0.984311386185738 0.9855409966406042 0.9875756632810798 0.9882991519337603 0.990889613441539 0.9932450240136649 0.9934711745606448 0.9940011765050454 0.9953584092973119 0.9970447055492979 0.9976881483048041 0.9996484334863877 1.0025423906006816 1.0032997089198508 1.0060595986228857 1.0073065114760669 1.0077550638738049 1.0096584284942982 1.012007657242682 1.0128725742637696 1.0138730303033383 1.0174953105630116 1.0190541318770459 1.019720007462675 1.021617764519101 1.0229566859520716 1.0241597055912466 1.0258573042986268 1.029755958126144 1.0324167696927617 1.0335189384298094 1.036546057802844 1.0386950544409708 1.0400971083559971 1.0423642865936251 1.0460283281615033 1.0523678722342669 1.0614509577012448 1.081544316554595 1.3399780990594012
175 6300 0.4151753454552577 1.3392962792111331 0.891826257035249 0.891826257035249 0.8980684729629698 0.8985524024399657 0.9019594099048888 0.9035561804804848 0.906380979769501 0.9087986573940171 0.9117031897795523 0.9125660307035388 0.9147788800764121 0.9158289498507068 0.9173305289800192 0.9190052793448725 0.9199578905057066 0.9217539246912831 0.9234849442170421 0.9245962177433708 0.927932041279805 0.9291826682277703 0.9315433858150679 0.9324811114443067 0.9329623629240908 0.9348654346630028 0.9364259784671967 0.9374424809181888 0.9386545950011115 0.9400732317127639 0.9425994007540525 0.9431517315510376 0.9439373046260082 0.9446125606510188 0.9460935128798319 0.9488609365027039 0.9503740369262931 0.950836778226489 0.9523342375710079 0.9541897709660623 0.9552164974261331 0.9562858414006308 0.9573319676340254 0.9591637872808659 0.9611757459886632 0.9620361199929653 0.9631433911481267 0.9637021505089028 0.9652559350909131 0.967238873004508 0.9683133852570418 0.969482685692618 0.9718679445864296 0.9724251605559546 0.9739401812097076 0.9745166626581916 0.9757747577910871 0.976865091356361 0.9790389425745804 0.9795868796299003 0.9800261150765872 0.9806969763022674 0.9830651815807272 0.9839649973082132 0.9854241215139433 0.9879351552212776 0.9890650015312942 0.9905329476302717 0.9934087750217867 0.9938243111339093 0.9944441417944193 0.9950214908520574 0.9961432253574998 0.9975599211695585 0.999169033384683 1.0022404328985666 1.0029723634276142 1.0062402994952782 1.0065020405463228 1.0074058592593718 1.0097076455789658 1.0113199201303695 1.0133704550646796 1.0143182391623353 1.0167091298191588 1.0194057020309748 1.020347697027009 1.0219312326224324 1.0232968805792149 1.0248581052274566 1.0257415458415853 1.029591513049352 1.031889551979869 1.0339905528701132 1.036357595888606 1.038048135650182 1.0402915078330437 1.0430910660538897 1.04607566831973 1.052330811948098 1.0610853516898835 1.0813141833190762 1.3392962792111331
176 6336 0.4032381922007484 1.3384914325809125 0.8916439466504916 0.8916439466504916 0.8973631961336263 0.89790324783304 0.9019967591775551 0.9037151467938292 0.9060777176971785 0.9081000054852124 0.9109984649363044 0.9130289991882313 0.9148351070755281 0.9153731493489243 0.9171245871147704 0.9191489393066561 0.9200144296747234 0.9204655110600646 0.9230906061358934 0.9235689380128165 0.9270896050792035 0.9290934389352472 0.9311126219618717 0.932407757009422 0.9329778909484714 0.9352366295041336 0.9365936337315462 0.9371179982938159 0.9382777775848975 0.940242714902468 0.9418310572341015 0.9432053260361772 0.9442343585077019 0.9450332383650055 0.9461464281914482 0.9489036124037937 0.9501584872630994 0.9507732514569753 0.9528844824842808 0.9540704916116804 0.9547202734610405 0.9565583993209975 0.9574933637362841 0.9584408180739474 0.9605794861102875 0.961571464931199 0.9631954069971076 0.9637543259808155 0.9656095135810556 0.9670357879150142 0.9686237307274432 0.9695661228459946 0.9714090340800493 0.9732646563024306 0.9740336234472884 0.9751919455882248 0.9756004090805054 0.9771504656522285 0.9786177871189037 0.9793444059791525 0.9803431187675716 0.9810863392638127 0.9830126122359374 0.983912043797479 0.9856540783085372 0.9874828060312719 0.9894905017146716 0.9903689830764957 0.9928950394366366 0.9936069372253087 0.9943744137321872 0.9946152448119221 0.9963417471026584 0.9977753881888525 0.9993198954274741 1.0024363332563537 1.0028816398550986 1.0052469890218978 1.006142573437736 1.007852277280205 1.0099310887323043 1.011503144754394 1.0129604913601242 1.0154792537796147 1.0171745842436661 1.0188923730925918 1.0198172605818645 1.0218880354719935 1.0228629080887741 1.0245750212342128 1.0258612783556187 1.0293358407494926 1.0320420695714272 1.0341180579672313 1.03619389765856 1.037897284802511 1.040369585361523 1.0431143897990858 1.0454203486580795 1.0518006891334724 1.0613998669458944 1.0818851568761472 1.3384914325809125
177 6372 0.3914615735355939 1.3384033482249242 0.8906059602265326 0.8906059602265326 0.8970300587006256 0.8980590771262816 0.9020944670049822 0.9028761304195075 0.9064027403799657 0.9079098901756543 0.9106905609979973 0.9127245356061242 0.9143771107602829 0.915471423940242 0.9168121471018313 0.9185915704319615 0.9189361153528465 0.9199515559953527 0.9226139589817292 0.9234393939925147 0.9266493995137911 0.9284487589384344 0.9310428941067742 0.9316362966386983 0.9332152013780446 0.9349489081388148 0.9363859785473215 0.937113023163165 0.9378440072978648 0.9393651213602799 0.9411947154680672 0.943404866855422 0.9441222839763342 0.9446491041319399 0.9461178404785401 0.9492771390713967 0.9496555166365486 0.950384963201031 0.9526344867922256 0.9538935880115409 0.9543222207998739 0.9554758190653778 0.9574367372059386 0.9594513644026392 0.9610567646850534 0.9615728445170386 0.9628020889960068 0.9636982420955983 0.9656838644826743 0.9668514431888625 0.9683482833997121 0.9690366751167361 0.9715199175381564 0.9723328820609541 0.9737865530493885 0.9742415023962515 0.9754009318018083 0.9769410275241586 0.9780750446872233 0.9795378648064939 0.9802232370170076 0.9818122197991723 0.9829470177680655 0.983995340454057 0.9855959211650394 0.9876326466418934 0.9893456346344448 0.9904033555527989 0.9923256728502704 0.9934369904697999 0.9937853695187818 0.9951553712423062 0.9963609207917171 0.9978121042499616 0.9993762380976822 1.002121164137723 1.0028551338166947 1.0044726718026844 1.0055946325478886 1.0082530677998016 1.009596020473697 1.01091893261071 1.014196858718098 1.0154713977807683 1.0179744828704056 1.0196525256260736 1.0201366245155574 1.0218495830254954 1.0231708253113796 1.0249061329208538 1.0270881986951637 1.0294279657984762 1.0314912025811327 1.0342034131142803 1.0355307308990191 1.0381340132023653 1.0402720327832795 1.0428914904666102 1.0452525106644692 1.0524089027760088 1.0620451549737677 1.0826078146113594 1.3384033482249242
178 6408 0.38230225141849733 1.3375159460367458 0.8904413689171067 0.8904413689171067 0.8969528444298855 0.8975312332335033 0.901588335849268 0.9028674479301542 0.9063569972917089 0.9080179110640912 0.9102366026251371 0.9125195105495699 0.9137696100878623 0.9150376799939021 0.9157271755214719 0.9180695861344917 0.9184361022277088 0.9194480774813933 0.921715271674331 0.9229822226632965 0.9267948156011343 0.9279714193467941 0.9304699763103602 0.9311727457928174 0.9329204375171943 0.9338129479614422 0.936459833123365 0.9373946743635478 0.9374885763075337 0.9384957223186465 0.9410807382689329 0.9431541011580763 0.9439580508901064 0.9450634398554634 0.9458855928641519 0.9490973382946571 0.9497476574983859 0.9503729975683262 0.9527367209853326 0.9533777098244958 0.9541592375518237 0.9547326056678336 0.95696881884653 0.9595138469636089 0.960499312789367 0.9615598298268656 0.9623401455728499 0.9635216309294646 0.9651481292387145 0.9661735150101576 0.9687468756510029 0.9690125488800938 0.9711310652458437 0.97189586021705 0.9728011840619261 0.974781395429894 0.9754730278167083 0.9771712332947501 0.9777444856789709 0.9797607451274738 0.9802759203508067 0.9824089078275521 0.9834293865133871 0.9850712603787816 0.9859536163616119 0.9875893373568536 0.9887371223545395 0.9899592133778125 0.9919550043364345 0.9930431733364316 0.9937879305387226 0.9946199958693487 0.9960095240801781 0.9969816671642108 0.9990504837084854 1.0021101555885916 1.0026601888782622 1.0045003579983858 1.0056354417282625 1.0082429351302709 1.0095187973019677 1.0110749646788797 1.0138844007817098 1.0155070720260841 1.017898164280061 1.019216400227765 1.0205099853076136 1.0218653556202566 1.023566014776776 1.0258102506946845 1.0272447608806643 1.0292169838354255 1.0310808290100986 1.0348470571527886 1.036206485055283 1.0377663990228692 1.0405986709687656 1.043417670218946 1.045541432025241 1.0528094903023564 1.062305281967346 1.0822623714024429 1.3375159460367458
179 6444 0.3734582286659388 1.3374690125652962 0.890672634214383 0.890672634214383 0.8968846802095812 0.8974684568274298 0.900391684947752 0.9022419430880683 0.9054674140630813 0.907584368690634 0.9095962937644428 0.9119673858317044 0.9130797733612843 0.914194120115113 0.9159901822537029 0.9181211884358307 0.9185813421724942 0.9188380848655792 0.9209785060817969 0.9230824207263628 0.9252589027516853 0.9269701851212432 0.9304737541331506 0.931342549269906 0.9327853560991549 0.9337984005625284 0.93647739963545 0.9374349669098173 0.9377830583136321 0.9387911419787983 0.9409295018371129 0.9427617491586183 0.9432295839396017 0.9454348519001676 0.9460710921532377 0.948457788670226 0.9492498923032907 0.9505310606395903 0.9525878953870757 0.9528562260106668 0.9539129877872373 0.9541905239958679 0.9565227191861074 0.958792913146928 0.9603221078638708 0.9615604055887589 0.9621693704683165 0.9635279684399131 0.9652264498751798 0.9658837039338459 0.9684252843778375 0.9687925538058832 0.9712313752325025 0.9718237474792792 0.9732754226016794 0.975146665423051 0.9753503166511405 0.976626405471517 0.9775705718694011 0.9794882412991552 0.9805097407340415 0.9821361442663701 0.9829194194596181 0.9850454200754405 0.9861201369257684 0.9867686739873319 0.9880016968248855 0.9895742098196814 0.992061968306758 0.9926871311508279 0.9935425024880802 0.9946579703250699 0.9965018322276936 0.997590894198336 0.9989307362125952 1.0008627275142044 1.0025496312885462 1.00430446655959 1.0064843243129236 1.0082085643551368 1.0090238342956552 1.01162962865408 1.0138323019796223 1.015190851663148 1.0172186709145794 1.0187227265442282 1.0203596969263815 1.0219845153152867 1.0228343647901141 1.0259235656909753 1.0281307668236668 1.0294356741111745 1.0314578788909659 1.0350325307012118 1.0366222898605202 1.0370762208181505 1.0397051348928301 1.043348366796026 1.0463547731988738 1.0525987535920058 1.062015013226293 1.0825921032522277 1.3374690125652962
180 6480 0.3618184555427806 1.3379158940575575 0.8893282041815396 0.8893282041815396 0.8966555139608275 0.8974001729693194 0.9002735753572535 0.9023997932842729 0.9051542192559505 0.9070922311156105 0.9097833885980845 0.911348580374158 0.9117996176254359 0.914176126304668 0.9151482798436374 0.9178732282229266 0.9181737403724053 0.9188228107905487 0.9208474996399995 0.922981747342395 0.9253003276031084 0.9267912516105115 0.9307270188804155 0.9313979902392399 0.9328525535171062 0.9335551485572817 0.9356025548564364 0.9363973221906584 0.9371639640154137 0.9386473315714146 0.9408115665457109 0.942732041063603 0.9430334019190707 0.9454901907771709 0.9461573853695381 0.948614056269663 0.9487287249798545 0.9500766215470763 0.9517164629435869 0.9529301159645716 0.953823085619175 0.954558029331983 0.955611779753415 0.9583874050782826 0.9597020621639069 0.9609711957008865 0.9622226160666186 0.9640745189208237 0.9652128742290255 0.9661561694733942 0.9678199880108358 0.9690023463329087 0.9703758008346571 0.9719713792301968 0.9731315373598219 0.9746008680848708 0.9757934035628231 0.9764473116761133 0.9779289017961277 0.9787643103379413 0.9802342320445705 0.9817289102880814 0.9822994488998834 0.985670876469874 0.9859398173323279 0.986312241329418 0.987757600577864 0.98930062037248 0.9913879684704542 0.99243625996443 0.9933869442781166 0.9947238332623267 0.9974088937176374 0.9974481280565874 0.9989417697920597 1.0001402158532078 1.002807468601022 1.004648008875437 1.006764506742745 1.007758193846095 1.008371528769834 1.0116899055656363 1.0133924805732917 1.014987494281529 1.0173478012779977 1.0185503682047456 1.020605841001786 1.0215736522169896 1.0230702539565306 1.0264107346962184 1.0275909681746958 1.0293601416056022 1.031091527166851 1.0359368335333439 1.0367840625357752 1.0374563400416474 1.0397789652023361 1.0435664259510333 1.04591133210524 1.0519774785883649 1.06139623955576 1.0823877965751676 1.3379158940575575
181 6516 0.3535094834374732 1.3360483503296103 0.889044540695439 0.889044540695439 0.8963989273581032 0.8970345699638873 0.899686438189481 0.9024864924305732 0.9051835007864704 0.9072947706621134 0.9100311043996239 0.9106480391449028 0.9112756663397139 0.914030575817255 0.9150329232099382 0.9171609861662109 0.91788919047208 0.9184393231646409 0.9205787224915424 0.92263425278112 0.9255274502700032 0.9266952029750026 0.9302270370576674 0.9306369591354781 0.9324446701403639 0.9331801427119363 0.9355272473874371 0.9367322975972023 0.9368596394058262 0.9385012522781913 0.9395265278126974 0.9419164318075228 0.9424484354425909 0.9455963510656271 0.9463356117753506 0.9486053272043945 0.949174244126608 0.9499789638345874 0.9510278655550958 0.9527147714311569 0.9534324517726885 0.9537977754355597 0.955408713460611 0.9580213624099453 0.9599553203401915 0.9607294097707573 0.9617305603998167 0.9637653889139606 0.9649191634513812 0.9662077274211851 0.9669222141131348 0.9693785312114662 0.9703939996318064 0.9715259696296843 0.973292110851602 0.9745137027442347 0.9757005912623387 0.9759524793548896 0.9783975444936768 0.9791147149892923 0.9804014872487901 0.9815212395376359 0.9834446591155497 0.9855782968495234 0.9857184330509319 0.9862323927347577 0.9875804365486835 0.9894537980566254 0.991007513574378 0.9919886887521981 0.9925471408852182 0.9945134688063427 0.9970958684578537 0.9972143565434699 0.9988058285942152 1.0005788806168796 1.0016771533783126 1.0044058371917473 1.0070173232547628 1.0078019568041854 1.0083435375217307 1.0114818980059523 1.0129209922099125 1.0150111167791958 1.0177869378541937 1.0186984442556892 1.0209027549279899 1.0219564492191084 1.0238657881529214 1.026444532646603 1.028188585798731 1.0293115741588592 1.0308486380470168 1.0359028889729596 1.0372881157536762 1.038076484151075 1.040192552511566 1.0439658322664214 1.0452449041024805 1.052101566633401 1.061090893963785 1.0822357367997526 1.3360483503296103
182 6552 0.34470554626607236 1.3357735401019726 0.8888534052129947 0.8888534052129947 0.8963484638041818 0.8966529188316122 0.8996254973985418 0.902672654372534 0.9047148985348535 0.9068581599850325 0.9098171406684359 0.9103226660367999 0.9128376082672015 0.9142666302369407 0.9148421263970314 0.916609542932143 0.9176246162372572 0.918404768108605 0.9202608952728942 0.9212131724359662 0.9242427571700201 0.9269946166188446 0.9295403206707428 0.9306214615305195 0.9315376057420681 0.9331514751389465 0.9353705821958322 0.9362642008700003 0.9369361279400116 0.9383303599404298 0.9393130358084785 0.9415042382766611 0.942683878237512 0.9445801878098561 0.9461991856453745 0.948011357564229 0.9491886124824293 0.9507267784560393 0.9509505684852632 0.9519479457096622 0.9532743795208454 0.9536807548461027 0.9551345490191666 0.9579933242232044 0.9594759355002029 0.9605802485854041 0.9618758557850112 0.9638656998913335 0.9643522585692362 0.9658485569698635 0.9668377743313475 0.9691246176685036 0.970095709471883 0.9713697599170619 0.9726331008728598 0.9744894670845777 0.9749767111704809 0.9756998622915695 0.9780574981022049 0.9786234583075024 0.9806841684754647 0.9814860906089872 0.9834769703845544 0.9847208199134161 0.985674088133937 0.9863973842648118 0.9873000669644587 0.9892766497109539 0.9901034784153951 0.9918928972325495 0.9927122304442728 0.9944110717470563 0.996652358627983 0.9973679324647239 0.998605962609425 0.9997323369681509 1.0002729874124683 1.004110718652777 1.0067478627705437 1.0076177391111854 1.0078981548441046 1.0111123823739419 1.0128990690699926 1.0149943472423058 1.0177062944715016 1.0192990504397772 1.0213911900803125 1.0220529947281909 1.0238449983637512 1.0268015081460278 1.0285551980243026 1.0291775171121376 1.0312553314703126 1.0361915824558732 1.037892210884642 1.038981302110863 1.0408017821195876 1.0443153085156334 1.0451497360010136 1.0521670315795284 1.0610131793050215 1.0822497265371207 1.3357735401019726
183 6588 0.33437805852886887 1.3351826241360387 0.8886496206019572 0.8886496206019572 0.8959669520436369 0.8961673562439655 0.8997841030455199 0.9025998341646954 0.9047345756365239 0.9063823971422856 0.9100165536842577 0.9103198336240922 0.9122804035318618 0.9141480639540914 0.9147413324347241 0.9155654283032585 0.9174089643024841 0.9181428167626878 0.9196338809452308 0.920818760340092 0.924330586443516 0.9272825842774971 0.9292947959425867 0.9306307128293639 0.931087801182536 0.9334534701318964 0.935886026688884 0.9361915335389838 0.9369668290026709 0.9377999569389256 0.9388098042221886 0.9415187191334278 0.943065478842032 0.9435510800546827 0.9458176917778408 0.9468373291428122 0.9489766166619391 0.9504414432452317 0.9512276387922314 0.9519661213586674 0.9530437968877928 0.9535484817633727 0.9552677127165513 0.9578597462555273 0.9588531756212222 0.9609157107768498 0.9621189640955732 0.9630954300271792 0.9649464253725956 0.9655388401796442 0.9668688984569941 0.9687211760750549 0.9702808613666392 0.9707027997149481 0.9728671693783201 0.9742324879395557 0.974952054402182 0.9755957897685359 0.9775700164400454 0.978856089024033 0.9803769558773107 0.9816045052666414 0.9836384636242168 0.9847258184349023 0.9857348140853863 0.9869578955692442 0.9881941320640847 0.9889692696508211 0.9896551590267078 0.9921286635191768 0.9924342976244177 0.9944731886553357 0.9955445657300928 0.9969853633564192 0.998530890546854 0.9998243628088462 1.000872813885398 1.0024449293331001 1.006387778237645 1.007102946236193 1.007706557703739 1.0116665603857002 1.0123052751339923 1.0144478543560715 1.0174410562657918 1.0195417807686113 1.0210312490469742 1.021821560132758 1.023591156979125 1.0254671082034537 1.027970141439794 1.0295813077845413 1.0317306169497595 1.035607525747514 1.0382832201825005 1.0402600827880923 1.0411066611950464 1.0444919557173489 1.0451134348384699 1.0521608755348226 1.0618831381043612 1.0826635156190862 1.3351826241360387
184 6624 0.32555840701326905 1.3346336816166477 0.8884387665493886 0.8884387665493886 0.8954599581199645 0.8962743059169521 0.8995728882250719 0.9027100733187028 0.9043059400395824 0.9058317151628423 0.9093352848585993 0.9103155299317213 0.9118446456396776 0.9135702946861356 0.9145460180287289 0.9154057860721312 0.9173619433765133 0.9181997784941892 0.9194000137731301 0.9213655187940808 0.9236398567108169 0.9267845843239451 0.929202724812511 0.9297572949733244 0.9309352490024083 0.933400765027199 0.9353640089993845 0.935963188859299 0.9364847107293722 0.937066938973325 0.9384051924040678 0.9411672828471898 0.9429080463012848 0.9432160356784263 0.9449063258824797 0.9461647459765065 0.9480712648766224 0.9494177554719399 0.9503794349057308 0.9516274962769165 0.9527740482986319 0.9533291219604194 0.9554127600800086 0.9572404762641784 0.9587982116189796 0.9604645418515412 0.9616943982970574 0.9631580960833844 0.9649695963758341 0.9665376766890666 0.9671141961977469 0.9685224398393485 0.9694777506357806 0.9705965933060285 0.9729893756446529 0.9742339011306352 0.9754834764322576 0.976018713046176 0.977724923114382 0.9790163710770525 0.9804276397596242 0.9815405225434911 0.9835236501803546 0.9843959150032793 0.9852335896028358 0.9858621785717899 0.9883239975912028 0.9887606336310745 0.989715775087393 0.991880510624665 0.9921936493905159 0.993787694819967 0.9958285353671065 0.9963232259996846 0.9985138977022967 0.9995304853032451 1.0013916112182144 1.0029190896586382 1.0065288471203935 1.0071594771233248 1.007682969318215 1.0109590482232018 1.0119114536070941 1.0148748386229771 1.0174943526165794 1.019466368348357 1.0210980547251007 1.0219972904938985 1.023558792264752 1.025316971881588 1.0279943924875796 1.0294137854121153 1.031743585123434 1.0358193093795318 1.038412830791166 1.039516508437039 1.0417957037361167 1.0446299619193298 1.0451837882631447 1.0514761547711413 1.062112378971014 1.0823500790000362 1.3346336816166477
185 6660 0.3157271181498283 1.3334725382672268 0.8889144717551909 0.8889144717551909 0.8945107408460725 0.8966030915512967 0.8993318345854439 0.902403014569369 0.9042961999359475 0.905998728068999 0.9091212113898094 0.9097556381620943 0.9118436993041308 0.9133961603191094 0.9153031893979982 0.9154818537825467 0.9170986396856846 0.9177760163773744 0.9190263258845248 0.9212811303242162 0.9240081155264622 0.9271838424307182 0.9288163483192262 0.9295407600779765 0.9308128594344647 0.9324598655372045 0.9347076129103422 0.9353843581894571 0.9366028226052168 0.9367760469006106 0.9390287447145926 0.940091348815281 0.942097691723244 0.9431129741910116 0.944622836326703 0.9462452921005344 0.9475999063846543 0.9492900063443681 0.9496670597514353 0.9516619640216212 0.9525481290762554 0.9534588245141664 0.9549049277263846 0.9567235595513318 0.9586277693848163 0.9593937523256983 0.961836860389368 0.9631954385665261 0.964781616795949 0.9659306990092729 0.9667209826187411 0.96840705743189 0.9696740072641797 0.9704382265303269 0.9727997289398352 0.9733433778371806 0.9750915713117198 0.9765654106782838 0.9771814609380504 0.978547404052878 0.9798147749842013 0.9816810307825237 0.9826969223943252 0.9845258004242885 0.9848737550972222 0.9854495627192978 0.9879591535205139 0.9891302351770151 0.9892476986947867 0.9915853137715448 0.9924129525526808 0.9931259509134553 0.9955250742518833 0.9960872588829014 0.9989609858746488 0.9995449049330247 1.0008137390444287 1.00285923051169 1.0059647712912794 1.0069726956479075 1.0079105609306476 1.010142246736469 1.0114185675207137 1.015316592597654 1.0181060238750408 1.0185511757987544 1.019777396085445 1.021221840998767 1.0234102977844022 1.0257454108219215 1.027994770227741 1.029495205730028 1.0319220576422712 1.0363800280918634 1.0387449953796781 1.0395525653890236 1.0411603538324905 1.0454195980576642 1.0458508770375161 1.050464678410031 1.0619627237776899 1.0823786206613948 1.3334725382672268
186 6696 0.3074999540753075 1.3339654947923698 0.8879509708342191 0.8879509708342191 0.8953714764356935 0.896734679548778 0.8998522791484986 0.9028422025509864 0.9042573189903923 0.905984639779085 0.9082533983976907 0.9094938007554563 0.9121128569988701 0.9131386421198981 0.9150652320078999 0.9152459780821871 0.9161245180508044 0.9179421915947565 0.9179817486208219 0.920957935170775 0.9234647176141183 0.9274680456520723 0.928515785228135 0.9289011360912955 0.9305432399482921 0.9320021209117121 0.9339210836813532 0.9348450168248928 0.9358782140680153 0.9364990043244673 0.9389202402004392 0.9396631517921705 0.9421895362533861 0.94336950861908 0.9442903173535097 0.9465454045614153 0.9475617237465256 0.9485704678107163 0.9492250272835813 0.9523354105677436 0.9529332971670609 0.9540135026339388 0.9547206468033609 0.9563400908136271 0.9585720939702425 0.9596314182202972 0.9605886445254597 0.9632738047953024 0.9647523341749409 0.9654124790852336 0.9669790044177496 0.9684020466549716 0.9691309713076068 0.9702166790173893 0.9718630264587755 0.9723893716769545 0.9743178066717639 0.9762200944930424 0.9773966608627099 0.9789006941266971 0.9794448892285105 0.9817829245500151 0.9823946649944928 0.9841450454189377 0.9844619344758783 0.9854362378133338 0.9881410998587802 0.9893316200739559 0.9899190597812394 0.991567373486885 0.9928015660492127 0.9932173166516324 0.9957887958593686 0.9966609415918278 0.9992704414415172 0.999546458664332 1.0012589688283893 1.00267552961505 1.0054406605662816 1.0065955197172354 1.0075246624388159 1.0106295808528802 1.011866265222761 1.0151611508840168 1.0169151923032327 1.0183591007080073 1.0200159736715562 1.0212049555111782 1.0231550785549681 1.0255591331960883 1.0280276934486376 1.0293547209001466 1.0320372776937783 1.0365231027831854 1.0381406859551667 1.0391365023176775 1.0412462566076695 1.045284260568793 1.045709282828769 1.0502018635236652 1.062056260014412 1.0828981392486041 1.3339654947923698
187 6732 0.2977599979420474 1.3336208341594828 0.8869871476562136 0.8869871476562136 0.8953075300448949 0.896675064977025 0.8992742392899377 0.9027578515989106 0.9039204791285627 0.9061293243222538 0.9080257383836017 0.908468621578553 0.9112350090106999 0.912056819179973 0.9142800304556651 0.9150433035407651 0.91532923232524 0.9175151724112302 0.9183800206511389 0.9207870677548765 0.9232649288259619 0.9279988669439946 0.9282854697151979 0.9286878894581927 0.9296747305577548 0.9318771675185831 0.9337939549093727 0.9345546461830112 0.9362763837394091 0.9372881543373724 0.9388320622213295 0.9404670819873654 0.9411144693784497 0.9424200697838981 0.9440627343499653 0.9465455880904813 0.9477139499033865 0.9487728117033625 0.9489031975688292 0.9520609883713034 0.9525632088349972 0.954686094873048 0.9552083672234872 0.9565602001640021 0.9585817417404461 0.9595886955047639 0.9603456139655602 0.9629090030020421 0.9644962455345781 0.964997978164611 0.9672371030087895 0.9682664779734024 0.9685735528113356 0.970074735385624 0.9713290168338231 0.9725583770865724 0.9742059654840662 0.9757242300054728 0.9775512402387534 0.9790502041544112 0.9793689393199254 0.9813746598311779 0.9827726978665959 0.9833825088407129 0.9842288417010956 0.9844646457610312 0.9879614379831303 0.9892574393240823 0.9904269092123803 0.9919564995432789 0.992663872283885 0.9934784656920692 0.9959134605647887 0.9965286665778426 0.9990213455626518 0.9996912188117467 1.0010600963988519 1.0025085119411414 1.005620519214232 1.0064781582610904 1.0073313475944998 1.0111909609829621 1.0117984596170844 1.0151574355157353 1.016454918767322 1.0176676815757018 1.0196983639729447 1.0206406138403454 1.0223134431093348 1.024750584516094 1.0278543206025181 1.0287845783211718 1.0322286045409435 1.0372708969361624 1.038142806852354 1.0399748565280789 1.0425344446461198 1.0452462354985306 1.0459216678007452 1.0503281734782364 1.0625102568693054 1.0824128325652436 1.3336208341594828
188 6768 0.2893273913185238 1.3327197800424229 0.8871064555610259 0.8871064555610259 0.8951784750330908 0.8959785117736309 0.8991344095452043 0.9028344474064971 0.9036537278242153 0.9058940608913344 0.9081053753759967 0.9081429824292867 0.9103676600153978 0.9122819100525082 0.913086376433628 0.9151249885902101 0.9156723447542181 0.9173379578981621 0.9175923752308198 0.9211619274933655 0.9224975710841139 0.9268573988246642 0.9274490851864686 0.9291014021566568 0.9302354161717368 0.9314975888795852 0.9328917932381774 0.9343118188578546 0.936325480851602 0.937252891512859 0.938419961616609 0.9401533884978698 0.9409389115168244 0.942544704771229 0.9435666308855487 0.9460548911898086 0.9473189054250587 0.948170007422837 0.9489167900051394 0.9519170674517042 0.9522153123743787 0.9546913139327902 0.9552123627838618 0.9563288363603516 0.9583404509279134 0.9596653086318071 0.9604260017999683 0.9628657737191656 0.9640800985719776 0.9644361093250653 0.9670521174731094 0.9672426516148399 0.9687306934164769 0.9697403021076543 0.9708436301556923 0.9729443192429279 0.9738704909030832 0.9758962368155956 0.9778663065445374 0.9783675269783627 0.9797250627761324 0.9811192722583203 0.9822294039473204 0.9828520028545344 0.9841301775615859 0.9847000352926568 0.987571048191099 0.9894312652141782 0.9902293128262382 0.9916066715817455 0.9923279617727481 0.9938815811360764 0.9951898202141992 0.996154897116717 0.9986012154607514 0.9994569170246645 1.0017473520746707 1.0021341840944487 1.0052410400218041 1.005714586643823 1.007454836686232 1.0119481450128591 1.0122049081292 1.0153441862604045 1.016776207921222 1.0179061128287843 1.0197625805496704 1.0203582868578478 1.02158299951123 1.0244442734222736 1.0278453796484872 1.0289541780821438 1.0323231298595403 1.0370438756149216 1.0388945022801648 1.0394647024187504 1.0424599972810729 1.0449361434202902 1.0459877994374691 1.0500457859290957 1.0618418878269857 1.0822639095301243 1.3327197800424229
189 6804 0.2807991943965269 1.332849258094926 0.8867705135633448 0.8867705135633448 0.8950083938853703 0.8955653049631345 0.8992622289946178 0.9028805273996191 0.9030629396244091 0.9059035409111073 0.9070877332801296 0.907680122524633 0.9103842836867373 0.9117976674088518 0.9131926799832163 0.9150606701791378 0.9161458983293597 0.9169377890126036 0.9179331213699088 0.9206925799994329 0.9223411508255164 0.9269423021179718 0.9272694594555212 0.9286921392708524 0.9300509009202759 0.9310357151790476 0.9326359013353355 0.9340239850073168 0.9356111432190558 0.9366489301666022 0.9388208907538829 0.9400759967937364 0.9405733889836395 0.9422418272900829 0.9436961777600044 0.9456724985730615 0.9471446495871773 0.9483622953239857 0.9487227923389202 0.9511837428465827 0.9520848129386535 0.9541686188841111 0.9553981724999773 0.9571385788292911 0.9574609408698018 0.9591525036083284 0.9598255377826838 0.9630435102119793 0.9641114609918736 0.964904223426408 0.9666626565873506 0.9668809180626349 0.9690095488738144 0.9699946378787772 0.9710692380935374 0.9725652202027675 0.9738573855152435 0.9757014909470838 0.9775219762752607 0.9781418897246962 0.9789702171122447 0.9812552263645459 0.9821064724070402 0.9826127881510837 0.9843378528784776 0.9855134733341421 0.9880767338459329 0.9888972213984558 0.9899826190842212 0.9919491124472214 0.9922095687814239 0.9936589942856714 0.9949807390714336 0.9963125552726735 0.9989678241919155 0.9995388361516778 1.0017432136506292 1.0022155243276347 1.0047375604907371 1.0048891473569075 1.0076906480654382 1.011164950416027 1.0120794584047292 1.0153770657394379 1.017160200568117 1.017238149954734 1.0199051834639716 1.0204329243104657 1.0212456439963813 1.0247028755606975 1.0272921618689392 1.0285785643878287 1.0323786093525582 1.0370625470072399 1.0391279652701095 1.0398674953728626 1.043130799859612 1.0443017971196509 1.0458033718187179 1.0498218416871747 1.061301409621616 1.0809161223786292 1.332849258094926
190 6840 0.2736713013922597 1.3321818113863382 0.8867895979564843 0.8867895979564843 0.8946355257865544 0.8953939887497133 0.8986070937301721 0.9020442991003447 0.9030836908589754 0.9059104354367887 0.9066824898960406 0.9076863371820546 0.9101058568208578 0.9114902418349119 0.9129135615775591 0.9152051395333505 0.9160828466749531 0.9167509438194219 0.9184342122559119 0.9205241177061104 0.9226580913609046 0.9262549002739738 0.9270756190438396 0.9280257182980298 0.9299372267974683 0.9305760622122632 0.9326325279825474 0.9340947032409302 0.9354147139162023 0.9370519658162648 0.9386679133293637 0.9397395556329325 0.9406875393485251 0.9418150979808874 0.9439116078526574 0.9453802231542487 0.9473883756229469 0.9480170270284336 0.9484778834306727 0.9511449853302376 0.9519684203453298 0.9541725102205852 0.9558037507908882 0.9566714426527719 0.9583727425086753 0.9588789725884078 0.959679579571222 0.962121432112555 0.964076434452933 0.9644749428717783 0.9659024754424052 0.9670603462788756 0.9686563273725924 0.9703151834102794 0.9709064607625234 0.9726207210416685 0.9739586779034695 0.9759619703351217 0.9769779951159228 0.9775846188105646 0.9787093700473787 0.9809600694657028 0.9810946307969847 0.9816983001268919 0.9846574646798667 0.9857060319218125 0.988124129186216 0.9888287616273076 0.9906554303933449 0.9920383119373293 0.9927016827525823 0.9935726124052184 0.9942102489706532 0.9966720595446241 0.9990968023525176 1.0004152600385303 1.0009775849148481 1.0018082333720983 1.0043182471834613 1.0053504173978494 1.0077487690474418 1.0112035923058942 1.0120340356165 1.0151389251388423 1.016317703212327 1.0170347858110287 1.0198663099724155 1.0209891824067454 1.0218574824898632 1.0236166855288382 1.026719845034145 1.0281630333708909 1.0320640856053909 1.0379094881036615 1.038857606561663 1.0407222563414227 1.0425236421670414 1.044482846837753 1.0470757224372094 1.0496019246865889 1.0612943984072343 1.0809808600837691 1.3321818113863382
191 6876 0.2673416299206934 1.3319663312376686 0.8864995551134469 0.8864995551134469 0.8933462672260997 0.895394115915199 0.8990393550230475 0.902304427690884 0.9026755827880535 0.906270731524628 0.9069315326869166 0.907785291042173 0.909452829751764 0.910621461672913 0.9134420898026225 0.914597991353724 0.9159241507302467 0.9162697381063535 0.9187224723026262 0.9198031960549914 0.9215065934494242 0.9251095745880855 0.9268393523324461 0.9277038973182717 0.9300098336471795 0.930353607035529 0.9313939988665915 0.9340483947733143 0.9353255185624443 0.9373176045590453 0.938104901552185 0.9397215525875754 0.9407830464352427 0.9409685982418706 0.9435973689766045 0.9451803851336581 0.9468943434553205 0.9481655560704791 0.9485873815745702 0.9510021369472598 0.9524407357957734 0.9540388854936683 0.9549736661224414 0.955951339995701 0.9581198862222596 0.9588905063292351 0.9596003852410067 0.9615748479772136 0.9637305023366198 0.9642396256649947 0.9656412589430403 0.9668716511711449 0.9688846406648421 0.9699891864769313 0.9713164388323166 0.9723471368886409 0.9736056215763799 0.9753405341314495 0.976419188823587 0.9776594549914261 0.9777877111880927 0.9802648391289119 0.9816751739590581 0.9818389856698237 0.9845152801555793 0.9863436607367736 0.988033670541784 0.9892933394484138 0.9904466550057909 0.9921129812063545 0.9929003390640301 0.993221295852465 0.9940287918061397 0.996605048735289 0.998533819285797 1.0001326291195909 1.0008120558926028 1.0018569895267604 1.0044667169557562 1.0052275971385682 1.0081256743037892 1.0112503068341385 1.012489529894453 1.0144154385916793 1.0161235983963148 1.0165169274447334 1.0190363330911032 1.0206152587566273 1.0216783377964753 1.0240851063809402 1.0270868685518786 1.0278882371807962 1.0316919412890255 1.0381406746236512 1.0396458254338086 1.0407283598108552 1.042087663678316 1.0453210219514564 1.0473513756960893 1.0497968570262086 1.061632897267265 1.0804628401654703 1.3319663312376686
192 6912 0.2605329861295842 1.3306327375278535 0.8862441146573878 0.8862441146573878 0.8925974599625133 0.895014679369768 0.8990374312472932 0.9015369895740246 0.9028471379856283 0.9060767678565994 0.9061037998350843 0.9070634901725622 0.9089552396238654 0.9104906854806839 0.9131012750897447 0.9144795771235708 0.9153414656596718 0.9159352299722858 0.9178497082180729 0.9194835902830213 0.921578690156625 0.9250668487356973 0.9266255860555968 0.9273677769083294 0.9298475362070775 0.930624016723127 0.9312682789366622 0.933033480292058 0.9353445432786942 0.93694629603666 0.9379012842038804 0.9395467327163594 0.9402170967240961 0.9412723327041622 0.9430563892687958 0.9452053914737205 0.946879557169707 0.9481783424772211 0.9487652413700683 0.9511278422128665 0.9520580330194923 0.9541338988520562 0.9549996145668616 0.9564071252951403 0.9574621863607962 0.9590299607458154 0.959973533603523 0.9616994240907657 0.9634525290865116 0.9636921935417163 0.9653930359321287 0.9667332625843967 0.9686549010207283 0.969734784629686 0.9711012853881064 0.9719357751587999 0.9738788849635168 0.9750832192922171 0.9761475771839986 0.9766005679496396 0.9776011904410887 0.9794434282126836 0.9807960194638604 0.9820374472016251 0.9844004728055299 0.9863013737265081 0.9876006713065072 0.9892290065660674 0.9896868795168752 0.9919336982970608 0.992224103456888 0.9932719169623369 0.9939519385205806 0.9964567851254985 0.9991501025194199 1.0000676174390764 1.0010376155261544 1.0019001071887694 1.0049012465018687 1.005552000413093 1.0085419838715 1.010403423854994 1.0126726848730896 1.014507508433637 1.015648079507949 1.0162505218099627 1.018832281010744 1.020459732347544 1.0220512583156838 1.024295780448094 1.026571371433548 1.0283981928569403 1.0311907894298995 1.038655862097165 1.039795893953824 1.0409179761038019 1.042502591139764 1.0455207762412178 1.046843501224279 1.0505792014884328 1.06115390650104 1.0812498432291442 1.3306327375278535
193 6948 0.2528305785794679 1.3300051068839147 0.8857363182510458 0.8857363182510458 0.8922734597138233 0.8944584688721122 0.898096982983792 0.9008613363609701 0.9015257314375333 0.9054244596735447 0.9060070749479071 0.9061560367810441 0.9086252445381844 0.9104837048808035 0.9125453081401974 0.9137009014511661 0.9146628396752208 0.9161078379076107 0.9175843942765004 0.9195586974113263 0.9217808712265024 0.9247422034276381 0.9259523926601891 0.9267703415015928 0.9297159881382236 0.9303199454972301 0.9308998054710179 0.9327635171895916 0.9351333784612995 0.9359348584273359 0.9375332032655026 0.9395914948635375 0.9397327790233805 0.941304565568225 0.9431038397119139 0.9453724722146343 0.9464967617730364 0.9474818126639756 0.9492489920433256 0.9505624123989409 0.9517385149516023 0.9537159859004533 0.9544311091878341 0.9563147687655699 0.9571049305564875 0.9590371664031235 0.9596881120631269 0.9617584332560337 0.963563484373434 0.9643061094542672 0.9654654278452529 0.9664820536722487 0.9688455160252972 0.9698448940730291 0.9709977815780363 0.9719700261411136 0.9732947666419687 0.9742034163340104 0.975514425506797 0.9764010057108992 0.976918040530743 0.9794108515558013 0.9810903354455919 0.9824517164451131 0.9841286412471951 0.986374771554945 0.9865658453283163 0.9888751785113182 0.9901080312364684 0.9914417044404483 0.9922867831371456 0.9926342512436124 0.9939684958789482 0.9964117265829588 0.9990942948872048 1.0001887403100473 1.001066985158174 1.003136344904377 1.0047039577596875 1.0068552082855688 1.009306983257003 1.0104737205316177 1.0130283761559424 1.0143850954594131 1.0161170006045472 1.0165269209434507 1.0190216254666544 1.0204479362781294 1.0226972135756474 1.0243490561714628 1.0267235218910498 1.0285820408675745 1.031648383529555 1.0389507594649454 1.039994631613649 1.0408260815222512 1.0423324335982074 1.0448535110094823 1.047322337150242 1.051030919986628 1.0620883505936636 1.081908228149326 1.3300051068839147
194 6984 0.2471708223540597 1.3293311342060483 0.8849413117557351 0.8849413117557351 0.8922912746680172 0.8940518016363723 0.8977915936037159 0.9001772388108983 0.9011564297123628 0.9051289840433412 0.9062666950637063 0.9068123183397303 0.9084343696812361 0.9105481423401561 0.9120518130645465 0.9136754741910345 0.9143983255818167 0.9162674429121471 0.9178706231369184 0.9193192364323268 0.921720265297163 0.9242823905870842 0.9252467085609736 0.9267602260824148 0.9290106123611314 0.9304231790775516 0.9312909627023609 0.9326371793873729 0.9342601272321959 0.9358481709920647 0.937544097567282 0.9393568795085302 0.9403870302424561 0.9405187694531812 0.9428917144516232 0.9449747208951994 0.9469231318244635 0.9471178051285052 0.9483693394137664 0.9500222299396857 0.9516442134626235 0.9540127968043757 0.9546802367040981 0.9553771394296253 0.9564085781134287 0.9591211214221357 0.9594310646152499 0.9616998225420321 0.9635885942130733 0.9640192472118257 0.9646858908483636 0.9665577767301876 0.969136220816272 0.9699456144878125 0.9711827362230565 0.971900605842262 0.9727858866866128 0.9745159463831418 0.9759677805234152 0.9767199260706206 0.9771188653489806 0.9791802239127874 0.9800980277336822 0.9822871967492233 0.9831783407752007 0.9856011381341373 0.9870752442151981 0.9884906356270786 0.9901709052023222 0.9910517774065186 0.992007330525972 0.992418817464222 0.9939437761493579 0.996967082940806 0.999394081526567 1.0000330457752986 1.0010227986800608 1.0027658073349306 1.0043850865987032 1.0054140772409839 1.0083699376260726 1.0108519057736953 1.0133530375508883 1.0142478384393585 1.0155118221664152 1.0167988921947082 1.0184962528387784 1.0198842825730374 1.0222400184926226 1.0252036825092978 1.0266360110492816 1.0284760396316912 1.0325827966878058 1.0391406576095195 1.0397930984318773 1.0411286540614153 1.0434905493795457 1.045267043361185 1.0473723998803257 1.0516233464940525 1.0620266044582523 1.0826264122779117 1.3293311342060483
195 7020 0.24096056299638458 1.3274397704162608 0.8846118368640387 0.8846118368640387 0.8928641513675747 0.8938729636385566 0.8975774070624607 0.8999361518948434 0.9004706158899982 0.9046486719876312 0.9056232179798908 0.9060938871191592 0.908181791062399 0.910752133658667 0.9117168180204276 0.912916874373515 0.9147096337946811 0.9163184673618694 0.9173971145727304 0.9188966145436236 0.9211742137135768 0.9237422171704024 0.9255123887715194 0.9266190929313033 0.9290519881929803 0.9301135338729836 0.9313276153040627 0.9325529256270682 0.9341642959980184 0.9368086748962836 0.9370748788098107 0.9391176873549761 0.9404313112149372 0.940560142165107 0.9425504148798122 0.9444736773904361 0.9462928443127145 0.9472213972130153 0.9476499331683201 0.9499960279287892 0.9515117420322884 0.9534633956734442 0.9542326240265104 0.9548150146643319 0.9562800171543246 0.9586159711845654 0.9593064852812597 0.9625103529009073 0.9632317604876928 0.9637557104290678 0.9643291301418334 0.9664002918195637 0.9686300636200874 0.9696579356059809 0.9713420156441939 0.9725383489294884 0.9727131248225908 0.9744024086793448 0.9759343283675008 0.9762007915173119 0.976586299021559 0.9800466331346253 0.9805236777706217 0.9826117747916985 0.9827882238092948 0.9848068904016167 0.9870598230024976 0.9881861315138635 0.99003740174824 0.9905968017025908 0.9918157411344449 0.9931801564613285 0.9934282258246409 0.9973007137295508 0.9986862990610764 1.0006981204507925 1.0015285636375213 1.0022186636471804 1.0046534911648146 1.0056575388534883 1.0085189062197581 1.011430430476698 1.0133649063949033 1.0144311606643341 1.01517864031511 1.0167236577089749 1.0191349318530805 1.0201855089309142 1.0217285982736792 1.0255406308074881 1.0269601022333004 1.0286268285896838 1.0316892352867606 1.0391056812488668 1.0396300283270892 1.0411650150882013 1.042735780707839 1.0447837913396774 1.0484306518346898 1.0515940323780353 1.0622496982566958 1.0829224423162374 1.3274397704162608
196 7056 0.2358454503477694 1.327519337437101 0.8841385574389148 0.8841385574389148 0.8925443605801182 0.8937827811479239 0.8975169562918709 0.8991259595603306 0.9003605554949619 0.9040491279030085 0.9044034896060366 0.9057945522841513 0.907937016545193 0.9105173232421718 0.9113039538505958 0.9126716511587799 0.9141783143977305 0.9156252271644244 0.9168564209936451 0.9188151767776144 0.9208717980863439 0.9233969329711176 0.9250626041563063 0.9267751057739766 0.928566172655282 0.9296702119909372 0.9307243200603529 0.9325102589129293 0.9334548356816048 0.9363795273892274 0.9368250187174487 0.9387394131259449 0.9401790854682577 0.9407777648504666 0.9427402978662268 0.94401113620135 0.9458653687053471 0.9468849611786693 0.9471112803587738 0.9502899219861978 0.9514341373735469 0.9533008604178974 0.9541893996999234 0.9547060629957458 0.9552818926282058 0.9584629359603734 0.9589072629314552 0.9622689687593408 0.9626704333230194 0.9636304541580399 0.9649492184859015 0.9658428961264213 0.9679836959033336 0.9689589299186304 0.9708216638681041 0.9721885980500589 0.9728232864716325 0.973840023774091 0.975772008474312 0.9764041892136632 0.9768615820654651 0.9800907495922734 0.9803945024706535 0.9822627552061366 0.9830947038742582 0.9852213199996019 0.9868128255738121 0.9878726975061214 0.9898582414609393 0.9905571417143658 0.9917596469008493 0.9933689636679136 0.9939746135478168 0.9964735600045449 0.9985478266838842 1.0008354717597236 1.001506726948019 1.0028688228219367 1.0045606015944084 1.0058463601984575 1.0091503315784844 1.0122277353775209 1.013105268933258 1.0144533551633266 1.0164931119266702 1.017001832552257 1.0186808989937068 1.0199145903905733 1.0219001515453014 1.0243125108290116 1.0260667877315397 1.029122160764777 1.031740940538499 1.0391615410019661 1.0395466845933663 1.041737492686766 1.0426284194117756 1.0450030989242582 1.0487670282449892 1.0514349264267453 1.0630081120912234 1.083072985314094 1.327519337437101
197 7092 0.22751867722686087 1.3264508166523483 0.8837392354247715 0.8837392354247715 0.8921829949424718 0.8934997377997935 0.8969415695913449 0.8990163329811898 0.9001776828701763 0.9024523518653819 0.9039279813348745 0.9063222037695645 0.9075735583697064 0.9097384644881845 0.9104381677421356 0.913074349338346 0.9137111515214229 0.9155003704295819 0.9161602362285048 0.9187311483780216 0.920967879690021 0.9232959111796927 0.9251134228114999 0.9263800671509911 0.928514067468492 0.9295637203820206 0.9303082321904297 0.9326711177405914 0.9334862093722525 0.9355991920837615 0.9365020179452062 0.9384348058024913 0.9396192272193571 0.9407316081482244 0.942522331050928 0.9430439842123147 0.9458106370679019 0.9461216628036635 0.9470230703809887 0.9500135219272791 0.9511548496004584 0.9528195078661533 0.9542670857540893 0.9545155021605627 0.9545730887035871 0.9579557533866875 0.958032081471052 0.96224288994805 0.9622725591723275 0.9634404397022938 0.9646933700331907 0.9651495706457522 0.9676299884524862 0.9686905076107929 0.9701868118832448 0.9722279879221715 0.972773956285409 0.9742633550971005 0.9757324336682212 0.9770679296723346 0.977609314614998 0.9798567460179696 0.9813091172361946 0.9817456235378714 0.982849919821544 0.9846471689274214 0.9863048237679103 0.9878796041959806 0.9901038179243615 0.9905318788802298 0.9921150750831599 0.993636969647553 0.9941973421258729 0.9961618851863783 0.9986406851801753 1.0006888997126706 1.0015601185859493 1.0030303624370849 1.0044507976314003 1.0060051893075004 1.0093584851562505 1.0120422822336028 1.0132257702462641 1.0141097758576418 1.0161664136069193 1.016667075663573 1.0179740712493206 1.0198991317276176 1.0223453139417107 1.0241274063066081 1.025740828246825 1.0297083020076785 1.0319982852854823 1.0386182549451872 1.039757254950206 1.0408283993464489 1.0424440841495164 1.044814248180237 1.0483010289363774 1.0513427644205882 1.0627430121043782 1.0841953524823456 1.3264508166523483
198 7128 0.2193908508330172 1.3257114329904818 0.8829729220841503 0.8829729220841503 0.8915282186138541 0.8930196897181463 0.8967099943922908 0.8986352425172953 0.9002855867903804 0.9030245036892126 0.9034914032331594 0.9058346213251084 0.9076319073745918 0.9091315786396441 0.9102784638869301 0.9125065233078316 0.9130913932499801 0.9151105341745126 0.9166704207902501 0.9185316205441483 0.9206730602182918 0.9237833962612169 0.924596907504755 0.9263262627427377 0.9282755381353593 0.929072358963571 0.9303945044570802 0.9325870242176642 0.9334179000540825 0.9358062110816604 0.936907004894206 0.938045791912906 0.9391573318486254 0.940051401258087 0.9420011568144621 0.9428813604731108 0.9449483139724698 0.9461216717922342 0.9473926272215806 0.9495925825945801 0.9508665172850288 0.952397323233198 0.9537991944330543 0.9540718917651927 0.9545569371989535 0.9575447274894537 0.957791212625064 0.9621943853435895 0.9626277527094035 0.9633943676435612 0.9638046880444576 0.9646407144885133 0.9673230589597122 0.9681013028573944 0.9703284720992409 0.971885269552448 0.9727994200171048 0.9743453066103929 0.9755577497424409 0.9763374242616618 0.9777014185931494 0.9799829979668166 0.981354981222494 0.9823171874152772 0.9832661155456413 0.9842974718184155 0.9867185686258154 0.9880033720536543 0.9899681527228065 0.991172434856705 0.9916217673053772 0.9928960558142697 0.9947088040745392 0.9970258206046815 0.9998559230270826 1.0004634833383332 1.002816045665079 1.003619345188591 1.0052783064639126 1.0054940176359979 1.0087477515875107 1.0117677600442876 1.013106728194491 1.0138377069444942 1.015466643036281 1.016149955536035 1.0169169490828665 1.0200100879534326 1.021806797156496 1.023859931491752 1.0254547796518774 1.030708046373628 1.0321449326134378 1.038591726623739 1.0398718521764543 1.0414552735383753 1.0423651674925665 1.0447080756974365 1.0482234794760468 1.0511225580319994 1.062575253193103 1.0844831692385515 1.3257114329904818
199 7164 0.212360323355817 1.326264416547409 0.8828112014050072 0.8828112014050072 0.8909811933001698 0.8929884918499407 0.8960561775576197 0.8977125102688631 0.9008856871004539 0.9021050592316981 0.9032716426565283 0.9055503529718447 0.9073922897320074 0.9089502891745452 0.9095026300041886 0.9120263842995615 0.9132942850410705 0.9147227251824602 0.9169060047888953 0.918504385721204 0.9199940421254376 0.9234835061218409 0.9244000366376542 0.9260239976655659 0.9276060577752937 0.9284510851735788 0.9298802815152495 0.9324154354215751 0.9337274161776659 0.9356329228434379 0.9373575057787606 0.9377090323043115 0.939438027040989 0.9402895371162404 0.9414215676101918 0.9431959193097437 0.9453168754059956 0.945940789118526 0.9473643290716675 0.9495150855197094 0.9513057121535702 0.9518643900794711 0.952955648115422 0.9537534102035994 0.9545066047790819 0.9572691312714033 0.9579299426756843 0.9615628091622203 0.962427741268684 0.9631120898871869 0.9634885493864432 0.9638414101800918 0.9665332146068379 0.9676576783021429 0.9703696292651538 0.9714497005891102 0.9728006915729569 0.9743743199250308 0.9746927651400527 0.9758000863405145 0.9771533318938248 0.9804387275673649 0.9812176132453027 0.9823192955946836 0.9839467140198114 0.9849273941211082 0.9869370742239312 0.9882449440703909 0.9902091990841869 0.9911684689708044 0.9920502991968925 0.9931301331451522 0.994756918244766 0.9964980483890689 0.9994020292883689 1.0002449841894006 1.0028943238528332 1.0040348724852255 1.0049904921549881 1.0052919650522276 1.0085937415636315 1.0112212524086757 1.0131377595563196 1.0138079192801777 1.0147684149510723 1.0163887222246717 1.0169718500329676 1.019649991548853 1.0221211283530625 1.0235943641831216 1.025877087331914 1.0307793280394029 1.031240369973695 1.0383756389994951 1.0399315497533765 1.0415631384192185 1.0426644345252285 1.0447542270032815 1.048729546449304 1.0518254094109765 1.0620056296459457 1.0850298119954163 1.326264416547409
200 7200 0.20831773921168484 1.3255284776486398 0.8832525959791963 0.8832525959791963 0.8909442406111898 0.8926612366220712 0.8955824577062043 0.8974722368531693 0.9000488128029004 0.9011534054544982 0.9031722235281134 0.9048666285031226 0.9071495134200257 0.9083464824284576 0.9088741858566284 0.9106625855939693 0.9127108411429453 0.9140814557940857 0.9160211657606203 0.9185020438951367 0.9192843167715808 0.9231567847290212 0.923661597411883 0.926493568202207 0.9271154355140249 0.9287662020401592 0.9294702714735795 0.9326952486066034 0.9333286606403864 0.9354301007095884 0.9371346632725058 0.9383204813707406 0.9398970527243153 0.9405419055233006 0.9409228655552171 0.9429894158533977 0.9449598023400195 0.9458270793746443 0.9467446047872312 0.9494644768332626 0.9509262943236353 0.951124801880002 0.952031306966712 0.9537557496852922 0.9551063397887467 0.9568418842875366 0.9584090928126855 0.9608977994080045 0.9616308099498225 0.9625063963669074 0.963375075178932 0.9639077939714642 0.9655179401644759 0.9671106546630617 0.9703601972768257 0.9715504016367609 0.9729481087584053 0.9741445992876636 0.974704916755243 0.9753138194022916 0.9767220495349153 0.9797769582388326 0.9806005782188595 0.9818235701138277 0.9835517479564154 0.984802792782584 0.986775820777394 0.9883233386772892 0.98984374512595 0.9905835994584269 0.9913707075325674 0.9931520114798909 0.9948130805388452 0.9962119381516389 0.9981974432309391 1.0002339474803552 1.0030403875908387 1.0042818166368146 1.0047912056372046 1.006047891760947 1.0083238703422088 1.0110660222105632 1.013872390982968 1.0143079491511715 1.0144529323543487 1.0163386901384779 1.0173890761902653 1.0195098911970946 1.0225462802677023 1.0235406540613783 1.0262820206721057 1.0302796145153754 1.0313919519675592 1.037950086187772 1.0400996859823453 1.0411943443257254 1.0427418498560224 1.0456651317987993 1.0487457893211396 1.051873350428048 1.0626711389923384 1.085340399209524 1.3255284776486398
201 7236 0.20404081839252416 1.3250932871478163 0.8830061473020767 0.8830061473020767 0.8909420556095734 0.8918211921731561 0.8949540704955781 0.8963074125856477 0.898907666804625 0.9012663731527791 0.902861751792703 0.9052716017174977 0.9074608219959972 0.9076969691105841 0.9088654187446914 0.9106688525603214 0.9125758486065328 0.9140093045235325 0.9153984304538341 0.9180387905467667 0.9194206806524609 0.9221938832645825 0.9228120455859116 0.9263386249307208 0.9268093892516889 0.9290051977161273 0.9293923626550524 0.932422396665232 0.9335193573033009 0.9351750027246396 0.937224606625454 0.9383506932934659 0.9389472673456561 0.9397802471827014 0.9409584015869239 0.9433709734126055 0.9458799429735553 0.9462386490612065 0.9468730508709219 0.9496967553864367 0.9502399418377078 0.9510835851053058 0.9529891177398573 0.953602746086382 0.9545807100125472 0.9565342926662742 0.9582973728811597 0.9605272190509229 0.9615529512760476 0.9620122941203116 0.96292565102267 0.9643465163898255 0.9654819100351487 0.9663506011291659 0.9700336548309215 0.9713694021651198 0.9726591680758204 0.9735116149157781 0.9744094310441206 0.9754476406361021 0.9767775516115607 0.9792792101876207 0.9805483318346193 0.9814984968916051 0.9830936469711363 0.9843971034697176 0.9865016597672389 0.9881024066615129 0.9897484475898481 0.9909774720759303 0.9910755841145287 0.9933725168919282 0.9951983883960224 0.9959207957952645 0.9976409826488101 1.0001139955216023 1.003252438641633 1.0044934182004392 1.0050823054020785 1.0065350100364772 1.0080757920282897 1.0105402402145536 1.0138578446766482 1.0143360397719745 1.014770809474028 1.0161076622483842 1.0188776645310473 1.019576864980924 1.0220978074976965 1.0235612311864362 1.0269943040518177 1.030028604912917 1.030487819889224 1.0371970477643355 1.0406056020362293 1.0411852081481099 1.0444043159490626 1.0454761780829576 1.049477570684118 1.0519561422075234 1.0620007372029383 1.0851796946449683 1.3250932871478163
202 7272 0.2000677558408903 1.3239292518616972 0.8822861221791305 0.8822861221791305 0.8901311388276034 0.8920280806089206 0.8947085968046594 0.8952864763452419 0.8986353902424904 0.9012392447957863 0.9032184691171201 0.9045738832065893 0.9066943288572266 0.9072612134137684 0.9081735819640387 0.9107721489312308 0.9121490978803771 0.9139436492405237 0.915347331607995 0.9175494078136733 0.9193169798008349 0.921390467376803 0.923695128347054 0.9254006735015189 0.926631319397741 0.9287167996355353 0.9293303823925161 0.9320909641131029 0.9336297342902699 0.9342930059700105 0.9371832174956256 0.937745907127636 0.9380862107583531 0.939751995236354 0.9411399932782881 0.9428423217056731 0.9464840085009366 0.9466606052889298 0.9469232103227103 0.9490308693944299 0.9500532600636379 0.9511417962893124 0.9526732901555579 0.9534604696339435 0.9546232202989743 0.956730678423469 0.958459986516619 0.9596677465987278 0.9615784732677896 0.9619382062029637 0.9628143204196602 0.9645809039469239 0.9654846571775032 0.9664495582554236 0.9700972892947016 0.9712433148587819 0.9722372653303963 0.973649179180942 0.9748712514709257 0.9751684563326524 0.9768747180465525 0.978982335526985 0.9804073846483925 0.9815282527511574 0.982927264104214 0.9844776250911867 0.9856144711364184 0.9882425847526588 0.9892735545066352 0.9905025808506103 0.9908321142706088 0.9933448548141657 0.9954445719256013 0.9967094357967282 0.9975089451469975 1.0005360211241 1.0025466509005652 1.003778873977552 1.0053742969578425 1.006711063991628 1.0082592780394877 1.0104173128670886 1.0135277291508469 1.0146412683141044 1.0157264273453914 1.0163347730652166 1.018539994720268 1.0195624651203554 1.022574178515786 1.023309155472558 1.0279507415317792 1.0301590692126685 1.0303735587311615 1.0362710389400636 1.039621506822124 1.041024570616317 1.044240603922187 1.0453601107911683 1.0488260643174427 1.0526819102726641 1.0618926091575234 1.0863021704165934 1.3239292518616972
203 7308 0.19618244434039817 1.3246355287448155 0.882017595952655 0.882017595952655 0.8891943071873435 0.8917888696353817 0.8945119650556086 0.8952341415770371 0.8972835050068781 0.9005845557030421 0.9020317211743778 0.904656432581362 0.9060167174085167 0.9070379629301488 0.9076973882787837 0.9105671381075302 0.911724907337776 0.9140142965147346 0.9153137744005827 0.9171679867952983 0.9188782758635938 0.9209999374170933 0.9231818893448428 0.925074245165082 0.9268154171642323 0.9281752319467342 0.9294146661101478 0.93149984988849 0.9330824077186107 0.9343463977941552 0.9365894860435662 0.9372473387017685 0.9383854056606334 0.9392829686691031 0.9409881745824126 0.9432416881188226 0.9456167555587924 0.9464987353925168 0.947548701107385 0.9485572764784972 0.9489977385452829 0.9511924196703305 0.9518616468033961 0.9531576041568682 0.9543674912444537 0.9564360543147793 0.9581097186054511 0.9594038736618533 0.9612273902771249 0.9619487469807086 0.9633967461568899 0.9641281356140473 0.9651838153595758 0.967218270821027 0.9693605263208315 0.9716437954661495 0.9727025181842496 0.9741258420203507 0.9744657456048347 0.975447373075109 0.9770995593204601 0.9782037938515886 0.9806597972829396 0.9817534783022104 0.9823927010503559 0.9841356106727913 0.9858967312768162 0.9879572578086815 0.9893658892005264 0.9904186381768747 0.9915688248487591 0.9937107982554066 0.9951378101892062 0.9967241959341778 0.9976549079977965 1.0003412772045448 1.0020671890844106 1.0029958479902101 1.0048242127862685 1.0063128988311367 1.0081488302271582 1.010921567001273 1.0134360628439636 1.015110360422055 1.015591148966096 1.016063339634883 1.0189283132578313 1.019539596237874 1.0224011830155626 1.02349907991693 1.027995307626728 1.0299573190509541 1.0307326490622695 1.0362674887893013 1.0403369407955338 1.040788138357109 1.0435456356706516 1.0459030583103546 1.0495157112813136 1.0535689091338984 1.060883714362711 1.0858784681422073 1.3246355287448155
204 7344 0.19197880826738106 1.3245918316398386 0.8820539180636527 0.8820539180636527 0.8891058446929775 0.8914262725777167 0.8936273879218124 0.8954163542508561 0.8968813327869342 0.9001740268438786 0.9015492681193338 0.9042502169751713 0.9057258010299062 0.9066589731617996 0.9075045899784471 0.909377541845152 0.9114841609825524 0.9128515461263536 0.9156510028916212 0.9166915563443861 0.9189285215826047 0.9200582723017556 0.9230435583351887 0.9247430488009016 0.926514157506131 0.928529255222404 0.9293447010857339 0.9313233088434647 0.9329357747734692 0.9339331472451554 0.9358333451221369 0.9365850367796075 0.9377828485550195 0.9387037434941978 0.9405833263974065 0.9431227652064792 0.9458708792767248 0.9461438605791634 0.9476768104870855 0.9482333412012132 0.9493400707319842 0.9517782253081816 0.9521704885295181 0.9534444926221918 0.9536735879147495 0.95582366541173 0.9575535921559887 0.9587721507196303 0.9609222272666033 0.961892143927166 0.9626707787368668 0.9636171564459309 0.9652189587342034 0.9671084378150087 0.9692830690947274 0.9710393644534188 0.9723865775253814 0.9736341253562923 0.9741850155599576 0.9754978603475848 0.9766331325795283 0.9777162538036582 0.9796567725158458 0.9816362112538646 0.9824667523150227 0.9839297016577216 0.9858548081731896 0.9881743354121897 0.9884836255875915 0.9906476451106536 0.991333813400714 0.9934775015365561 0.9950608792761705 0.996843445730186 0.9981276516261514 1.0001515049724636 1.0014985535456944 1.0027912410434132 1.005032729733031 1.0061534001967565 1.0079307127244261 1.0105265807437773 1.0127689822587689 1.0151127674807112 1.0159099876483653 1.0159306189617867 1.0185290119229387 1.0197852302657817 1.0223710387095453 1.02350530523672 1.0285862068071727 1.0299643576640778 1.0306368492503744 1.036798757817102 1.039801655803973 1.0413590071608974 1.0447758754171776 1.0465733900630791 1.0494138431456155 1.0534895590759417 1.0614605797877394 1.0855035629477134 1.3245918316398386
205 7380 0.18730476075176425 1.3242796633237017 0.8809917092618931 0.8809917092618931 0.8887256655712619 0.8915279088360196 0.893155541698587 0.8949720587289777 0.8962781936506206 0.8995617117223405 0.902143467649666 0.9042819636903934 0.9060635612714835 0.9063054773105843 0.9074487477055106 0.9095016788563253 0.9116065329627269 0.9127512960004165 0.9153823921858374 0.9163464050848613 0.9173197012285172 0.9201975665655717 0.9239775364957327 0.9243802120010224 0.9261379864106672 0.9274971981427181 0.9288745070907145 0.9308965449253229 0.9324009890144889 0.9337443905182767 0.93499612199759 0.9359961414808529 0.9377517032931648 0.9389494985881173 0.9406774990768898 0.9435026458239073 0.9446995724419482 0.9457104150784138 0.9471543589657396 0.9479138983354788 0.9499717199833114 0.9515742077590398 0.9525729928417224 0.9532230110569028 0.954273034922347 0.9557710449147052 0.9572177236730759 0.9593572477276399 0.9601353996417487 0.9620079005956123 0.9622708200768595 0.9638259452097642 0.9652556337159381 0.967242041758777 0.9688560219114494 0.9708263308501032 0.971242237152229 0.9732474248319424 0.9737588993489902 0.9753368755533315 0.9765446969742549 0.9777266228021927 0.9791423341577702 0.9815593104412892 0.9822924053519797 0.9841564605897621 0.9856399141035143 0.9873995448008053 0.9892454634238684 0.9900978226457253 0.9913512871235363 0.9927280579717949 0.9946728624692462 0.9967901651648858 0.9977003895508303 0.9996661159636998 1.0009721381591465 1.002906796759132 1.0049678877529298 1.0063257108269483 1.0076930728118643 1.01035440273465 1.0126212443292646 1.0140632903257463 1.0153809107205094 1.0161616618072262 1.0177900912268047 1.0208221075171646 1.0222926362561546 1.0233379218671135 1.0275589849017281 1.030017486793801 1.0309286919627236 1.0369024334504164 1.0399059186785848 1.043398547671533 1.0445408372019789 1.046569515639421 1.0492979187072338 1.0535262816338402 1.0616475803649523 1.085790666464347 1.3242796633237017
206 7416 0.18358820023139633 1.3243639438335886 0.8801137073278256 0.8801137073278256 0.8878826686226592 0.8908593666961129 0.892012010942076 0.8946207650417023 0.8966465574455598 0.8991700658677574 0.9016295902372226 0.9034701894190449 0.9049123103994601 0.9058915322525697 0.9074338451667591 0.9106531580220553 0.9116464148041025 0.9124353008826802 0.9144643312001869 0.9164532683080234 0.9168195663510308 0.9204101500514338 0.9239385809152054 0.9241492084558686 0.9260572660998057 0.9273537452615926 0.9285068952855633 0.9306201873874564 0.9324447069756717 0.9338931154817348 0.9350970730212043 0.9353179538847781 0.9376108575330673 0.9383248391641708 0.9405289831049912 0.9432965608792694 0.9444912080775435 0.9451827086802341 0.9471085347226772 0.9478637815230834 0.9501857022817682 0.9515924399982305 0.9522626002137188 0.9531456129928457 0.9547036475170075 0.9554132204455575 0.9572121135457561 0.9588906562148918 0.960138256051666 0.9612260380556192 0.9620686902707356 0.9631855931230128 0.9650774523305888 0.9663587359450009 0.9684370659259041 0.9705152467929633 0.971370033824123 0.97302562541108 0.9734056375072992 0.9753999522135726 0.9767884934720598 0.9773550500013877 0.9786610880501291 0.9816255971273281 0.981834029242451 0.9834566940745917 0.9850181142430287 0.9868858215918659 0.9889664583037716 0.9892978071164178 0.9913509006070333 0.9927207559868071 0.9946709528368921 0.9967166568471122 0.997697802816652 0.9994752381406096 1.0006963271485063 1.0022595499884788 1.0046393749949583 1.0062124583678864 1.0080193408548386 1.010125427074082 1.0124408335570778 1.0137776854336218 1.0156397279383738 1.0162720611055422 1.0183665075878916 1.0204975678435968 1.0217532587079703 1.0233717973246141 1.0271292111996582 1.0300958488950833 1.0307441132866677 1.0370597107606139 1.039598489504969 1.0432682145387018 1.044571197616534 1.046424221919463 1.04926099069012 1.0541094301584117 1.0605877407786677 1.0858453703929023 1.3243639438335886
207 7452 0.18051685665195752 1.3230140135042756 0.8797608761072233 0.8797608761072233 0.8877642541950298 0.8904915708953258 0.891489864957757 0.8947649073827534 0.8968750233486801 0.8989515800672289 0.9011597014253233 0.9027112678081263 0.9040693928235701 0.9059350678145462 0.9064822569627128 0.9107773730736075 0.9111063627583802 0.9115421678332063 0.9139906466894131 0.9156070319334901 0.9167363983014294 0.9201390811320043 0.9233719425142225 0.9242561212555117 0.9265990446753447 0.9270787183002476 0.9284275869724269 0.9306522429446978 0.9314173101446899 0.9330330114517154 0.9350073077865958 0.9350262943982705 0.9374148427485994 0.9381396126223578 0.9400287035762973 0.9433701648905622 0.9438172292203052 0.9450199247725293 0.946014088468829 0.9480017880824628 0.9498942294145376 0.9518044216674533 0.9522087275288251 0.9535370117378896 0.9550015670096175 0.9554608536650272 0.9565317615917852 0.9584033735467964 0.9597675172616441 0.9601416840677015 0.9616695913363307 0.9630518384301766 0.9648399818937528 0.9664167924284442 0.9684442768170249 0.9702229220741698 0.9712319466644987 0.9720819289236534 0.9733778107461183 0.9752811877330795 0.9768165192293536 0.9777826921717637 0.9787409525977876 0.9809522953092681 0.9819288370511683 0.9837004728375537 0.9853544607578232 0.9865913107542912 0.9882917785409416 0.9893330641079779 0.9913934703914266 0.9922879526155892 0.9943763414795675 0.9959843685314521 0.9983466866048438 0.999308784920909 1.0013164227227058 1.0017278502467206 1.0039571789660975 1.0060587930110079 1.0077091031228327 1.0095920726285694 1.0125516276701685 1.0133390011689076 1.0152703440364281 1.016046836170361 1.0188285946744255 1.0206228402788264 1.020996000641773 1.0233524481072331 1.0277516326692144 1.0298622081685889 1.030775197453909 1.036434047812772 1.0398275031950714 1.0430391066138716 1.0448412576161892 1.0463328689833533 1.050315971820114 1.0537711553558444 1.0609946153750316 1.0854949854274603 1.3230140135042756
208 7488 0.1760159511145458 1.3214309290639341 0.8793484427494562 0.8793484427494562 0.8876072460766827 0.8901844853825749 0.8912109379730968 0.8944846202189767 0.8962144955348107 0.8987295092373948 0.9003114394720358 0.9024131557337018 0.9035207600064579 0.9054993820288192 0.9062406395648898 0.9092980643937196 0.9107733292834742 0.9113908461899082 0.9139107434554463 0.9156122779243541 0.9169386942932534 0.9194421042687234 0.9236618115819456 0.9244821880591844 0.926609834586056 0.9270583982649031 0.9279485539323702 0.9304410450970588 0.9313857503789864 0.9327595306938102 0.9345238820116502 0.9355982602606411 0.9370517421211414 0.9377972547516717 0.9403904421703221 0.9433766818289704 0.9437585247637309 0.9457424152431959 0.9463287786971247 0.9471334069302964 0.9495848775510677 0.9513405833494647 0.9518463866136341 0.9530661350298237 0.9547064255236996 0.9550897728392506 0.9565726483625951 0.9588141047395563 0.9597340791456074 0.9605296514708493 0.9618409657454259 0.9627113867750121 0.964895415750303 0.9662943952134375 0.9682068861967321 0.9704468990269389 0.9706477299212061 0.9722391096236295 0.9740279799676096 0.9749669245328494 0.9766628593048576 0.9772491010867805 0.9790253172651219 0.9803026399676685 0.9822668599818676 0.9833575321422733 0.9850353267298892 0.9862779287849868 0.9883334510382661 0.9896042196801719 0.9912917722603944 0.9924614753107416 0.99372657667513 0.9958732432421138 0.99847165859748 0.9998444581761546 1.0013616251285697 1.0015796142375946 1.0045774754832826 1.005520742799777 1.007528133784824 1.0089019467115408 1.0118516202856944 1.0133111732523767 1.0153157836458995 1.015958512399392 1.0186354835211309 1.0202567039917836 1.0216171947226167 1.0229253113642858 1.027234409010959 1.0297077965157602 1.0304962709550123 1.0366468326803826 1.0399363743915893 1.0433725281389379 1.0446696450862356 1.046730222394212 1.0509604113768578 1.0545854788053064 1.0602344727485957 1.0855929860182645 1.3214309290639341
209 7524 0.1723696076661383 1.3205637909504515 0.8790188084389993 0.8790188084389993 0.8874178607418162 0.8893978756009047 0.8907762808854844 0.8943705396404849 0.8958977596234552 0.8992439657997149 0.8993693661973942 0.9017979672058446 0.9033429708662435 0.9053968760522517 0.9062716849704878 0.909237623567142 0.9107087545245389 0.9113993268022282 0.9136151717440685 0.9154221344286373 0.9163596659926518 0.9193506822951065 0.923239849162004 0.9245475491800714 0.9256801049660359 0.9266773171896966 0.9282118978383914 0.9299796363532185 0.931456028563078 0.9324209091061976 0.9347216529328639 0.9354170754552249 0.9363318095076485 0.9375457587753624 0.9409407500253106 0.9431410548097463 0.9436728917092153 0.9448916728342781 0.9458769459770882 0.9470049384058933 0.9495690829701995 0.9508492777782396 0.9516181974740915 0.9527481822951835 0.9547707562597969 0.9550231591357909 0.957369393072828 0.9587944001782773 0.959568102013611 0.9599693079413735 0.9615578180666506 0.9627927808569166 0.9647907991432424 0.9665879967135435 0.9678774847195056 0.970210791280762 0.9712193139893524 0.9715320059767971 0.9740434915550215 0.9750247468451912 0.9769031067766627 0.977009512124565 0.9794933608959474 0.980248270848915 0.982411563768218 0.98313276334202 0.9856512781330469 0.9863853433324415 0.9883959685767452 0.989408477014913 0.9905805376317965 0.9924767829643398 0.9936940185315015 0.995746905536075 0.9982525613831134 1.0003860008152687 1.000635635585915 1.0018134573111779 1.0046731129036712 1.0053534313479404 1.0077514449569904 1.0087668153064835 1.011008030083548 1.0124675129788046 1.0147646038069493 1.0162427810870218 1.019204502438998 1.0200494822622785 1.021172683889117 1.0220174500669754 1.0270384723141528 1.0290260829404765 1.0309214877636264 1.0377624486445105 1.0398295634932253 1.0435596900053408 1.0441826011219664 1.0467090105264383 1.050873013890586 1.0541137824424411 1.0605441953211399 1.085511395232487 1.3205637909504515
210 7560 0.16857850299758256 1.3202899477235237 0.8782929968729288 0.8782929968729288 0.8872810333600779 0.8890824899875748 0.8905180751245964 0.8939356230059312 0.8956553952669248 0.8986219288424611 0.8990551475692715 0.9010659147553738 0.9031763313972785 0.9046427122136115 0.9064479809507692 0.9093939933459094 0.9100931734666001 0.9113786834011363 0.9132989695284269 0.9150383035428937 0.9157449393054672 0.919422507992381 0.9232136742286725 0.9242382744306495 0.925255330091955 0.9263480342712492 0.9282062143586554 0.9292235535129753 0.9310567390926592 0.9317225257353896 0.9343050613011193 0.9349026719973305 0.9361656444730867 0.936919026809667 0.9411302315998873 0.9428147579884975 0.9433231483674214 0.9444599936069094 0.9459765670384662 0.9468915350994892 0.9486852582265398 0.9502304497932579 0.9517059185438836 0.9523836170026767 0.9547226182080059 0.9553146590182795 0.9579538421696941 0.9587243060346924 0.9594288984566005 0.9600984581896258 0.9617741055722161 0.9624199340549607 0.9645767742888101 0.9668049515305834 0.9679066760792707 0.9697219345541593 0.9709302698599593 0.9713783394021281 0.9737819053372461 0.9750854635855984 0.9764380264931823 0.9768221660204709 0.9792264051874817 0.9799594449653344 0.9821499615683505 0.982728732043332 0.9857872291604957 0.9867202979743228 0.9882130356857071 0.989183237363566 0.9906068937674164 0.9926811558838243 0.9934387725685039 0.9949851837716587 0.9979026197018787 1.0006051167851338 1.0012979605445351 1.002162390025575 1.0042033426012231 1.0049902467374257 1.0078579517149264 1.0086293281939882 1.0102818478134032 1.0124349465596885 1.0137302070214858 1.0160426132993243 1.0184776023688715 1.0212705783669997 1.021777492650977 1.022380455323258 1.0269691295326182 1.0290518515630565 1.0312600470151025 1.0377909853495715 1.0415874848264297 1.043204691509201 1.0441791961838793 1.0464587657872975 1.0517556692531154 1.053895814867758 1.0605843741138448 1.0856008463476308 1.3202899477235237
211 7596 0.16379442844204425 1.3201467123412094 0.8787394568859261 0.8787394568859261 0.8875506794249962 0.8886737471066182 0.8898565900712605 0.8924123299210344 0.8958345666603446 0.8978964969633021 0.8994976754105426 0.9000574416935347 0.9027703168130788 0.904890414927401 0.9059006169233437 0.9088199992006868 0.9098706842614188 0.9107865394830347 0.9130158277886353 0.9150051810023639 0.9153251475982433 0.9188843976449786 0.923004416244164 0.9241912333750666 0.9255030534412556 0.9262677376775456 0.928186974604382 0.929047220786798 0.931010377633688 0.9312450278977685 0.9342901568380392 0.9344997187328123 0.9361597202087563 0.9364738505252362 0.9416737746242774 0.9423331596006806 0.9437245444695416 0.9442936913762758 0.9453767605134694 0.9466209251678236 0.9477774221147222 0.9498393301730539 0.9512299074288912 0.9521123999138765 0.9548535619109706 0.9558073224094998 0.9571021730868526 0.9588660634470101 0.9597707059211861 0.9599341038470078 0.9623010169421076 0.9633000611184723 0.9644253628133047 0.9667733487793314 0.9675393031788428 0.9694207859388273 0.9706803703578453 0.9713907180230148 0.9733975170700617 0.9745312810172795 0.9753596192359422 0.9767575743973977 0.9786147928551959 0.9796353684840475 0.9818101866550868 0.9831632805500449 0.9853606931709008 0.9862912682386143 0.9867884558474693 0.9887868618343313 0.9898406852359463 0.9929647265507076 0.9934902974279468 0.9954026958481993 0.9979957993492673 1.0005811105681244 1.000650964542413 1.0022414959715493 1.0039073091716366 1.0059637526866136 1.0078560863583081 1.0085103453923192 1.0102629713688198 1.0124904954558438 1.014078603040057 1.015096729679604 1.0186284454737584 1.0205720044361608 1.0219944581873306 1.0227744281306972 1.0266797888295718 1.028885069578423 1.0314432156518019 1.0378090451008979 1.041038582529877 1.0427404739781803 1.0444128465281188 1.0466020631354007 1.0518971093209606 1.0543020754660035 1.0599771750819071 1.0861850016290284 1.3201467123412094
212 7632 0.15948505444416122 1.3194950458859835 0.8782238705351585 0.8782238705351585 0.8873389996807322 0.8883341522225969 0.8893343845311379 0.8920046595568232 0.8955859014451104 0.8972235705945367 0.8995333777806845 0.9000123551785016 0.9019221935628429 0.9042776639837639 0.9054733503611402 0.9086801713063579 0.909707873426368 0.9105335091596941 0.9130954101196693 0.9142617097873597 0.9156651287827418 0.9182410195685446 0.923004671995039 0.9235049805556872 0.9246472898238247 0.9264409033985948 0.9282586631155196 0.9286584671598561 0.9295437341867405 0.9303555378196 0.9340767975108601 0.9346063491581508 0.9363144832440959 0.9370750308163088 0.9409624373025587 0.9423172948840977 0.9437009444153421 0.9442105788974225 0.9460601102711216 0.9461259127149236 0.9474432322830226 0.9500326290782721 0.9515014076745922 0.9524061562630356 0.9544164323633763 0.9559850581927741 0.9566002443055 0.9587120639591205 0.95948916642265 0.9603024794403217 0.9622387069832419 0.9631439151913433 0.9637195740631903 0.9665770160846308 0.9676475162179158 0.9678277547273125 0.9702305624972398 0.9715234302196599 0.9730655916426797 0.9741406377303553 0.9745759753819911 0.976645109961645 0.9790759523845395 0.9797193097910281 0.9812861826163051 0.9833756871698287 0.9853264671366601 0.9859596495885019 0.9879467629167091 0.9891594666122849 0.9898725838007071 0.9923084589750711 0.9938626749260298 0.9952235505984061 0.9969504713000806 0.999885141367833 1.0011312355798136 1.0016511990723362 1.0039419569288635 1.0063346769834378 1.0079113874028467 1.0091858102619211 1.0100138171873432 1.0128101700136538 1.014262345727577 1.0148449279680019 1.019066077522195 1.020263774969773 1.0210692437125364 1.0223699634082117 1.0265389602292365 1.0292270536077088 1.031893991547233 1.0381057423349433 1.0408640509663856 1.0415440957310942 1.0443619284257006 1.0460991191848303 1.0520136019573367 1.0542562503462563 1.059565853925682 1.0860502384411193 1.3194950458859835
213 7668 0.15485879201170838 1.3196845078960078 0.8775508218086304 0.8775508218086304 0.8872137779082786 0.8880009280301062 0.8885042053977029 0.8918587869904919 0.8953527094081961 0.8979795797762259 0.89932095748545 0.8999401972402031 0.9016368073343424 0.9042929946337034 0.9047459365195591 0.9082724969607905 0.9097057208339586 0.9103028047937918 0.9123141606277464 0.9139204129469809 0.9159775925773095 0.9169868441350383 0.9220714710416109 0.9227274029740207 0.9245450601233808 0.926025230928651 0.9274971610225057 0.9288908588667648 0.9292592469312276 0.930237499398364 0.933716095820593 0.9344184338592674 0.9357205431408412 0.9377632164304233 0.9409361678941804 0.9419753561669256 0.9436352928613633 0.9438805426061309 0.945792234095847 0.9458531317244889 0.9474513712721038 0.9499581076978489 0.9514327118705367 0.9519628759041961 0.9540499953497094 0.9557382944556609 0.9565423296370671 0.958231214744324 0.9588574958769296 0.9603485297590424 0.9619946703457847 0.9629627491379811 0.9633254269530949 0.9663529503984448 0.967132751996391 0.9674988277052974 0.9696796341248691 0.9717397582239858 0.9721920746784233 0.9740190347151678 0.9746808702576232 0.9763603473022527 0.9786197629288994 0.9797011538916313 0.9808194333737469 0.9831600030321916 0.985255643071933 0.9857335557006335 0.987373663337523 0.9897582865085356 0.9904661486760125 0.9918585785952289 0.9937218940050329 0.994328748470943 0.9976271643213612 0.9991266594160021 1.0004279515355623 1.0009812225968582 1.0038603638795853 1.0072327387817837 1.0080020099883102 1.0095982414071676 1.0103905396259094 1.0131818499286747 1.0139783170600292 1.0146622463110844 1.018017690341127 1.0197977575892814 1.0215665827679106 1.0223999681902955 1.0268428027242955 1.028956637508253 1.0309739572392724 1.0380387505122055 1.0407521392452106 1.0419133605341948 1.0443117540797615 1.0461703114941368 1.0521528360694166 1.0540608110075178 1.0586724001684626 1.0864978206850715 1.3196845078960078
214 7704 0.15061129730289813 1.3193587614405544 0.8770999214487761 0.8770999214487761 0.8863815145367443 0.8877797887356821 0.8884295345630259 0.8910759116720703 0.8947419761420179 0.897388461353416 0.8987028659770632 0.8994068168040662 0.9015140535076105 0.9035855260701181 0.9045479422577316 0.9082125462416533 0.9096318117240171 0.9100363046972816 0.9120253669776557 0.9138745914666218 0.9159478993723769 0.9169648350511627 0.921813891348671 0.9226761465974206 0.9253970736071324 0.9258277771166485 0.9272618751254057 0.9290367048016981 0.9295761076243777 0.9310798790840318 0.9335622597885649 0.9337012217614775 0.9354568371315061 0.9363443165210371 0.940299544687365 0.9425050731159799 0.9433026619487433 0.9440315496398302 0.9452125370269013 0.9460306052070605 0.9474312477930509 0.9496758636513836 0.9513998162524568 0.951529330675504 0.9536500965924628 0.9552043222861313 0.9565184187125014 0.9577736421446018 0.9593076590443665 0.9602552906191825 0.9622439024252529 0.9627640044019525 0.9630814158062592 0.9661304098130432 0.9662853079164354 0.9675856696347385 0.9696239258310122 0.9707668917411275 0.9719906750453079 0.9725593872240896 0.9750312135145235 0.9760059487619772 0.9782513729837892 0.9791230990338278 0.9808218288702067 0.982581273324838 0.985009749343276 0.9861228872373801 0.9873394828032757 0.9900211606626755 0.9908565257658944 0.9918755218218124 0.9935628017833864 0.9943885662287834 0.9974657243039672 0.9991358037110069 1.0003621468411503 1.001031242948507 1.0030662118662828 1.0071692350760526 1.0074597192667782 1.0091459857845306 1.0100670858349412 1.0128962804471102 1.0141305650975088 1.015297654748857 1.018678624485486 1.0196027606687377 1.0215562898936015 1.0219063971110134 1.0267433136588642 1.0294386792957027 1.0307709101696023 1.0372791516399607 1.039507997087359 1.0417069433927584 1.043992470404191 1.0460330548242176 1.0520896775676452 1.0533882261741498 1.0582279477110086 1.0868762383958317 1.3193587614405544
215 7740 0.14648296081942655 1.3188547924775942 0.876995294475091 0.876995294475091 0.8860090651510366 0.8880094354558122 0.8889253066146754 0.8906653249549658 0.8952398475297431 0.8970987398558523 0.8983616916838361 0.8992893014978673 0.9015123151213021 0.9041993666338891 0.9043319702076104 0.907124968537798 0.9094699966187064 0.9100936531810767 0.9118295340792999 0.9136912355232988 0.9158644889969141 0.9163765345649626 0.9214099679272628 0.9226362220052702 0.924402334092232 0.9259224115287181 0.9273174637355951 0.9288682008368618 0.9300290261129015 0.9306684138784815 0.9324875363499433 0.9343971557411355 0.9352474300480483 0.936858773073852 0.9398799154394881 0.9415816414516481 0.9431862773616 0.9434075914513887 0.9449010984993016 0.945443840038072 0.9471175839734 0.9500546120272435 0.9515484349615325 0.9516000580382179 0.9539054163890978 0.9552398921432145 0.9556730917318179 0.9577414191207573 0.9594310588746506 0.9600297437634309 0.9613284599824655 0.9623078978658357 0.9633486325978369 0.9654753736083044 0.9661997387478733 0.9679787955870045 0.9699843723436815 0.9704810610608011 0.9711498110839338 0.971642196035426 0.9743791941027709 0.9756148545585049 0.9786684748087117 0.9790973646114894 0.9802713698245006 0.9828270863814764 0.984628866729496 0.9858881807869889 0.9882261194094872 0.989171318538905 0.9909711096112647 0.9924016223293886 0.9936095676181003 0.9947572552132045 0.9977959466008991 0.9989322462812608 1.0000783246107356 1.0012747055258706 1.0033314734157746 1.006714817389147 1.008233170315851 1.0093517549352848 1.0107248200011807 1.0121365184021665 1.0134343516133988 1.0154349847394604 1.018215311467984 1.0193847141120334 1.02069341768868 1.0213420860519213 1.0271482652616002 1.029184311163722 1.0311214604596408 1.0370218453654318 1.0391776234381909 1.0420787071523476 1.0429040766845044 1.0458218699490718 1.0522250349025701 1.052920348142192 1.059330740794955 1.0865985019199478 1.3188547924775942
216 7776 0.14230244803470107 1.318012765838568 0.8770244730273105 0.8770244730273105 0.8852990336979558 0.8873480453110758 0.8885701006814197 0.8907363011686548 0.8952636889757901 0.8968173375100571 0.8981233397300499 0.8982689989873955 0.9003978831038305 0.9039228021032434 0.9046996025050897 0.9061725673567438 0.9093904283712196 0.9104551230919053 0.9106934943018627 0.9130932278945887 0.9144484243240638 0.915814897268849 0.9198428377081489 0.9222120951060055 0.9243842278948765 0.9256433656518342 0.9265848257260747 0.9280722907348088 0.9296524108686249 0.9305997811373731 0.932589126122799 0.9340188656624293 0.9358269186923031 0.9364762580271454 0.9391181762611086 0.940936702981337 0.9430066430431655 0.9432325798664182 0.9448609403460314 0.9463564152875322 0.9475372543383157 0.9498057110349634 0.9508718162401457 0.9513677978545613 0.9537034997850892 0.9552478425438059 0.9563552089745816 0.9572871746998814 0.9592581817852633 0.9596140403956678 0.9613455397851155 0.9625759003298047 0.9633766451049215 0.9657593469240786 0.9669045277256154 0.9678897349526033 0.970301679532137 0.970469279088581 0.9707941645178775 0.9719113860021873 0.9744129927220886 0.9758191618221136 0.9784946046393169 0.9788036413445971 0.9800648698467268 0.9820361305318954 0.9843762672207093 0.9858323150788741 0.9883622459404976 0.988891373377622 0.9904750367961134 0.9924774680915059 0.9940110254658251 0.9950136341999675 0.997521458574721 0.9988539422697993 0.9997626055569789 1.001815259817583 1.00330964751112 1.0065039085490952 1.008226095439681 1.0087011871237006 1.010162129325165 1.0113881321904477 1.0132265005288852 1.0159222773819825 1.018051669308608 1.0195948571955262 1.0210599548243324 1.0215974205109968 1.0274958005928871 1.0290976783127177 1.0314053537935814 1.0370189003296175 1.0389632825497548 1.0414703443838733 1.04292016024433 1.0462608099359798 1.0520468997260282 1.0535048241180218 1.0588118618566027 1.0878572954323336 1.318012765838568
217 7812 0.13876073137311123 1.3182606628241955 0.8768343474988377 0.8768343474988377 0.8852874006183986 0.8863835681185395 0.8883598683442605 0.8904349343247991 0.8949713356160865 0.8968717884084136 0.8975761375722809 0.8984062915919342 0.9008038956813533 0.9040266732587591 0.9044297887142634 0.9056971516785282 0.9091459522699582 0.9103865923568639 0.9106161393472301 0.9132086867608472 0.9140337215548945 0.9157850246924994 0.9192130756906749 0.9211393591575908 0.9235676046190104 0.9255050276868907 0.9264392586697096 0.9273148189580329 0.9293120515454375 0.930663193314828 0.9325851062222408 0.9341111100744895 0.9357069627114621 0.9366439273343633 0.939331326112412 0.9409876670681517 0.9424015025871997 0.9429685465314579 0.9447818189294224 0.9461595449127062 0.9471938711129345 0.9487841240558894 0.9507852274762806 0.9509160621946605 0.9530456356749507 0.9551634188066935 0.9562299883003279 0.957280511588654 0.9593598930154499 0.9599837218060855 0.9611261364373566 0.9623038420389138 0.9628019575067844 0.9646031440934082 0.9664409779968787 0.9677646609921386 0.9692603194267291 0.9697291344595733 0.9706809682063655 0.9717209469338332 0.9746069057968886 0.9760467943990283 0.9778640598581207 0.9788804325800002 0.9798708016382073 0.981494416208988 0.984641378867113 0.9857808589176447 0.9882009451127665 0.9887353994868555 0.9904124209295988 0.9925140081003203 0.9935909564376695 0.9950609551448281 0.9986576735792707 0.9988814726778534 1.000279340787349 1.0013518684847373 1.0026670357957406 1.0064037295784407 1.0077030272973426 1.0082636300282304 1.0106941300378862 1.0108671792822481 1.013113611038221 1.0154111163590167 1.0181526591045766 1.0195932435266082 1.0209169694200817 1.0213169121725454 1.0272542143304038 1.0289841825905817 1.0313303553834707 1.0372022481555057 1.0383597845123342 1.0412345100905704 1.0424194795301933 1.0458766662802566 1.051631431452523 1.0534653380354486 1.0587593359542005 1.0883864475251808 1.3182606628241955
218 7848 0.13491957623384296 1.317024311994474 0.8767982524750028 0.8767982524750028 0.8846692272810603 0.8859401910880207 0.8884299151776305 0.8899408761554675 0.895034393325213 0.8961287732259627 0.8974764958697892 0.8978716675895493 0.9005690252225856 0.9035185047955195 0.9044454072966334 0.9051910175466157 0.9089728212624775 0.9103121181726723 0.9106430099253844 0.9127101454018205 0.9133157915536185 0.9155532055194139 0.9188987243862842 0.9211385669430153 0.9230594424701655 0.923541793897428 0.9263476002461388 0.9278596357038624 0.9289302476448447 0.9298709209154147 0.9320419288188189 0.9339688233628662 0.9353859057370034 0.9368102983515539 0.9398921329248062 0.9412407928390744 0.9417923700046591 0.9429917868796462 0.9450762758889963 0.9458383837072235 0.946655138373763 0.9487616813393108 0.9507763318000092 0.9510262338547848 0.9529717294229375 0.9551085600513554 0.9558764780295776 0.9570862500158543 0.9590853258817947 0.9595108949613655 0.9608976959764909 0.9624374658555563 0.9629350190722373 0.9639839828476566 0.9655917316976629 0.9678493468527578 0.9688476795169582 0.969543389605204 0.9706934037500481 0.9714793598430105 0.9745201319519348 0.9759464712405231 0.9775654328569291 0.9789855142469491 0.9799672766622166 0.9811352095499973 0.9852203939300677 0.9858545823394984 0.9882799039769 0.9893465256692318 0.9904593977834077 0.9925410598249091 0.9931708338572033 0.9951670378361436 0.9974008240005162 0.9987460680198715 1.0008977305155426 1.0010168185975554 1.002337980298747 1.005302759205102 1.0076148070713868 1.0082832306968093 1.0104166664959182 1.0114499776081731 1.0133748837060774 1.01564709964029 1.0173629435128926 1.019744138918446 1.020622809068697 1.0212386501650876 1.0269968231762083 1.0296912407989693 1.0305174216669142 1.0363098176268093 1.0380924832258829 1.0409273014060825 1.0428769706041 1.0461670847571733 1.051608560588308 1.0538532652034418 1.05864922984983 1.0872707469196603 1.317024311994474
219 7884 0.13189973787053588 1.31587094707356 0.875905191421723 0.875905191421723 0.8841808024224537 0.8856587519382635 0.8884530482425368 0.889487089501643 0.8947715154451426 0.8965064407718911 0.8973165081370178 0.8980224508289877 0.9006026883132684 0.9035162072637882 0.9042126174287031 0.9048172844995687 0.9086291457016991 0.9098460467779096 0.9111078103632033 0.91275403433009 0.9133963824666499 0.9145441202967168 0.9190181118920193 0.920246802466303 0.9223192882515808 0.9239700129421964 0.9263540210752604 0.9273756023568347 0.9285412117014035 0.9298313046951787 0.9314137668199628 0.933670956272333 0.93516957895502 0.9364610979010397 0.9399048781222511 0.9399942418080873 0.9412998280352999 0.943023141630758 0.9446408899423132 0.9452622542037415 0.9464688986891512 0.9486298258066741 0.9501896252733832 0.9506757501422767 0.9528744929520924 0.9549066686504202 0.9559150223477141 0.957439711870242 0.9592638456574111 0.9599381681755096 0.9602333295124655 0.9620482825689776 0.9627618563448752 0.9635462916919555 0.9658164350034024 0.9676948124832643 0.9682186371841426 0.9695250513155174 0.970756296725021 0.9718085803852026 0.9730297555167262 0.9752007657471352 0.977238163876372 0.9785722879550409 0.9803846354875351 0.9805920295605034 0.9852874468184067 0.9858077618593656 0.9878327792181294 0.9897917175599593 0.9909898254306055 0.9916805586729263 0.9928347030451319 0.9954417026243001 0.9969726598569685 0.9982748121008228 1.0008830885277078 1.0013833067287183 1.002159492449808 1.0051261182776634 1.0072526349966 1.008526918650735 1.0099871290424647 1.011196951697841 1.013289340466936 1.0162486052318747 1.0185214318368618 1.020205575196132 1.0207046973162028 1.0210389850491257 1.026561383849252 1.0299466889444517 1.0310359037013912 1.0364023222284449 1.0383734139470493 1.0404962064375396 1.0425595902488771 1.0462260238517411 1.0507488401109812 1.0535703821753681 1.058976081800176 1.0871623120408307 1.31587094707356
220 7920 0.12976140509732068 1.3153877509469079 0.8756191779028862 0.8756191779028862 0.8837902000967319 0.8854016797251504 0.8888604659502876 0.8891374411395517 0.8947728242812789 0.8962718487793514 0.8968348468950099 0.8979360706512698 0.9001499079270173 0.9036346601280522 0.904367651761499 0.9044909935106846 0.9079972648319963 0.9094508917374782 0.9104896812819899 0.9122642250747742 0.9128060974012424 0.9141364596078464 0.9183155838451863 0.9202020586885216 0.9222214415002217 0.923611181721839 0.9248130860270419 0.927481403697779 0.9278050074504716 0.9296588442138014 0.9307195049960704 0.9333419043810255 0.9353374028738328 0.9362219802216972 0.9394509494951074 0.9399980351728533 0.9410968202459948 0.9431990951374132 0.9443589515653773 0.9448552102510053 0.9471504902544717 0.9476428888670078 0.9498128417620664 0.950712544415406 0.9525681564740018 0.9546818361180408 0.9558712614077473 0.9572207076388305 0.9589917878539933 0.9596496686230827 0.9597547467230236 0.9614631873650179 0.96210544471695 0.9643330637518043 0.9653504426708931 0.9675321546709681 0.9679602747184344 0.9692741108801837 0.9708768420576342 0.9720694125527964 0.972886120187013 0.975031591696071 0.976507339055172 0.9778374110884468 0.979421511295031 0.9812902212999708 0.9849850135216981 0.9859971514610042 0.9875720276288328 0.9892885333942653 0.9905778831877808 0.9911427886385032 0.9926727059200746 0.9950980069943711 0.9970190536110459 0.9976859956590556 1.0009666564746347 1.0013167390955624 1.0031850276655618 1.004837385225365 1.0069576129670221 1.0085504855419059 1.0100532591930824 1.0112779868009785 1.0127820438015047 1.0164270003199118 1.019177423487951 1.0211988957760205 1.0214214595430522 1.022834348086053 1.026073953284341 1.0298035212729428 1.030685672291415 1.0359382051178825 1.0377652328779357 1.0405888155627883 1.0421169898904121 1.0461533974910786 1.0504236430642762 1.053648966778454 1.0594232314182757 1.0866036380307071 1.3153877509469079
221 7956 0.12760889442798962 1.3154983789567523 0.8753670521917568 0.8753670521917568 0.883654817291242 0.8855420564640314 0.8885108131221728 0.8889845263809709 0.89453524862817 0.8956824036228322 0.8969969954285015 0.898838952305557 0.9006245505055205 0.90230995988644 0.9043144272057837 0.9048663517794158 0.9067523838141003 0.9084237499694934 0.9101111114112208 0.9117772663547112 0.9127812455004984 0.9141575478775789 0.9186919912515695 0.9200064583700043 0.9220824774966869 0.9230348657657506 0.9249066304539951 0.9268247562232161 0.9281992619045448 0.9295780205671836 0.9308165967950879 0.9328986666298379 0.9351733896041357 0.9354453917687325 0.9394216089151365 0.9401503908667214 0.9411095796943348 0.9431159545362552 0.9445637573304977 0.9451022185479492 0.9466405166677156 0.9479691798146583 0.9486113347126498 0.9503024884630152 0.95201391142581 0.9551523781466821 0.956654381402788 0.957323198656688 0.9583903719910124 0.9587594376452749 0.9595586982128127 0.9608898584696959 0.9620081438605668 0.9641493969391365 0.9643336136937318 0.9670615311785833 0.9674140021003692 0.969320381584326 0.9712050538798364 0.9723503792334783 0.9729648847761658 0.9741537943965951 0.9766552739509029 0.9775844195302577 0.9796447388829209 0.9814555596705832 0.9846437336389251 0.9856959293699198 0.9875155237873009 0.9888498540408915 0.9898559867326692 0.9906598852477267 0.9925579557733925 0.9955012115725012 0.9976208009835785 0.9978630356404642 1.0003593999932756 1.001086305264199 1.0035439226996068 1.0041916429566717 1.0056844955977027 1.0088258054213515 1.0101332582976417 1.011765356006403 1.0127328539159393 1.0165629926629045 1.0192193354538848 1.0203247726205877 1.0213356009052856 1.0228465476172937 1.0258194925465531 1.029810442175446 1.0307394023674368 1.0360774694574673 1.0377375099079413 1.0405042897962162 1.042392728477073 1.046185933551852 1.0508404948994066 1.0536002713161976 1.0585764382335843 1.0874983760833528 1.3154983789567523
222 7992 0.1257870134567087 1.3147126606365338 0.8753170670684248 0.8753170670684248 0.8829937283450575 0.8851872490052325 0.8875970343419647 0.8880387754057649 0.8946538245600384 0.8952214566001191 0.8962329497955441 0.8981044213586477 0.9006137283878562 0.9022325286172584 0.9044033226784378 0.9046685707331991 0.906181312440258 0.9081935565878522 0.909486616272789 0.9115287186587955 0.9126525443136209 0.9140171897584219 0.9180716250024549 0.9199504309951511 0.9224308760158435 0.9230427960326999 0.9241740025137487 0.9254546762894142 0.9277092793599586 0.92815307791084 0.9309028874640033 0.9330017724755916 0.9350654998587893 0.9361076612333992 0.9387590362464707 0.940043794431286 0.940355541827971 0.9430103184763502 0.9435544284503242 0.9454920173595459 0.9459345000885384 0.9478543988163679 0.9483087606661644 0.9500771340423791 0.951347044049717 0.9554633323570442 0.9556768220832376 0.956668298673614 0.9582801126312109 0.9586434049564779 0.9596842694094974 0.9609582852072236 0.9620075262689326 0.9632475063573421 0.9642729803488661 0.9663134702974417 0.9673936426048821 0.9705688746141373 0.9712353537342354 0.9721721781736308 0.9732574613897678 0.9736413174372109 0.9769334043956479 0.9784212203286116 0.9798143613770666 0.9809745791769233 0.9851478458844365 0.9858831711783206 0.9866596185175474 0.9885460277770982 0.9894590550723944 0.9910958991384272 0.9930472025097238 0.9950375719980983 0.9972292811653841 0.997746931346766 1.0002645288943979 1.0005941368454223 1.0034626182571031 1.004050170635781 1.0059751431468555 1.0085805130228473 1.009399803645884 1.0118561438545035 1.0120033582908707 1.0161005732611903 1.019139475951507 1.0199734786852306 1.021389792867167 1.023484024146482 1.0260159611618942 1.0294862395247255 1.030165819127924 1.036127538516275 1.037694634484742 1.0400005224224578 1.0428842435351768 1.0464206811763292 1.050611150276442 1.0549098383230702 1.0584823973910382 1.087489573345393 1.3147126606365338
223 8028 0.12321071234593965 1.3155156523151554 0.8746489485095273 0.8746489485095273 0.8824903025192724 0.8844172406748744 0.8875471716960331 0.8878561225096943 0.8937192807671606 0.8947370905968031 0.8961461549875138 0.8979983395116334 0.9007109188558895 0.9016950553175923 0.903697562024115 0.9044693336415884 0.9050929315168947 0.9074530112598038 0.9087806550967943 0.911080426104305 0.9120339852939648 0.91390996721315 0.9173336604529124 0.9198968310601424 0.9225690458931494 0.9231104008869964 0.9236522747400826 0.9259686414901768 0.9267161798687912 0.9280865200707203 0.9304303910604634 0.9330143108218398 0.9348835563234735 0.9361164111358842 0.9384061326915941 0.9398205295710061 0.9407620885348198 0.9428219031112088 0.944147997424471 0.9447932076618518 0.9465621450134654 0.9469864711819582 0.948475545713279 0.9503762595133315 0.9509694164447929 0.95506632014854 0.955337252713386 0.9562629086084057 0.9579918237228836 0.9586835606135042 0.9596168039707229 0.9600615158397012 0.9616544512071187 0.963227866171537 0.9641820417576338 0.9662365941051566 0.9678002627996496 0.9704472130078915 0.9712265645585032 0.9714376151556628 0.9732135889738591 0.9740033535801073 0.9765614593228008 0.9787139782855541 0.979895294296333 0.9804660062873948 0.9841528143189927 0.9855210302170543 0.9866058080735596 0.9885202179589468 0.9900256514514834 0.9906013226567524 0.9927925852819245 0.9945888416956449 0.9968771411347612 0.9976284408255753 1.0002972167957511 1.0006013499236168 1.0021865185148133 1.004533272592212 1.0067263758330995 1.0087671288786266 1.009201072008933 1.0115727584914755 1.011981138578231 1.0157045501168198 1.0189180544465828 1.0203420823725458 1.020997901792069 1.0235950928877309 1.02573157525063 1.0291424546047778 1.02996708424169 1.035862637854698 1.037639529798487 1.0395734084063752 1.0427029407322967 1.0466196241683863 1.051074145726786 1.055650408582007 1.0599592487062266 1.0875348597067522 1.3155156523151554
224 8064 0.12016564409085186 1.315287471796668 0.8741222117323649 0.8741222117323649 0.8824144681567032 0.8844502164191049 0.8863185288243901 0.8874502680477071 0.8933745544793519 0.8941255426379721 0.895141574707548 0.8978997588319019 0.9000674987921704 0.9010029304581542 0.9034658233454136 0.9046391533690946 0.9052289348387076 0.9070490124419386 0.9088603131814076 0.9103870937253103 0.9120169696412935 0.9134278398321636 0.9167599853228675 0.9188663787619445 0.9218819224009904 0.9222939270591453 0.9234837600344873 0.9253005366290924 0.9266045674428571 0.9278338856286903 0.9300168217016725 0.9329523253599993 0.934441503084216 0.9357299621995825 0.9383584202601767 0.9400807016289727 0.9410485434049252 0.9430137055026042 0.9438484254045469 0.9445863267352638 0.9459440593157478 0.9470052751260767 0.9484420124002046 0.9500061823753504 0.9508455193410377 0.9551769135297478 0.9553060116062826 0.9560829867207816 0.9569055706007262 0.9583265883728236 0.959098520688453 0.9602484408428565 0.9619042692162805 0.9631615668781525 0.9650397561346606 0.9657806724707433 0.9668530914103096 0.970099442955629 0.9713753049000147 0.9717001570434418 0.9727548122089658 0.9741282879314412 0.9765693306738291 0.9784042479977352 0.9801030967948112 0.9803211772344803 0.9838327965065008 0.9855546427408474 0.9861647437286462 0.9878219978149501 0.9897715048818805 0.9910704331548151 0.9927185771145651 0.9948132541912738 0.9968737448426314 0.9976803327697914 0.9994556234539402 1.0005577253662676 1.0027126188633932 1.004541715625889 1.0065912564871056 1.0084138168523644 1.0095775421788697 1.0118797114302764 1.0124367831482164 1.0154152393064715 1.0192823244156062 1.0201303353596352 1.0213584874049002 1.0239506381552455 1.0250391807263044 1.029828579251298 1.030611240793906 1.0355352546832086 1.0378938830935018 1.0405556151174715 1.0421952656468971 1.0466814981015948 1.0515845019814563 1.0557452120817057 1.0600724745894914 1.087028069969498 1.315287471796668
225 8100 0.11685024702095295 1.3154210554527215 0.874856676872145 0.874856676872145 0.882307778191317 0.883604811724391 0.8860414498956515 0.886830822574448 0.8924190927998343 0.8930525000732833 0.8953369086792641 0.8980620461894893 0.8995242821457543 0.9013338676933557 0.9031780132938368 0.9036270540461974 0.9051494807669604 0.9073660765504444 0.90903896979491 0.9103232849882466 0.9119864289837392 0.9135522964096019 0.9168795993698274 0.9188089288601855 0.9205382863478132 0.9226234875386221 0.9233164110669773 0.9247577647121713 0.9263659977941335 0.9275402976250002 0.9300029684193264 0.9326183157465349 0.934559626418032 0.935765943488162 0.9376844985120792 0.9397497080333909 0.9405553397486665 0.9431232526291696 0.9444504410488473 0.9451229187877138 0.9462252687717536 0.946478715896398 0.9484746121911516 0.9496872646222606 0.9503695312099412 0.9541494624146933 0.9546484032261999 0.9560506770727168 0.956528918142237 0.9587298409049793 0.9596547943588895 0.960092755744328 0.9622245250402524 0.9627077969049208 0.9647655324563665 0.9657871098455916 0.9669424628578343 0.969610326887427 0.9707808541048663 0.9718289152767013 0.9734256217625952 0.9738927215511564 0.976222812053766 0.9783601691194975 0.9799708187803059 0.9807218494813469 0.9830901220980952 0.9851397243859346 0.9856138208424132 0.9877650691023021 0.9894953506235614 0.9911775204959176 0.9920579022084303 0.9950860720844477 0.9960753600778027 0.9977520360769739 0.9993963239573188 1.0009588921304864 1.0026980492077602 1.0044731255629986 1.0072847073480669 1.0079160081598577 1.0091420822619463 1.0111491366141352 1.0121057611735627 1.01518958094682 1.0192270168626119 1.020007416506475 1.020872431337594 1.024388666205147 1.0245126811285663 1.0290902324218307 1.0307906512146707 1.035333868471065 1.0366457621653342 1.0410061581101926 1.0420742228114885 1.0464249497979623 1.0514480620414517 1.055276381104964 1.0604686008463846 1.0871285328319933 1.3154210554527215
226 8136 0.11297038858495258 1.3151882760439229 0.8743816351776523 0.8743816351776523 0.8819817160864155 0.883519304129389 0.8855561663349061 0.8869984499462906 0.8923987831204623 0.8930130697217754 0.8953159810151988 0.898053966878577 0.8996922676360463 0.9011141084437836 0.9029430738660681 0.9032092593551744 0.9040960145757129 0.9068343808897124 0.9089172066330623 0.9104423173256673 0.9117722440454036 0.9133453085029616 0.9166795643796726 0.918414400934078 0.9199229457466583 0.9215724502108736 0.9233782376592892 0.9243467191564985 0.9267566535701376 0.9277493823291988 0.9299302819146288 0.9318575396044801 0.9337951997344445 0.935559757735725 0.9374812510216165 0.9399748679325115 0.9405736399556782 0.942898380512766 0.9441608142848563 0.9446667648510401 0.9456532948597018 0.9461420814590252 0.9472295890993124 0.9489553290845675 0.9508533259059598 0.9540168123809589 0.954267812501654 0.9559366179112362 0.9567862870972609 0.9586340205416206 0.959025997213987 0.9596477773253008 0.962244715749304 0.9627530776264546 0.9643969008862413 0.9658142736226607 0.9666645235180781 0.969942423843849 0.9704486081566485 0.9713911276866171 0.97358216799902 0.9740095830467922 0.976508162311413 0.9775079356231882 0.9804770554878214 0.9809258052270436 0.9828165140114998 0.9846970893247888 0.9855681326773905 0.9873860684283364 0.9891898485785295 0.9904215977424878 0.9925212951386234 0.9947893477032611 0.9950555149998636 0.9972689543734226 0.9997362578513497 1.001185932922088 1.001754029186806 1.0034534077004191 1.0070757189018957 1.0082381761633987 1.0094588610385118 1.0112967628647356 1.0122943208892587 1.0149464377313462 1.0192259247998035 1.0201925875337714 1.0209399778964974 1.0247108122216382 1.0253764430330747 1.0291623622690356 1.0310906534525701 1.034608248641147 1.035287448786068 1.0408873740046751 1.0429208993779258 1.047256705226047 1.0517601366682634 1.0552159896356492 1.0602318550112433 1.0872972017215847 1.3151882760439229
227 8172 0.10943614893119605 1.3147200425220191 0.8744280316098649 0.8744280316098649 0.8804550855894748 0.8835397147739641 0.8852919412848214 0.8869286713671993 0.8915202917676389 0.8925101863645377 0.8952533804360724 0.8975644219527106 0.8985206755307272 0.9004876862552739 0.9023159551153052 0.9028039457179685 0.9034732546579758 0.9063802243188467 0.9086836667133243 0.9102662549800994 0.9119857863081292 0.9128707935779401 0.9162549816878527 0.9187648443235908 0.9199720740717623 0.9204349252469396 0.9222542581799907 0.9238714865603801 0.9267736581809038 0.9272747561397586 0.9302185235553521 0.931628873485248 0.9331570098440155 0.9356055072868227 0.9363483300311775 0.9396152431474878 0.9404980433486574 0.9422315759242457 0.94377602005345 0.9442605103166957 0.9459339476327391 0.9460850809029943 0.9473144138245585 0.9492852152724193 0.9506376213033766 0.9534875576900903 0.954005674283578 0.9552271091741933 0.9566998703679046 0.9589981913837524 0.9594717760836508 0.9601068151512252 0.9604748001994591 0.9625363351923439 0.964384736227605 0.9657423053915334 0.9664529689124849 0.9701368100155899 0.9706235981379823 0.9709468224042864 0.9731910883058993 0.9736130931998429 0.9761808365641358 0.9773047290454882 0.9803271756191957 0.9810927932189943 0.9830900513717677 0.9845320991689396 0.985222385096684 0.9872765757919918 0.988953104252427 0.9903002419099455 0.9921522745605114 0.9936034119795022 0.9943851648757317 0.9975243514164153 0.9994093514961981 1.000447461538296 1.0019509631702734 1.0029642084410095 1.0071799357074207 1.008258360152284 1.0099323007561822 1.0119996185686393 1.0138644848530243 1.0150449816023515 1.0196298437282647 1.020111501384401 1.021214200566716 1.0249307289007086 1.0255855893295027 1.029260366293811 1.0320211598998694 1.0344262854908157 1.034979372130467 1.0412620863402058 1.0432597576878424 1.046694625224796 1.0519657252296202 1.054830720494082 1.0603576215052353 1.08783944778019 1.3147200425220191
228 8208 0.10579572860629752 1.3149265326156536 0.874014017179199 0.874014017179199 0.880679374064966 0.8834003643820911 0.8856983303879935 0.8868784863053933 0.8914174599673415 0.8919551178129492 0.8942095740151158 0.8974615385103963 0.8988219639535452 0.9005559948054394 0.9013904021848564 0.9025724359431895 0.9035582809864677 0.906089491920552 0.9088766973064669 0.9097991576842948 0.911477098437132 0.9127181592156085 0.915644056079511 0.9180063685670674 0.9199527715937282 0.9206359753136808 0.9221888266173446 0.923243208658778 0.9258798514771065 0.9276010963507207 0.9300812056408226 0.9304859606604067 0.9324685632069077 0.9357293440524572 0.9361203766171399 0.9393378121165986 0.9403163294501122 0.9424521692393082 0.9438900103175248 0.9442980126835966 0.9458046349742995 0.9461556665495009 0.9468506223173142 0.9495590423331924 0.9503623802855057 0.9521846953616844 0.9544301522586873 0.9551424701549364 0.9560493985207766 0.9590216650461222 0.9593934687502209 0.9600533372881457 0.9604735688577247 0.962091276311926 0.9644007690749171 0.9657435577493223 0.966099417150703 0.9690959793071203 0.9702415167181663 0.9718051018351109 0.9727403447281562 0.9736740680695626 0.9751051479820445 0.9769817789060906 0.9794671935821128 0.9800781739577876 0.9822063429150292 0.9834959362413029 0.9852291937713543 0.9874558472373396 0.9888135648716635 0.9900742532022967 0.9917969978818639 0.9944000713273723 0.995314985878152 0.9976155491358091 0.9994189294659479 1.0003363150792692 1.002017571664035 1.002774101248952 1.0069893078450176 1.0084296849415761 1.009799919163252 1.012045250143692 1.013143685692666 1.0156479827790164 1.019371308103816 1.0200864941536865 1.0208546224954025 1.024720686495539 1.0255898471340665 1.0292572631979275 1.0322718671398983 1.0344943355904082 1.0347083722526822 1.0411252170028167 1.043515946308571 1.0460855644089297 1.0517266022540752 1.0551970293176651 1.0608416083638854 1.0877999205549065 1.3149265326156536
229 8244 0.1026181527894598 1.3143252059768855 0.8732009309936166 0.8732009309936166 0.8804172684907551 0.8834138574355758 0.8852084462642105 0.8865335072011105 0.8905272372600995 0.8915551500057177 0.8937095031610542 0.8972193819713284 0.8984069759026623 0.9002966740130972 0.9009764723899987 0.9021158039284319 0.9030252317154244 0.9064738269460179 0.9087855408102167 0.9090854599485877 0.9115512999123759 0.9128934920710087 0.9149896598308258 0.9186123843814911 0.9200903795764583 0.920619021091054 0.9221962294607257 0.9225026147785426 0.9255846531113203 0.9272621189227942 0.929795061832657 0.9300043925614326 0.9325483530534663 0.9358075500916325 0.936312045950286 0.9389992413193474 0.9401076485754462 0.9421169974649091 0.9432761073984398 0.94437014439702 0.945135955090215 0.946347180699489 0.9469176668281601 0.9486729814688136 0.9510282371133517 0.9514174171603039 0.9542522191684228 0.9549651192707099 0.9562715607569888 0.9587053576237414 0.9593458772829423 0.9594048496558547 0.9606760787380207 0.9620343582046772 0.9640180919788099 0.9653233507304891 0.9658616344233213 0.9690454796840214 0.9697723997996466 0.9715984698071918 0.9731222731395339 0.973763985121567 0.9747239504701819 0.9770682834465213 0.979730005306721 0.9798670422719055 0.9817697683392744 0.9826572516325491 0.9847203130677424 0.9868493265549553 0.9884874113023921 0.9894961017071334 0.9911767213598012 0.9940245901782833 0.9953983509984049 0.9983881731693669 0.9993528080278331 1.0005545984973978 1.0021460573698047 1.002372659182122 1.0063100619310401 1.0087653225035371 1.0094989984031146 1.0122540538313098 1.013807288752473 1.0155137813130697 1.0190419393542798 1.01984670667009 1.0212606491081095 1.0244461295212959 1.0261384569888772 1.0290502643591843 1.0316717051896633 1.0345291861933013 1.0346433482383126 1.0413950940752588 1.0424921474115059 1.046161737661897 1.0516463889284386 1.0549958942234832 1.0606267489491756 1.0879675802363826 1.3143252059768855
230 8280 0.09950245011284672 1.3138101442254075 0.8725585757869548 0.8725585757869548 0.8793361071704326 0.8836316727459617 0.8850687974968156 0.8862494532901729 0.8896279418508366 0.8914866816490684 0.8934033222102786 0.8967369016231191 0.8980175120535477 0.8993776862639361 0.9008504444700087 0.9015187991719085 0.9025457524508045 0.906285721260435 0.9080987099895941 0.9088556970881715 0.9113068897232535 0.9126113595645079 0.9145817459627357 0.917660835240325 0.9192597596291404 0.9207604672346965 0.921772066108742 0.9223944410205452 0.925239284526964 0.9274449985901883 0.9291820046331725 0.9305523116550034 0.9323097083623921 0.9353613271113088 0.9366150169616118 0.939220550037916 0.9403321021946215 0.9421315156170129 0.9428096178059628 0.9434974757249537 0.9442977435629538 0.9459646833904419 0.9471422403269758 0.9489198289832024 0.9508709430015356 0.9520552084541309 0.953005166632184 0.9548208915693736 0.9564928318670437 0.9583719127656651 0.9591691261734865 0.9600672208825197 0.9606359646640042 0.9619959220627241 0.9643911445899538 0.9651711591407631 0.9658106999736115 0.9683758197912175 0.9697263231238566 0.9712486968290897 0.9736131142928092 0.9738157739741916 0.9746336617344994 0.976652922019175 0.9787647507283509 0.9799001690408423 0.98105564768279 0.9825701813744685 0.9843412695442624 0.987048249860705 0.9886582605355526 0.9896641268817703 0.9910363005359009 0.993243615200705 0.9946565018305499 0.9978074735927426 0.9990306576480504 1.000548463695855 1.002474452828042 1.0027018389776376 1.0060202521917117 1.00878393922129 1.0094130193640407 1.0121057009925771 1.0133600954064659 1.0164702459798438 1.0181076438843781 1.019689806150089 1.0207482835132358 1.024205089056041 1.0265516043317506 1.0292488361443775 1.0312224722288725 1.033842992319309 1.0345693163223055 1.0407567879971766 1.04218849937213 1.0455467954786843 1.05187340242875 1.0546696339563482 1.0606268414096698 1.0875731299914635 1.3138101442254075
231 8316 0.09665165185509968 1.3132040054279863 0.8721685086275621 0.8721685086275621 0.8798677690568911 0.8826831837014467 0.884419969798857 0.8858210370074285 0.8895776539119489 0.8917151805655632 0.8930659020037103 0.8964485276172152 0.8974816988978925 0.8986254413699283 0.9008573436960041 0.9016746815554676 0.9021143751702471 0.9071461552831386 0.9077334760156128 0.9089118126112465 0.911902899311948 0.9121101542542489 0.9141861437693088 0.9173679347423974 0.9191278330797774 0.9199892054756431 0.921266356512734 0.9219469797110145 0.9253186043036548 0.928064399473683 0.9288998944502319 0.9304171996117384 0.9321718186108133 0.934776238133568 0.9364657499770989 0.9387670023988369 0.9392459794684609 0.9422663144848616 0.9427521262112676 0.9431568557855731 0.9437079167757415 0.9455771852537251 0.9466298207825757 0.9480573536245083 0.95084777415752 0.9519251344041761 0.9532756637649136 0.9543910637865805 0.9558467019486935 0.9583450825179423 0.9589838526727263 0.9601213901591676 0.9606396865119288 0.9616349862713388 0.9637408678255126 0.964716857796942 0.9658303168014069 0.9678007975254028 0.9693772246403033 0.9714125376909368 0.9736493314448788 0.9743709128271024 0.975092675942054 0.9762312824328568 0.9784560244491922 0.9803119940682944 0.9819067806854765 0.9825012410584105 0.9843030357888934 0.98683222278364 0.9883627071174613 0.9892050401920222 0.9904729488058902 0.9929184360539006 0.9951387373793039 0.9979334348235422 0.9984451811772769 1.0005351911845548 1.002174931433951 1.002578407647528 1.0057415315234284 1.0084927550751395 1.0091547785947892 1.0112602320924602 1.0132767560711757 1.017040361700489 1.018164166156336 1.0195729090104217 1.0206418710966831 1.0240640317365841 1.0264054758952093 1.029662820836876 1.03099706563519 1.0338730703539982 1.0343093167164865 1.0415003799591496 1.0423573357866829 1.045222165003642 1.0521021122401955 1.054514427659496 1.0605623338103978 1.0870634327623299 1.3132040054279863
232 8352 0.09406692181147674 1.3126683008386304 0.8719258427232515 0.8719258427232515 0.8800813847373368 0.8835934358184807 0.8840154162144863 0.8862174635761763 0.8895458659404362 0.891871564524422 0.8924651546410451 0.8958406591050648 0.8970796273912078 0.8984521822532783 0.899491095535884 0.9016168229593897 0.903305992679541 0.9068013875697419 0.9076170597258437 0.908834708072146 0.9112906850309728 0.9118374869794692 0.9141343001134669 0.916703947011302 0.9190756028995439 0.9194397364519445 0.9209778707510549 0.9214298621866945 0.9240948592094719 0.9275054125702221 0.9295390077233614 0.9314594622321195 0.9324345277262306 0.9347760983630082 0.9357338121351719 0.9387770726940544 0.9393819348731048 0.9419739619941685 0.9425032383436466 0.9430593784450463 0.9440747681662461 0.9451878252693703 0.9455610020186717 0.9482539506569718 0.9504933025392619 0.9514243339070197 0.952292688914349 0.9547429127293144 0.9564482787337382 0.9577854530855041 0.958431266930721 0.9596595238500718 0.9604145990257532 0.9610565472625867 0.9634997307063992 0.9644333538145557 0.9659189371803508 0.9675516194908712 0.9688577964354828 0.9712907111098884 0.9740218133243503 0.97472066187956 0.9753274610957446 0.9759078742231365 0.9775321695125821 0.9800227307532581 0.9809615737826857 0.9824405558940329 0.9843890895839446 0.9867437428910618 0.9886039132175031 0.9887713447942039 0.9904036732165483 0.9927740736530376 0.9956377537248914 0.9975088902289632 0.9980119206435585 1.000980523483323 1.0024878440924296 1.0032414102266103 1.0055075028896057 1.0072865727722051 1.0090553288992454 1.010840888173687 1.0128365664173133 1.0162959620754748 1.0180338449693285 1.0196969958740456 1.020562101307097 1.024205985541192 1.0261731543360169 1.0286060527714407 1.0305328307161334 1.0342643617086569 1.0345195643008718 1.0421805788851801 1.0428736190974854 1.045251789353801 1.0525371801522387 1.0543078066282345 1.0602153173068094 1.0861434062841142 1.3126683008386304
233 8388 0.09165141637613665 1.3124813894190686 0.8716196054075567 0.8716196054075567 0.8801089194201421 0.8822371535681356 0.884130744154465 0.886400795014457 0.8892720731932269 0.8917459337460918 0.8926239494317287 0.8948353470834775 0.8970810246724942 0.8981754083518919 0.899277285349126 0.9007348203910756 0.9022450761261598 0.9062204297314703 0.9076034711511354 0.9083673655242376 0.9105191650602227 0.9115472435382707 0.9136821112477627 0.9166224645324776 0.9187119107715366 0.9190089313588541 0.9204103847384333 0.9211497398095575 0.9235700162689796 0.9273252878771944 0.9292200271097074 0.9301741774998011 0.9324367193644439 0.9339521403315122 0.9355890895526345 0.9377226663906252 0.9394908886654856 0.9421118778627064 0.9422977052452246 0.942774476568529 0.9437111451246303 0.9453946522595045 0.9457435004376921 0.948416158294728 0.9496575407483075 0.9504623210511663 0.9523732719687277 0.9542414388078094 0.9568395409560397 0.9576101145105802 0.9579566974785029 0.9594615961546307 0.96029575575076 0.9611603982990993 0.9636909167977599 0.9641684659989057 0.9652687162275787 0.9668742340602792 0.9689221964821462 0.9711843901346595 0.9735446702390386 0.973911121638513 0.9756241014458019 0.9759549706748052 0.9776990299141336 0.9793508628327346 0.981054704337414 0.9824231898814066 0.9845943796959449 0.987589749455712 0.9886524355097243 0.9891406456905882 0.9898655551076947 0.9926793852953211 0.9956882683703776 0.9974831667711029 0.9997798586419684 1.0002651542878807 1.0023279028863952 1.0034113944859409 1.005346989689819 1.0073016381435131 1.0083273661410999 1.010209176367864 1.0128825976135447 1.0161588785175026 1.0180013332547548 1.0198337542600777 1.0214109659457835 1.023609981096816 1.0260542515345725 1.0287560071386261 1.0307091390723688 1.03422345074292 1.0348181097966143 1.042264245892448 1.0426453884872773 1.0457964865888625 1.0528372906810437 1.0543070272798198 1.0602783216583345 1.0866300340627928 1.3124813894190686
234 8424 0.0894091094923364 1.3117888798693118 0.8711471366205663 0.8711471366205663 0.8789873518847513 0.8811164587745868 0.8835831498632293 0.8863835780425902 0.8887581858980456 0.8915350313704431 0.8917030710360432 0.8948671691891423 0.8964387472311321 0.8978193869761834 0.8989340765577222 0.900780220929711 0.9016745529877732 0.906147104672091 0.9074438654642643 0.9080713733353332 0.9102655697836651 0.911567567754638 0.9132568034844558 0.9163007564062837 0.9182803742412562 0.9187994874651464 0.9204143008150865 0.9207794462400665 0.9241632550355467 0.9264541406441399 0.9288940546541254 0.9298261434510638 0.9314837156901911 0.932613830257606 0.9351060685610972 0.9376482172498076 0.9397735755496167 0.9413692016285831 0.9417538545375206 0.942330909514991 0.943229271713235 0.945116084184823 0.9459738547458836 0.9479674217262016 0.94908277822722 0.9502517112708504 0.9517659248715475 0.9540521333157714 0.9563896766972928 0.9569407438790174 0.9579815041644058 0.9586584760880367 0.959903329081983 0.9613469228762057 0.9635340148495147 0.9645754963035649 0.9649024810636465 0.9664898584970668 0.9687843229469949 0.9712301213609681 0.9727579542616266 0.9738536663936208 0.975391992223919 0.9756951383217434 0.9789282261657676 0.980256106657792 0.9812636337058016 0.9824876024724184 0.984688699699445 0.9877036976865282 0.9886570810362083 0.9897351818147629 0.990021104289101 0.9928389312697592 0.9953202715879905 0.9975836798286579 0.9994360597082356 1.0002342247835447 1.0017063217608653 1.0029201394646394 1.0062507304031965 1.007234622769925 1.0088426800677608 1.0102817419477161 1.0134764966519938 1.0162695718574062 1.0175815184709651 1.0198066398380226 1.022007795880893 1.0243310028338248 1.025741182978671 1.0284843261387624 1.0309248957424304 1.0346360951226965 1.0350533177280057 1.041852052215294 1.0424207247076396 1.0455794289841966 1.053129883443247 1.0536258968082939 1.0599768708852009 1.0862960081042774 1.3117888798693118
235 8460 0.08705898848502405 1.3115776038347142 0.8713213851841485 0.8713213851841485 0.8788205516011923 0.8805259927939358 0.8832181277239189 0.8859804425917992 0.8887073852115299 0.890311729826186 0.8922669473788355 0.894847767403143 0.8958791725936516 0.8980785410289874 0.898144424369297 0.9005675709197538 0.9011664271742554 0.9055271069431222 0.9067426665399285 0.9083961742212606 0.9101204097680807 0.9111038537495053 0.9134333806689161 0.9160617833999353 0.9178645935271396 0.9185320532779083 0.9200166843146205 0.9206652296409457 0.9229447259082316 0.9264853425743803 0.9287002573202328 0.9290413625865412 0.9311084577286298 0.932471688938769 0.9349272528314807 0.9374697055843887 0.939505131463175 0.9409487492189005 0.9414224372331252 0.9420433927543627 0.9434770318004473 0.9452817753020676 0.9468307106981653 0.9482930354601089 0.9492456189496911 0.9504047996663059 0.9517357231444241 0.9536424503647003 0.9562891454415029 0.9572086740223612 0.9582648099040363 0.9589710648718838 0.9601010407271978 0.9610882623975824 0.9632265780853111 0.9639276411641144 0.9645387300420314 0.9663542878634019 0.9688086192394666 0.9715817303425168 0.9722383793546897 0.9739490459584879 0.9750996035834465 0.9755791288031382 0.979665861232917 0.9806294865712961 0.9812171915119072 0.9822847610774098 0.9847880983020719 0.9868885944878367 0.9885928417119715 0.9896586953376323 0.9904305878152733 0.9927516175670719 0.9950545275440768 0.9970134405366361 0.9993905419764231 0.9999789640069385 1.0019197160417739 1.0023904404283543 1.0063900682169642 1.0076002575888559 1.009212478136236 1.0097243265398717 1.0133194144023046 1.0162220264008874 1.0180164443044841 1.0192131563701259 1.0216644199087064 1.0253279874227152 1.026069093696207 1.0278301737674924 1.031225362411004 1.0338578445839255 1.035483815405935 1.0414790267975464 1.0420262139222427 1.045397264006518 1.0527926481463818 1.0532716352940252 1.0594247586956878 1.0856369903689016 1.3115776038347142
236 8496 0.08451881531838197 1.3114369881794519 0.8702380938113984 0.8702380938113984 0.8783723918177326 0.8801626634955954 0.883284821254871 0.8856651214518112 0.8881422830413053 0.8902868632647206 0.8920051045667037 0.894503256901665 0.8962384210735522 0.8976507754097411 0.8983772630763867 0.9002292782901341 0.9006962090618117 0.9035100606680724 0.905965922000826 0.9079657412293157 0.9100541591644348 0.9115253530721414 0.9135907715262526 0.9161008234329006 0.9171515038283004 0.917730479691971 0.9195012595027986 0.9204059262590648 0.9234073053224137 0.925961885991706 0.928073720451537 0.9286850632857471 0.9309847243356076 0.9323080483174683 0.9351402552459103 0.9369096096479228 0.939217047227255 0.9403107443051335 0.9411058456809019 0.94197326606493 0.9436047033893709 0.94523706337001 0.9465668480733365 0.9473621585050908 0.9494823516832147 0.9502210489464904 0.9521994230898836 0.9532602812032446 0.9564942985081573 0.9574601125026307 0.9578319535520474 0.9587422876396888 0.9595347535372692 0.96134657069324 0.9628379226265036 0.9633128424496492 0.9650368090892613 0.9661932052137054 0.9691861451252628 0.9704529660656674 0.9709713601845477 0.9732863830813407 0.9746616679198765 0.9757341640558783 0.9795542233622045 0.9798266396170896 0.9815197907057953 0.9827046165234907 0.9847643376131618 0.9869789544514909 0.9888969375327878 0.9899754534083165 0.9913808616691886 0.9927234088197118 0.9951922895205645 0.9970423138680626 0.9996020916251126 1.0001853865321502 1.0017621766595926 1.002418591041012 1.0062898843593513 1.007236121879163 1.008302638148626 1.010102988896354 1.012913047564882 1.016083559996476 1.0177286314072538 1.018286980635987 1.0213846873733154 1.025097266871039 1.026123983000166 1.0284253591031238 1.0308263980713805 1.0342627656954084 1.0361319212760571 1.0410179321485693 1.0420275733696172 1.0456046081495112 1.0524478361667684 1.0532202410963187 1.0599976114177296 1.0854942799243963 1.3114369881794519
237 8532 0.08238625285811414 1.3113212565284431 0.8704337522356997 0.8704337522356997 0.878412382298263 0.8800751828926237 0.8826204620613273 0.8862904713622092 0.8877006078808484 0.8894648424442417 0.8917681416674118 0.8946597260841799 0.8956881165260133 0.8975231074377181 0.8981737179038838 0.8997831186412872 0.90065591217481 0.9033937980594754 0.9046469150777913 0.9083931386941417 0.9092425661629102 0.9112295841495298 0.9126940384958366 0.91548504105484 0.9167761628579025 0.9176083938973856 0.919270557635593 0.9204004590545141 0.9234827883734734 0.9263402626039866 0.9274114481518442 0.928915756446848 0.9310876357132103 0.9320619081781653 0.9349327272119767 0.9362885382847281 0.9391284017298104 0.9401856241085365 0.9408786870588441 0.9414644094609868 0.9432372685281392 0.9449760021097461 0.9457922762298233 0.9472281708198759 0.9490923836139388 0.9499421773496652 0.9526924231661443 0.9536724597292319 0.95595693625793 0.956873630184974 0.9575823705465599 0.9585919622415112 0.959790075029048 0.9604756143266167 0.9619206134359063 0.9628338718439161 0.9644706886849347 0.9661711300692192 0.9691456301482227 0.9698040063131821 0.9709321217684097 0.9719514063390972 0.9744300396232471 0.9758389752206242 0.9792005575714403 0.9802930002638411 0.9820344055195492 0.9827830467619311 0.9846936178034826 0.986767911052923 0.9886699389761011 0.9895398504876278 0.991502555143857 0.9922919955779629 0.9949427864812606 0.9969825177437194 0.9997008106327494 0.9999793363330756 1.0017606009984257 1.0023535550415705 1.005828705342941 1.007558990487962 1.0083290114916887 1.0099116723941857 1.0134265408426169 1.016654085431826 1.0179679571778117 1.0181935694623658 1.0212209497914513 1.0249264287959523 1.0264529629044858 1.028152965915078 1.030646585763475 1.0346516445526255 1.0356888448679027 1.040712197207307 1.0419852574124353 1.0458900141708112 1.0524991168894648 1.054075402804915 1.0608949742247253 1.0858313832765925 1.3113212565284431
238 8568 0.07994097145234878 1.3104358609948388 0.8693867802197571 0.8693867802197571 0.8782449965131165 0.8794071194928866 0.8825386918500822 0.8854058480684517 0.8870334195924037 0.8891305978186063 0.8919333574878889 0.8946258918267933 0.8950908946402296 0.8975372301632155 0.8979025711116412 0.8994695232294803 0.9002489455836742 0.9033040437281978 0.9039476620739091 0.9082449143155574 0.9089934408286614 0.9108115991501973 0.9128057642394622 0.91568412236487 0.916771236870546 0.9175791160860314 0.919292334667751 0.9203082278749825 0.9233533039290222 0.9256278362253125 0.9272918552480792 0.929395127840133 0.930479244162827 0.9323321135922065 0.9344614426434878 0.9359826216175422 0.9391716909682528 0.9396911466632145 0.9405939882682994 0.9416896869600873 0.9431507073113976 0.945209420548703 0.9454372537477125 0.9468921884177918 0.948686974496806 0.9499621789920168 0.9529354871178198 0.9533487769121349 0.9558271825784981 0.9564785571227096 0.9577909261418185 0.958673912870708 0.9588687679703282 0.9602429003348106 0.9617596281321563 0.9628642287335549 0.9642534110233854 0.9658075189771618 0.9690761284682147 0.9693591294648295 0.9705856192310107 0.9714349333799692 0.9743946232332225 0.9755402634961164 0.9790698981199532 0.9808870232545166 0.982000486268223 0.9829389585707248 0.9847226714402691 0.9866733080934845 0.9890044988139104 0.9896401047654005 0.9906350274983379 0.9916744467670532 0.9941497039801094 0.9966009267328032 0.9993223458615784 0.9996563698284866 1.0013630731673784 1.0022477481461904 1.0050554928079616 1.0074369106783052 1.0087352725351166 1.010339293994105 1.013203071063346 1.0168958132169794 1.0177453841635988 1.0182839605866478 1.0216448839654213 1.0244679255700655 1.0269585852380865 1.0281736720730252 1.030001223232137 1.0341362069786955 1.035378299569631 1.0401218540666828 1.0428073941712166 1.0457875261556602 1.0527119091794028 1.0545736760891602 1.059974066307151 1.0858659282330012 1.3104358609948388
239 8604 0.07708257346741587 1.3108090337346892 0.8690715284077827 0.8690715284077827 0.8784422839899751 0.8796603741323499 0.8821992980817257 0.8852440031374182 0.8870292035915338 0.8890392543119774 0.8912362031244168 0.894500569212268 0.894511052442967 0.8972744033517416 0.8979302221774534 0.8991343601544306 0.90031110522433 0.9031508972998394 0.9045360325901051 0.9082687630642936 0.9086156822080289 0.910729804032559 0.9124982968757456 0.9149644638460528 0.9164010968283549 0.917702565734211 0.9193008588901943 0.919896494595835 0.9225587422636871 0.9254269796812543 0.926750979609732 0.9284940603464009 0.9305690186566461 0.9317636312765124 0.9345608532885411 0.9356939292909123 0.9387393722327125 0.9396172553727898 0.9399635746200911 0.9414170976925849 0.9438584871657918 0.9447933807801873 0.945651808582462 0.946860399814681 0.9482853863048583 0.9496210278681309 0.9521696401652829 0.9528247395641242 0.9555703607873699 0.955824270995788 0.9574750476483754 0.9583184698289391 0.9586069226847528 0.9603544556904764 0.9617764848906142 0.963395927719565 0.9640319612839768 0.9655748663291839 0.9689025999102248 0.9693503788702688 0.9705090954452898 0.972017755524656 0.9744876165727553 0.975573266642015 0.9781498722981888 0.9808651029240543 0.9823159875857773 0.9829850691144675 0.9847910181401274 0.9864070970393117 0.9887760240092324 0.9897069430052715 0.9904190632042708 0.9923333095464196 0.9942102165256149 0.9965970044167962 0.9982218326612764 0.999168862310086 1.0017497182848147 1.0023868171778403 1.0048907971726957 1.0073926259788035 1.0081305440541597 1.0099450076733059 1.0127952481990776 1.0172672519461636 1.0179956768121983 1.0190132936688407 1.0212658584056447 1.0246349819192793 1.0268883243060662 1.0281903825415797 1.0298004527783873 1.0337646143511667 1.0349352482011578 1.0400713397388268 1.0435587107819697 1.0457903339153471 1.0520228403782246 1.0546917512108331 1.0600135144963156 1.0854042004999416 1.3108090337346892
240 8640 0.07456960123132446 1.3089527051676226 0.8691759233767427 0.8691759233767427 0.8782186516381908 0.8798413676410151 0.8816054040626448 0.8852375629333422 0.8871170346876982 0.889038662976317 0.8906352415626668 0.8934748572259862 0.8943237763819709 0.8964821529289134 0.897618369815049 0.89897107549104 0.900480120945569 0.9025633995818519 0.9044975999823736 0.9076224445616924 0.9089297175721547 0.9104095700632912 0.9121360583800201 0.914778769459826 0.91600390496083 0.9174968890305728 0.9185067668831616 0.9191548757929829 0.9223888252533572 0.9258189271407331 0.9266736344735537 0.9284848538641124 0.9298413957201151 0.9325648382068794 0.9342218741913271 0.9346201260974547 0.9390454432328087 0.9393054043078831 0.9399049461680689 0.9412376554050716 0.9437849759960336 0.9450288722104485 0.945661210986683 0.9463611564418428 0.9476467658859505 0.9494515641800421 0.9515359761747999 0.952434971925779 0.9553045982710421 0.9554184856132069 0.9572483772258938 0.9580860756849657 0.9585848476538487 0.9602058499936059 0.9608815758417447 0.9638788920351341 0.9648050226594217 0.965877143910994 0.9679553092391897 0.9691156220198924 0.9709596207429005 0.9724052419060524 0.9749703105774926 0.9752935320101203 0.9772919477075315 0.9809928772673198 0.9818876596325021 0.9830285729785911 0.9853972743183852 0.98654746784843 0.9891114096122282 0.9893474219321725 0.990597999364832 0.992414886435402 0.9943131764798954 0.9966393828657619 0.9985074882089321 0.9989417309213949 1.0019684176954335 1.0021875000568126 1.0045211801181668 1.0071536067985947 1.0081526275560457 1.0100463786600464 1.013151368568209 1.0164594601253976 1.0178533985877762 1.0184572068221565 1.0216669660416984 1.024613165029839 1.0267818632919616 1.0270343190330484 1.029967485147981 1.0331724438914696 1.0347675646847105 1.040208483154173 1.043408107516687 1.0458561690006911 1.0520412327394661 1.0543619787921386 1.059910652283396 1.086027318956389 1.3089527051676226
241 8676 0.07247302140168806 1.3086909450551334 0.8688687603819215 0.8688687603819215 0.8788242303763434 0.8792737748234397 0.881078674004478 0.8843470970550514 0.886940854065696 0.8879741280991118 0.8901798356357008 0.8934236337354021 0.8944114944250783 0.8961699231777777 0.8976141546602151 0.8988657710405847 0.9004781341393718 0.9023650365625989 0.9039585350134788 0.9074797879126644 0.9092117720943499 0.9096546378340147 0.9120569828292447 0.9145067299926064 0.9158174033262362 0.9171687679874095 0.9183541853263638 0.9187098140668262 0.9222070795101422 0.9255178923045652 0.9267028832426142 0.9274407417237094 0.9291278837095487 0.9320403612477184 0.9341077719574499 0.9345451715587101 0.9376402294161401 0.9386854460032181 0.9390999841298471 0.9414709510140836 0.9431663228370681 0.9444084645767432 0.9455650067017362 0.9471403415337742 0.9475301781545895 0.9490839522497762 0.9516683710864945 0.9528250003937282 0.9548863100935879 0.9552937104569718 0.9570573366841939 0.957969291278273 0.9581233707707393 0.9600173298789665 0.9609427533702944 0.9633948026683977 0.9648531573834286 0.965529126713435 0.9680553506947785 0.968687910864129 0.9710873554521195 0.971652705459831 0.9746646579659897 0.9751617862111142 0.9772641487306749 0.9807924324022227 0.981354044381221 0.9827263451914683 0.9853657620540202 0.9857949089376288 0.989128767229702 0.990133770583946 0.990606845872223 0.9927485721472313 0.9932139311095257 0.9964486086567375 0.9984362457869349 0.9992986494584478 1.0016448886736826 1.0024045312115735 1.0054729785096281 1.0066635831386366 1.0085742241621147 1.0110625770496406 1.012646969918362 1.0151339708293228 1.01781484774957 1.018759800387805 1.0215253261430532 1.0250714770095153 1.0263075414660618 1.0271122525258563 1.0288757109398072 1.0329914811828722 1.0346198553826298 1.0396947053208854 1.043134042175948 1.0466590220460834 1.0519409946835085 1.0551088782315123 1.0600653654791403 1.0860503745259575 1.3086909450551334
242 8712 0.07047023495096234 1.3090277898635894 0.868963758970225 0.868963758970225 0.8788008544987539 0.8788940717293742 0.8796539033574361 0.8843997539561484 0.8867292014145917 0.8877243608187801 0.8902438158093388 0.8931428109757729 0.894578089418564 0.8957266186384535 0.8976996287198139 0.8984279389426382 0.9003900980864882 0.9018025669668063 0.9032009854133866 0.9067063181414574 0.9088510944438117 0.9101208092177756 0.9117188024188958 0.9149140753284327 0.9157484543713423 0.916951146590521 0.9181352008190974 0.9183455011528717 0.9221864127438031 0.9247438364290842 0.9258890927926828 0.9268961305745315 0.9279313941071999 0.9316359729831569 0.934115224734023 0.9344970335782281 0.9377001576881892 0.9381799134338469 0.9395125875457699 0.9409919143088796 0.9429799617676646 0.9443325632067071 0.9459826670265178 0.947037512350934 0.9477948473978014 0.9488418282792503 0.9517098361617686 0.9527861315256496 0.9544266217553461 0.9551536218582763 0.9560247234053137 0.9576689781210979 0.958021585619128 0.9598641093858399 0.9607594210784389 0.9632821294107362 0.9647837737774424 0.9657592452426773 0.9680613559835171 0.9686135274025247 0.9707827536261433 0.9712500195736106 0.9749533847957701 0.9750271604998509 0.979046355969046 0.9794260513222155 0.9810647850531592 0.9826415624876715 0.9855427090252477 0.9863064734897011 0.9885429238913824 0.9902795821307515 0.9904523802189124 0.9921212205418262 0.9944808100313415 0.9957780743257139 0.9981996330075201 0.999794453406938 1.001528773135809 1.0018579012225741 1.0054968792037697 1.0058968343235293 1.0079669170373078 1.0114791236688827 1.0129880062576564 1.0155578071783877 1.0178707062074897 1.0185010169315576 1.0214272739610255 1.0238157625047148 1.0262128062424156 1.0270830020529986 1.030114623081244 1.0323301284616462 1.0341466055835264 1.0402619391504904 1.0429458233027589 1.0471026416754092 1.0519215466233878 1.0549489207985427 1.060381233866562 1.085247964711445 1.3090277898635894
243 8748 0.06868354479443356 1.307899229090633 0.8685053620631069 0.8685053620631069 0.8780615891434456 0.8789990564274784 0.8796528015511181 0.8843702889813916 0.8865937462074637 0.8873004724219927 0.8896303729390841 0.8926873898097005 0.8945251087262541 0.8952587177675533 0.8972300918727907 0.8981484024857727 0.9000311158295593 0.9012996940517709 0.9033819622435452 0.9067693690331341 0.9084618739132122 0.9092044964825999 0.911794533977566 0.9143888285438341 0.9150366484897948 0.9162756728620757 0.9177685137521187 0.9182736519325186 0.9221240340884722 0.9248213727823803 0.9254424378246007 0.926955201282702 0.927675333787044 0.9313516276914297 0.9339455412306074 0.9341203948240341 0.9371686888362935 0.9383743203540761 0.9395014005364349 0.9410809605283159 0.9427376242208313 0.9434599325632165 0.9458388228722217 0.9472721867459784 0.9474790525672959 0.9492332283089759 0.9519112572147567 0.9523089121308228 0.9542832927783105 0.9550277563731089 0.9562210829833314 0.9568590088184128 0.9582802401022418 0.9600366296432167 0.9610464142403143 0.9627300867799823 0.9638000973891437 0.9662196850101987 0.9675866986844582 0.9679766725963102 0.9705897620741625 0.9709610129962054 0.9747798580890971 0.9750760060662274 0.9781165514382935 0.9788354965061326 0.9814805175839048 0.9830018413260011 0.985387600100825 0.9866413191349349 0.9885405999766608 0.9899737859862882 0.9911353314207854 0.9919492173666808 0.9938047487016032 0.9957179924906842 0.9979875750474759 0.9998166921619479 1.0010216292544685 1.0012531895369443 1.005558307007532 1.0056323303921937 1.0080449099212785 1.0114557137287188 1.0122688275296647 1.0146724102374838 1.0180782061302411 1.0183459098869732 1.0220023018313795 1.023273859109036 1.0262430707002181 1.027099784722328 1.0306036508190588 1.0321361330518855 1.0342245541795339 1.0400287770266805 1.0434483192864308 1.0464997789776906 1.0526888713446536 1.0560258314303939 1.0594617549974557 1.0857838127211297 1.307899229090633
244 8784 0.06707531277552033 1.3070393372812747 0.868417861147911 0.868417861147911 0.8781487318107662 0.8788518837814134 0.8799930131712592 0.884412324975639 0.8857792804731546 0.8866555460929335 0.8894946001308006 0.8922360626639979 0.8941372307748287 0.8947177298278935 0.8972639904093445 0.8978363213056725 0.899862251418052 0.9015269275407398 0.9029454024772219 0.9072075819088867 0.9088150810258607 0.9090035202029884 0.9110147427301307 0.9131461303397561 0.9144346871367455 0.9160307988985011 0.9174306526138037 0.9184383258141008 0.9215776081541404 0.9245325619466703 0.9252546715111722 0.9266298092602191 0.9283920854875246 0.9302998998172043 0.93311131943433 0.9340193575507205 0.9362578906583566 0.9370987488777773 0.9392057113937421 0.9412448884731827 0.9427505250160553 0.9429260277410478 0.9454367325252307 0.9466430807186035 0.9473386963477148 0.9488297331564931 0.9514913093775937 0.9526137109389604 0.9544905592440018 0.955079273763397 0.9554422761918361 0.9573296863310994 0.9579048444036399 0.9598221323104064 0.9605017048269978 0.9624743822643596 0.9638450395809818 0.9652196261219947 0.9674422778745236 0.9690099352843607 0.9695304873688104 0.9716366481191328 0.9745179331038076 0.975017357180134 0.9775984928882121 0.9785457249909255 0.9812777878867092 0.9827673349264857 0.9848045449925739 0.9870264593911157 0.988617265223257 0.9900529412525364 0.9910007173902791 0.992093022723456 0.9936701488933376 0.9960698219716454 0.9975581326297982 0.9996351777483733 1.0005073479597026 1.0018641421116599 1.005235871729308 1.0057867896833255 1.0080062699347774 1.010885264377299 1.0127629790752686 1.014255719825491 1.0174096181881198 1.0176569777983642 1.0221758756146404 1.023204435665415 1.0266504110430479 1.0281252581866316 1.0303442486179313 1.0320337723397854 1.034120144645559 1.0392044020384748 1.0437373687626903 1.0456450090602818 1.0522948509941048 1.0559391191026886 1.0593485471030302 1.0859335801866483 1.3070393372812747
245 8820 0.0656200125401524 1.306572384051585 0.8687686892515729 0.8687686892515729 0.8770627085898376 0.8783184705982843 0.8803190651118201 0.8840230266743228 0.8855778665927335 0.8860146032471684 0.890094035574307 0.8916801874284785 0.8942071270294611 0.8946982618164728 0.8971308146857865 0.8974522057025084 0.899537854623278 0.9017380674437617 0.9033019790906079 0.90719597838047 0.9082977418751015 0.9089622851395909 0.9109243984524958 0.912543735575813 0.9140495407100456 0.9152597753402884 0.9166171794282507 0.9178972930169822 0.9214787929388574 0.9243691858704972 0.9247436908922747 0.9258035333506598 0.9286218890532215 0.9296898801501856 0.9325207836426472 0.933538170130826 0.9362900158887715 0.9378425103156198 0.9395710338510079 0.9410328425269423 0.9424543229637383 0.9426763939165889 0.9449421441582877 0.9461885508919032 0.9472667420982389 0.9479555848584077 0.9506778469436459 0.9520211173875135 0.9538717518441251 0.954964696187523 0.955569469672183 0.9567296164388288 0.9580889853910446 0.959597837139592 0.9601512834298669 0.9623511566639212 0.9640638032946439 0.9656366078491897 0.9670758401159877 0.968576246203369 0.9696826193890474 0.9718793871568484 0.9740920321520231 0.9753976553521462 0.9774399219779585 0.9787364005852746 0.9810228527190565 0.9825024557751776 0.9848218470824762 0.987016659827289 0.9879186312775512 0.9902201117935103 0.990516161171464 0.9919032173073395 0.9938107216134815 0.99592942599162 0.9978495763130281 0.9988653571510858 1.000419159599991 1.0015079658315638 1.0053365123215334 1.005733177633901 1.0078866026723947 1.0110011618551933 1.0128630588928402 1.0148003083503443 1.017178024163434 1.0180689491565587 1.0216989987797456 1.0231790732350152 1.0267226889181518 1.0284040329172883 1.0311149307009992 1.032000869439076 1.0344357208355421 1.0393038263094796 1.0446694328493817 1.0452070124523796 1.0526116803654892 1.0564479975011092 1.0594509640219543 1.0864428396709722 1.306572384051585
246 8856 0.06395167672677304 1.3062614964043093 0.867728375743261 0.867728375743261 0.8768372322493986 0.8781656924450204 0.880408807749095 0.8835920091850064 0.8851995316465585 0.8858552828096865 0.8902567689530014 0.8915890729206788 0.8941197371731113 0.8945071089418477 0.8965186056589296 0.8971663429207797 0.8996735330021115 0.9017624119419486 0.9033861847184592 0.9068326404159758 0.9079349405791108 0.9086783252442877 0.9104070008668169 0.9115543692014937 0.9142214814922642 0.9145131526744142 0.9165803197395349 0.9176630624113047 0.921401394740194 0.9243117077066447 0.9249869528155391 0.92509218102612 0.9283387624098004 0.9297289418238538 0.9327332035913687 0.9336737312287898 0.9353261029916946 0.9374656826071863 0.939857042339467 0.94052856155603 0.9420244920686319 0.9427522523536461 0.9438980393922793 0.9454524151473731 0.947234827129198 0.9480088943975954 0.9506259784611862 0.9510166656580149 0.9527049800243935 0.9543106594375073 0.9555074746286616 0.9563391585819773 0.9577866655511701 0.9587457093175961 0.9607308927006633 0.9619775878378555 0.9636488152389181 0.965197826348096 0.966861025198365 0.9684699685240333 0.9697021290152302 0.9721000658256579 0.9736337282984052 0.9755411887747897 0.9773192604010293 0.9788889879469884 0.9807153061205122 0.9826383621729922 0.9846017304884368 0.9872442833272181 0.988246321756261 0.9898499264708249 0.990713127594515 0.9912420465737314 0.9944070350259119 0.9957711822916611 0.9980169160176272 0.998577450933074 1.0005979707499641 1.0011697216619444 1.005151934855755 1.0056942099652022 1.0079390261267644 1.0110805717444138 1.0130612648930772 1.0143331807517924 1.0171977824610905 1.0189571035331517 1.0211485656229893 1.0227442195741794 1.0265164763485868 1.0281205246903826 1.0314028803173239 1.0325347693401787 1.0341858779577044 1.0391777464143708 1.0442440153829207 1.0455159702635184 1.052240587068437 1.0564573230221148 1.0592775261759955 1.0866353620807025 1.3062614964043093
247 8892 0.06202519889506066 1.307818746965796 0.8666115282960011 0.8666115282960011 0.8768883597484227 0.8773322801641453 0.8798126640675809 0.8833065061401394 0.8848402305816312 0.885962442032547 0.8894483193288036 0.8910655037307718 0.893706976988927 0.894634064324072 0.8957040905579143 0.8973123576345496 0.8995017606282673 0.9015365916120802 0.9035232558019749 0.9060152051847421 0.9079371881611146 0.9088205843338377 0.9100269171549185 0.911290533606555 0.913026586391362 0.9145220279491041 0.9172745102332045 0.9182903764254614 0.9206797991324004 0.9240609448425215 0.9246071175622202 0.9257390316033469 0.9279361828416807 0.93000343138924 0.9321043791323905 0.9336216883897968 0.9354080331923307 0.9367835871729385 0.9396055467717778 0.9404031987289619 0.9417945007147083 0.9428811435851128 0.9431072246032997 0.9451315738541954 0.9464515407424531 0.948022530093204 0.9498877601410287 0.9514469450741189 0.9520847982229784 0.9548938728005473 0.9562383280060051 0.9565677620584232 0.957333805563906 0.9585590194418763 0.9602635413264929 0.9615124153383137 0.9634520283456143 0.9651395737460906 0.9669995616969235 0.9684569438681606 0.9696910740655557 0.9721523079554666 0.9731315672100402 0.9759106503935593 0.9770499292046226 0.978310418364643 0.9813964713786294 0.9829483984223161 0.9849343172008171 0.9865630440459349 0.987681147985666 0.9894708995195227 0.9903943163970663 0.991032278142465 0.9938616161941827 0.9949921442560448 0.9979486633629018 0.9983708180890141 1.0007838380798768 1.0012765298480821 1.0049510542301683 1.0059282047835088 1.0084180387357364 1.0119931124714208 1.0131338767775544 1.0147490193569426 1.0167356910037855 1.0190125712496427 1.020985796372812 1.022171383078825 1.0265620377173406 1.0281255463212011 1.0313567893025226 1.0324592393816279 1.0331825442478832 1.0392458574780705 1.0438001532400176 1.0455577588745395 1.0526561661186529 1.0561742056156405 1.0592893590719212 1.086462443246686 1.307818746965796
248 8928 0.06034332629005448 1.309604040768686 0.8655395755591628 0.8655395755591628 0.876602117065449 0.8771226647396584 0.8795895424695662 0.8831370361902188 0.8851129401669393 0.8862403412541997 0.8884794688015555 0.8913719557692137 0.893554944671333 0.8942864604500206 0.8963711886152779 0.897755777290192 0.898834470064336 0.9013018582412632 0.9035219568604258 0.9061657324140506 0.9076995663914924 0.9083536596558389 0.9103281392775702 0.9115477527110509 0.9121998418560325 0.914529449578441 0.9170031475187248 0.9180912252660232 0.9207808153992769 0.9231749677223894 0.9244748803240743 0.924923507947801 0.9276381758111556 0.929472100429302 0.932234373714553 0.9333707792826369 0.9358728802079519 0.9363187228659612 0.939652620188734 0.9403080706137974 0.9412094730310595 0.9428661829931566 0.9432913421443438 0.9445895791326341 0.9460823088628877 0.9481794343331946 0.9495538597874056 0.9505541999626484 0.9516215695406453 0.9547640248492474 0.9560896203080159 0.9562193081287333 0.9570750648072217 0.9584107873405019 0.9594938585318978 0.9604367369216925 0.9627028175551707 0.9652305500723772 0.9669328493917494 0.9684382576088292 0.9695639782037275 0.971718742875262 0.9732396827235505 0.9752306530140408 0.9763688458675954 0.9774698121229853 0.9821762237590148 0.9831984968360231 0.9846077072534697 0.9859640357118385 0.987120803021231 0.9893033331858893 0.9898895569427768 0.9912587951460786 0.9938171258324063 0.995058925074071 0.9978504759968537 0.9987090785021878 1.0006891414779868 1.0011265818628983 1.0042748821866032 1.0061998482133652 1.0074774553570762 1.0118652189142083 1.012805728465901 1.0144638351386817 1.0169744881477785 1.0185648916788486 1.0209159774141372 1.0226528996070245 1.026219780678917 1.0284534795050553 1.0309285893647295 1.032230144716087 1.0336915365258472 1.0389132934039542 1.0437761156346064 1.0448572595080305 1.0524078839525313 1.0562434627681838 1.058346614121748 1.0868892360297466 1.309604040768686
249 8964 0.05898677511836887 1.3086187150705435 0.8654930442439723 0.8654930442439723 0.8761953327571441 0.8770510046710162 0.8796548962041801 0.882826340875428 0.885168320614842 0.8859567215175944 0.8896104412186395 0.8910747020103584 0.8935697655566525 0.8942864008995336 0.8960049006308091 0.8965149696214103 0.8989277130187142 0.9000027520973506 0.902669091609714 0.9061160950042229 0.907307432321114 0.9084445513422995 0.9103183699321216 0.9113939325877933 0.9118571282880286 0.9144173845099456 0.9170297505831511 0.9175619227027428 0.9209246166935673 0.9225281186676673 0.9237528903089375 0.9253707773564214 0.9278986630468964 0.9291364988013797 0.9319719851181145 0.9330681058848163 0.9357620022511173 0.9362398485630941 0.9396711643329122 0.940389966577487 0.9418810807992491 0.942761749900028 0.9434077005928206 0.9440841410721282 0.9460696269273425 0.9474126144412083 0.9495490314637479 0.9507582857394137 0.9511206437851548 0.955341802060552 0.9555983612150456 0.9558706528173709 0.9571286235409734 0.9575494244884984 0.9591310744642354 0.9599434064633341 0.9633800766290946 0.9641535771576482 0.9663952038466969 0.9679626861451106 0.9694144878105047 0.9711964187775466 0.9735525193809984 0.9753124113580611 0.9761558370390405 0.9774896718666206 0.981966598616105 0.9835911119426387 0.984104175509518 0.9856269458764302 0.9866362910060301 0.9892730337687698 0.990038103657094 0.991495895894891 0.9937364785233838 0.9946708253864979 0.9975573193146837 0.9977902114345413 0.9995999044806118 1.0007579150715342 1.0042171619100477 1.0070519086833105 1.0073283761815488 1.0116151445878743 1.013206228845726 1.0142711859410976 1.0175093884365958 1.0184545697079883 1.0209808527188398 1.0220660989774282 1.0266889789761051 1.0283936732363659 1.031193139703785 1.0322196608018295 1.0330471737741747 1.0387777281414363 1.0433036158354176 1.0456163496654352 1.0519836596359777 1.0561545700322008 1.0587805481520314 1.0870865075121061 1.3086187150705435
250 9000 0.05732347245512067 1.3073541847935324 0.8655445825225125 0.8655445825225125 0.8758870595717221 0.8771458173660286 0.87958065563167 0.8826434375236353 0.884913139338138 0.8856704057081636 0.8896657470838464 0.8903675467571218 0.8935910108284356 0.8938467957219229 0.8949602024095115 0.8962877028505911 0.898503355171342 0.8989427877679986 0.90221722943866 0.9061620512308161 0.9067959538604915 0.9076013415468872 0.9102878703931406 0.9111924071402905 0.9119562681411724 0.9140641914101156 0.916888743441739 0.9169943077052956 0.9204413812175524 0.9216356761853018 0.9237548529636216 0.9246999295093624 0.9275480925801275 0.9297513390343876 0.9319921343814752 0.9325711235165627 0.9348705637571921 0.9364336465793589 0.9385941418163926 0.9399562757980755 0.9413902534889931 0.9427657689939675 0.9436434497943114 0.9440283050600499 0.9457279545889252 0.9473785581040342 0.9494788181694969 0.9508473588005761 0.9513968456320712 0.9545645496558324 0.955556415576288 0.9560219952562612 0.957528516193304 0.9578693168678246 0.9593000821260383 0.9596103030926774 0.9633270069019633 0.9640475660233861 0.9665460016977051 0.9681586848341416 0.9692189923944687 0.9717561189952231 0.9719644021315375 0.9749172177623121 0.9757770500079299 0.9778791619494654 0.9815628066952168 0.9831607880669968 0.9839187215288325 0.9858485573129332 0.9864342102103008 0.9894571985895763 0.9899636934953745 0.991492932550478 0.9939709350297843 0.9943504729069557 0.9973499043776006 0.9978312006090676 0.999906032299574 1.0003677414988954 1.0041249669382137 1.00682992430122 1.0075368395441189 1.0121971751613041 1.0132492953795706 1.0144611760043203 1.0167309934091466 1.0180441890975402 1.0208338034591953 1.0223526456925656 1.0271374819643269 1.0282233361502953 1.0306884557746958 1.0324571218602174 1.0334968811069023 1.037793126398678 1.0430241918495304 1.0462978489669574 1.0517984937064901 1.0560440766021637 1.0590052041483686 1.0871873139949049 1.3073541847935324
251 9036 0.05561720557001483 1.307422534414916 0.865427146664364 0.865427146664364 0.8756008044727949 0.8770275907582997 0.8797350555341822 0.8822401660751228 0.884781207189461 0.8857162482316064 0.8890614852999104 0.889757430036938 0.8915782377780761 0.8939433191848093 0.8950848179287934 0.8956165935576629 0.8978367545673098 0.899000983920933 0.9020189302635405 0.9055338338437838 0.9071899537390374 0.9072999086148704 0.9102833606507706 0.911264152915075 0.9119924717507839 0.9132771011673438 0.9165635350456629 0.917278129652227 0.9204065764059097 0.9218666099906402 0.9236536134586875 0.9245366285057087 0.9278291803504076 0.9290389355334884 0.9316225502200852 0.9328526009700444 0.9348638151827784 0.9368376998077534 0.9379606289571749 0.9397696070713919 0.9414185218803739 0.9416853486464256 0.9430549318082527 0.9437970400106146 0.9453064770615321 0.9466345118909499 0.9494787426455562 0.9509423534347002 0.9513494811378843 0.9541765577867035 0.9553294044454537 0.9558449254080397 0.956883485589439 0.958316747177278 0.95939431669034 0.9598194279030264 0.9624446139329443 0.9639347522626149 0.9662206234642514 0.9683428356970074 0.9688691011847237 0.9714667142928048 0.9715981892103083 0.9748366479482711 0.976010932933081 0.977451632053668 0.9811685244824779 0.9823247701815057 0.9838268518826931 0.9858345238876611 0.9864390720351826 0.9887746347047224 0.9900000884614485 0.9915455357956506 0.9938083090556573 0.9946364771258774 0.99716109589906 0.9985456465121668 0.999821272900721 1.0002135930958063 1.0045575709419348 1.007182536360978 1.0074614376885997 1.0115628007077877 1.0131489569995975 1.014475182458366 1.016153087080763 1.0178782426723774 1.020612037878287 1.0227138591445053 1.0271406501592544 1.028530318274105 1.0302165237159022 1.0320937220595765 1.033333881545177 1.0371884636201667 1.0435344954926113 1.046147862631557 1.0517326372297555 1.0555992399476548 1.0592591356897032 1.0868147098815957 1.307422534414916
252 9072 0.053798977941533106 1.3068180974821761 0.8654519072306103 0.8654519072306103 0.8746889159424014 0.8768749499264579 0.880306945022194 0.8814139394124868 0.8841730443707845 0.885648998273734 0.8879337752521618 0.8887936709072155 0.8915911740914825 0.8928361726317176 0.8942256474820459 0.8957971596417617 0.8982604008962116 0.8987137966958759 0.9016506567872593 0.9050454391791038 0.9064823412111693 0.9073691357700329 0.9104805094396532 0.9116329221966203 0.911904931029211 0.9140930770140433 0.9166298687633515 0.9174502363962951 0.9203173252513519 0.9218618927333134 0.9235983816130288 0.9246480916198064 0.9274408085029557 0.9296863872340518 0.9318833234409346 0.9320868089339351 0.9342403500871331 0.9367971110139802 0.9374319936897839 0.9392253912663905 0.9411037077747327 0.9414522418012252 0.9432976286118083 0.943787405217019 0.9445277991145774 0.9463042567187409 0.9498597635401446 0.950852844172181 0.9512171932896639 0.9532568981263136 0.9551822254496283 0.9554345261241433 0.9568901755252008 0.9575854620169709 0.9593204584260504 0.9594779874880529 0.9621918784278519 0.9649590216231575 0.9658674110970896 0.9682307928236631 0.9691992022407145 0.9712962413468236 0.9718063423678963 0.9742935066880426 0.9763380950667797 0.9773894074987101 0.9814947126635979 0.9816703484076321 0.9835039576464812 0.9852889306396851 0.9867712984274196 0.9883519434275725 0.9897669415254944 0.9911993883883533 0.9940019429698902 0.9945051539744141 0.9970494342318073 0.9982060191924901 0.9995989993887271 1.0003488356967096 1.0046271064990722 1.0068351392123143 1.0077633287259928 1.011247384865457 1.0124045790747882 1.0144711416849062 1.0158531556218027 1.017830195532424 1.0204534028502414 1.021827856575147 1.0270004275871425 1.028566804541182 1.0305706120406841 1.0322206005677639 1.0338009987723682 1.0370306731107521 1.0451444670224008 1.0459575769758283 1.050422278034132 1.055214877518007 1.058180844930765 1.0868780337489237 1.3068180974821761
253 9108 0.052504595762730186 1.3059028963542154 0.8652452724723987 0.8652452724723987 0.8738065587707358 0.8767077193858069 0.8802166965234965 0.8805150452545937 0.8833055724032634 0.8854531058507945 0.8882025702619954 0.8886943444373245 0.8914700007485638 0.8925129038659498 0.8935309888908061 0.8963187782940659 0.8982018412219422 0.8989869007320388 0.900992884195548 0.9051250836198337 0.9059966015189402 0.9078141340615622 0.9100715326606297 0.9112096222716554 0.9117986988555615 0.9140424085664725 0.9162439972078716 0.9167815856018181 0.9195583269286379 0.9213400630148387 0.9237183209415247 0.9241052886269148 0.9273062483245436 0.9298440713273898 0.9314409192400686 0.9324623345219887 0.9338518778990686 0.936685535161522 0.9368350343121782 0.938776418317991 0.9406488672003429 0.9412340632050347 0.9427016707939221 0.943406149769937 0.9441915695524402 0.946621647516657 0.949549323356687 0.9509030073574241 0.9515193054679884 0.9535306741243145 0.9544763856940924 0.9556943779635031 0.9567724034003867 0.9579007334715565 0.9589067065191272 0.9594002720805366 0.9624768992643681 0.9647646445314805 0.9654397369077141 0.9683096534695701 0.9689469589658266 0.9715097938256981 0.9716756124977631 0.9738320556075329 0.9763560950670328 0.9764752433478922 0.9817729130609707 0.9821205331488702 0.9837998136137663 0.9853476161541942 0.9866819460277828 0.9886226143568738 0.9895687401692517 0.990852403595392 0.9933131553893243 0.9945504642431476 0.9963876859782528 0.9978882707094665 0.9993157532414009 0.9997289155122736 1.0042445822668535 1.00651953086077 1.0081075752850495 1.0100985887088885 1.0125298437352814 1.0146579216075717 1.0158919787561473 1.0177350219929395 1.0197352406704652 1.0212298101799633 1.0272622040210602 1.0285239381187774 1.0309165448862683 1.0318285906720859 1.033459616708062 1.037224658552543 1.045029210555262 1.046078508446131 1.0506328903459152 1.0557992309443371 1.0583988403297235 1.0874329926979869 1.3059028963542154
254 9144 0.05128290669894144 1.3062759800239179 0.8651325796540795 0.8651325796540795 0.8733612046757504 0.8765678986151527 0.8803515377536643 0.8806090676413311 0.8830814702039252 0.8848606065499508 0.888253363975326 0.8886519706622784 0.8912546213607635 0.8924325488629541 0.8933930318314657 0.8956243650413397 0.8979904299545 0.8986504273753029 0.9009398354739041 0.9047261805350816 0.9057425178201172 0.907667830265976 0.9090305306104879 0.9112205364849199 0.9119535775533301 0.9140164972529276 0.915573506470895 0.9163312515727816 0.9194083058345341 0.9222681096163251 0.9230606579344819 0.9243280778203189 0.9274007421782394 0.9300021930744755 0.9313598455776092 0.9326506844803977 0.9334284940525271 0.9358251911302362 0.9368555985517167 0.9388753409691603 0.9403535730247788 0.941290355192642 0.9427700423435356 0.9431094685312477 0.9443614528741194 0.9462858795816588 0.9493999243313062 0.9504516542185643 0.9515002927234207 0.9538854479753127 0.9543056235797053 0.9549880574365797 0.9572518447788678 0.9577278897959649 0.958526853879329 0.9586255745102503 0.961692701456932 0.963794784093679 0.9653696307395746 0.9679436419373044 0.9689908741239784 0.9709185389946543 0.9721293026880928 0.9738696892657429 0.976253695308541 0.976798553691115 0.9816438594665231 0.9819012773847919 0.9829963794954836 0.9862387210163018 0.9870646869962443 0.98838528320103 0.9902148283894302 0.9907164483920733 0.9923783618488744 0.9951765178314155 0.9959734863560056 0.9965958466855209 0.9985243387707101 0.9992667221233531 1.0031089761672756 1.00648260384369 1.0078867223723487 1.0096810950872537 1.0130128037077857 1.0148965141614341 1.0156841672359624 1.0172827964403486 1.0200828946370595 1.0218239012992603 1.028057234022741 1.0286381163714773 1.0308059835402357 1.0315343803024244 1.0332484329022666 1.0372514444466017 1.045359243114566 1.0460225843850004 1.0507946201474356 1.0569796885411025 1.0586110657114762 1.0871758290414741 1.3062759800239179
255 9180 0.0498724768697969 1.305752299605012 0.8644126479853097 0.8644126479853097 0.8730142362136067 0.8759112434198699 0.8794112723955669 0.8804464581924858 0.8831313044440834 0.8842317208484027 0.8875571640551327 0.8881964658500981 0.8918465149815248 0.8919970278191888 0.8935542804617389 0.894749292547309 0.8973056419765204 0.8986301904732785 0.9005693568638772 0.9043301297434445 0.9056808595844906 0.9078696013137507 0.9094154205697741 0.9108834948169198 0.9112827373606035 0.9133065702728236 0.9152998148777447 0.9161201958739497 0.9193134916610762 0.9222173927113485 0.9233956455881518 0.9245692584920145 0.9273953121679478 0.9294275793633192 0.9302750192973653 0.9323684951279096 0.932954561572108 0.9353651204126721 0.9379060175962873 0.9396311823100983 0.9403860754314352 0.9415393889349107 0.9423577421807132 0.943521824400839 0.9448888564616482 0.9466967814964495 0.9489770876663979 0.9503715885400263 0.9515500305600826 0.9540317976785395 0.9546340796674945 0.9553006169304289 0.9567771677044378 0.9582241278147254 0.9584156259356179 0.9588248243359958 0.9615716116928351 0.9630760453408206 0.965218439310465 0.9675589159271011 0.9688013783356614 0.971379697235832 0.9722823385696433 0.9740456859470268 0.9766603790271196 0.9775499262982161 0.9810206443350915 0.9820296398973668 0.9825865651409241 0.9857202368224511 0.9869256347803325 0.9883849403558728 0.9898301298115957 0.990183825022428 0.9934951586449746 0.9954904781107379 0.9959107030777077 0.996899076934161 0.9982627963863515 0.9991258864577355 1.0025901859155555 1.0053628864529442 1.0077297702930021 1.0094920871820066 1.012980309366861 1.0139837021525984 1.0158022388400347 1.0171228444132108 1.0199330157272315 1.0212549856416842 1.0274327421603209 1.0283338140767746 1.0304933479748757 1.031262597080417 1.0327423410762375 1.0369346739196101 1.04511804184131 1.0457768158511402 1.050431678092389 1.056638499862027 1.0590397796418312 1.0875973142439062 1.305752299605012
256 9216 0.04853349062624215 1.3052634645262546 0.8639366259350189 0.8639366259350189 0.87252048019908 0.8753811536841655 0.8783870418763448 0.8798771732748145 0.8832635268010519 0.8841878705845331 0.8868353846295561 0.8881157607359079 0.8909389804623493 0.8913381763988099 0.8935346347691916 0.8941025187532462 0.897171742360808 0.8986840207795793 0.8998008419422932 0.9037224248957052 0.9055317193016337 0.9073225664914101 0.909356359795084 0.9104839007811764 0.9112949301952392 0.9135669644286063 0.9142770252300777 0.9162781913818184 0.9193137628588737 0.9221327973121897 0.9222188883018053 0.9251316967001195 0.9273441687675231 0.928930719128103 0.9303229791304374 0.9320965961896224 0.932559303516585 0.9358234453081218 0.9380082135478715 0.9394239721113918 0.9397306455492354 0.9413015579225984 0.9423550043221721 0.9434270634644322 0.9444952178326567 0.9464760245870176 0.9490310077172086 0.9499126267379545 0.9511772398163563 0.953578989593233 0.9544721831127178 0.9551738351135263 0.956879582321175 0.9579885706952053 0.9585293722433617 0.9589413841848645 0.9614512146925749 0.9630833104855849 0.9646237908292686 0.9675591694529002 0.9688486743242416 0.9712104843662384 0.9719319146288541 0.9739310998583436 0.9762337250663683 0.9781050172252203 0.9808285366543728 0.9814549871817208 0.9825143305281108 0.9855216316666594 0.9868800541060148 0.9875146640826595 0.9890521465899833 0.9898452322393675 0.9931805309380033 0.9952331197963578 0.9961407678813063 0.9962887473542968 0.9987005072387063 0.9990005636706947 1.0020438193388768 1.004802147020696 1.0077802737013155 1.0089694302826964 1.0128171155997463 1.0138715238592246 1.0159165663176453 1.0161289742748028 1.0204022967996618 1.0209712689476396 1.0271422215853014 1.0277784726732442 1.0306461677107035 1.0311017078822184 1.0322679010334697 1.0372020339926766 1.045207990048764 1.0458604591312268 1.0500500223058902 1.0563164645395653 1.0590300088341598 1.088146116999456 1.3052634645262546
257 9252 0.04716184917612271 1.3047621734271824 0.8640176633720852 0.8640176633720852 0.8725697633965883 0.8752594291884817 0.8785114386598294 0.8789497791837254 0.8832808430576999 0.8836322926090825 0.8864410882546739 0.8881682679596029 0.8905742091242139 0.8922804678198585 0.8933093594242513 0.8942727920701359 0.8973489254023129 0.8978698850472702 0.8994009555206661 0.9033663034044408 0.9049243678350304 0.9066884539932866 0.9080170971126366 0.910600917856656 0.9115453438595995 0.9126159944445612 0.91445318037924 0.916294207909007 0.9194780218213052 0.921472239644362 0.9222428477516733 0.9242241922305896 0.9271940849297342 0.9286178656365528 0.9302027206996122 0.9314120981272316 0.932231352404016 0.9354868133103831 0.9376820437318641 0.9393342328869325 0.9399653791415683 0.9408313256330475 0.941737911271095 0.9429690481620303 0.9437213501145337 0.9461185382634636 0.9485355120943391 0.9493546068711898 0.9507485552822653 0.9533734708801018 0.953741807199671 0.95535133631005 0.9563484301781101 0.9572207314072879 0.9583711838321881 0.9591066507733986 0.9620457266144696 0.9629408948440087 0.9650992296190644 0.9671720005476937 0.9684079753321939 0.9708539297113823 0.972689570357896 0.9747233117910142 0.9761573797188848 0.9778562878134103 0.9802645467186137 0.981765490580804 0.9824606300812144 0.9853013803268328 0.9855840443353389 0.9871117601007319 0.9889499800644649 0.9898474412480232 0.9933684113952217 0.9952499920332797 0.99533515960369 0.9957652467207241 0.9983940698535986 0.9984970707663536 1.0011396107941497 1.0047516471714617 1.0076217240546812 1.0103853813474708 1.01251321309586 1.0140508467355744 1.0159431256463416 1.0167877355924997 1.0202977751425482 1.020701579778078 1.0270640496844605 1.0281452942759608 1.030185218015404 1.0310750128006994 1.0326919728670358 1.0365003969643962 1.044529342088363 1.0456219159819906 1.0503480529632367 1.0569329767750364 1.059014815723596 1.0887024386061526 1.3047621734271824
258 9288 0.04576499923093176 1.304541603886784 0.8629373060829058 0.8629373060829058 0.8724274597037432 0.874924274815935 0.8780569134798656 0.8788514445427801 0.8829132401254745 0.8833036707306361 0.8860111305939531 0.8881069747963638 0.8903916883638613 0.8919575336334662 0.8936119217637402 0.8944409868531683 0.8972258936531423 0.8980209840675218 0.8992184853394695 0.9033902322217549 0.9047018637362576 0.9070168466983544 0.9078159786949852 0.9105748543476625 0.9114332473977889 0.9122127072801531 0.9141197627320119 0.9160663920297376 0.9191164759881756 0.9207858337962103 0.9228346566760154 0.9240086302850539 0.9276285254168936 0.9284150561693935 0.9297598984697751 0.931446324118603 0.9323034521399122 0.9353795289398938 0.9364403249449211 0.9384864161282642 0.939809147405531 0.940382304743717 0.941293193840449 0.9419534089992445 0.9433827079707663 0.9457464462423484 0.9478866823000353 0.9487096915730284 0.9506035988834944 0.9526145104200168 0.9529357160426964 0.9548407153014903 0.9566831187179918 0.9573210677007783 0.9580966443064133 0.9599352195956796 0.9616847391880804 0.9635043995604723 0.9647743032581673 0.966095248900577 0.96821963990086 0.9707827393070974 0.9726567745480673 0.9746751175464358 0.9763872837522046 0.9773810342705811 0.9798082563423767 0.9812452395878901 0.9818180481931066 0.985130073516455 0.9859025143684603 0.9877570427629678 0.9889127521260677 0.9892441471451406 0.9932165839612062 0.9943305840644864 0.9954609095094373 0.9963227118069148 0.9978300284513401 0.9985286838827394 1.0007994145366423 1.0045447551774784 1.0079525478687985 1.0101608883430309 1.0128278225270584 1.0134183004963049 1.0152099020694063 1.0164794718674743 1.0198909181700608 1.021423275229961 1.0263208495935898 1.0283625357414548 1.0304765793247501 1.0314264081248696 1.0344254067760126 1.0370421532404657 1.0439240817805873 1.04537418106624 1.0513111855384856 1.056747140997378 1.0587670811048928 1.08823719944684 1.304541603886784
259 9324 0.044275278018071546 1.3040101437073368 0.8626777161670189 0.8626777161670189 0.8723968362497039 0.8745677350091211 0.8777080636230922 0.8786958593846197 0.8822650087100589 0.8832770542458933 0.885826225569373 0.8883995203142128 0.8895738908079701 0.8927857387066618 0.893415638932282 0.893816379203588 0.8968842490925898 0.897796692581643 0.8995481018808423 0.9024191338651931 0.9049484547913224 0.9068471024756327 0.9076440997518593 0.9097970661360053 0.911117909894278 0.9119499594435355 0.9137789839107472 0.9161157407544945 0.9187679083167988 0.9208968435950052 0.9224967648483379 0.9244823748696057 0.9276575619373363 0.9288125484391838 0.9297303135027954 0.9309663886706094 0.9322321047113792 0.9353374821114179 0.9364679878549826 0.9379309095599319 0.9394001416005292 0.9400728955012688 0.9407824571636415 0.9427472531369301 0.9435004841318425 0.9452864449357831 0.9473768247945117 0.9487189736729791 0.9502697370802983 0.9526949946689628 0.9530330073086423 0.9543803207771483 0.9569107323620617 0.9571887985484386 0.9579812587354789 0.9594490309160367 0.9608921998237743 0.9626281605482957 0.964953315961093 0.9660198239839856 0.9673877209758742 0.9708402612836552 0.9730237817546751 0.9743775185274872 0.9756268783510451 0.9771169960010415 0.979347170110551 0.9809122072673213 0.981243798986009 0.9853026790057559 0.9853757523143449 0.9880687791500501 0.9881082332329629 0.989350840045215 0.9929098311765825 0.9941661429514028 0.9951635536162542 0.9963639448426166 0.997916936299658 0.9981624123746705 1.0015346536212257 1.0045437751450432 1.0082159967117397 1.0108835800542015 1.0126843747500869 1.0133127696168138 1.01501813061381 1.0160172304614092 1.0196904985019628 1.0212636868798513 1.0263410357678542 1.0281165040750364 1.0297645625078293 1.0312475132118721 1.0343014221726337 1.0373360126243552 1.0434284138418457 1.0455456740067604 1.050923632583699 1.0557761329830695 1.0584996539953526 1.087675684002487 1.3040101437073368
260 9360 0.04308400259101339 1.304138249609027 0.8619415099740892 0.8619415099740892 0.872146252779876 0.873490245011881 0.877474523187218 0.8785550077170968 0.8816326070221852 0.8825283195747308 0.8856133084168013 0.8879207967313525 0.8887834111758303 0.8926105843729444 0.893028488109416 0.8938239767798395 0.8967197081050668 0.8972687947764051 0.899197996504951 0.9020851766868284 0.9047187777426198 0.9067833722369053 0.9079633102181398 0.9099009083433376 0.9105237686788312 0.9115181166832523 0.9139305297464159 0.9160519201047957 0.91877685490617 0.9208043593733405 0.9226141537613464 0.924258705303988 0.9274493389385232 0.9283449716988476 0.9301247158220394 0.9306266393279117 0.9321151610123405 0.9351924090224167 0.9363355140738442 0.9377763160563277 0.939162741294728 0.9400847400507856 0.940920748392929 0.942932157360774 0.9435324733966666 0.9446057674793347 0.9471937532148322 0.9489956024110782 0.9502959174002132 0.9519147978962929 0.9525102775799555 0.9535210465996175 0.9558475609825529 0.9571927351253214 0.9580410451979949 0.9589186235089162 0.960489065202785 0.962664230973379 0.9646542523333127 0.9658604631967992 0.9670711562704007 0.9706446613804407 0.9713629428841879 0.9745442620776102 0.9753792457484526 0.9761206265066504 0.9785918422183199 0.9808453525095084 0.982061777727086 0.9842635868051864 0.9856312389057578 0.9873719967146048 0.9887618535818529 0.9893648829300479 0.9922857585568143 0.9936149072640104 0.9947228180682338 0.9967880063135061 0.9978153142697264 0.9986440416128677 1.0012872979341676 1.0044954829677895 1.0074900036925931 1.0108610263539655 1.012610308235085 1.0132602726132072 1.0144116200576594 1.0157660318849637 1.0202839945247892 1.022041986002074 1.0255992694935856 1.02795017865802 1.0301784274523051 1.0313885431717777 1.0347298025968117 1.036638754898328 1.0431128948582469 1.0458541137081392 1.0507037242566402 1.05537830720098 1.0589189561041052 1.088094061931724 1.304138249609027
261 9396 0.04198554410859893 1.303199350178024 0.8615262602368211 0.8615262602368211 0.8719322228554481 0.8739065405844059 0.876781529714522 0.8786298122199203 0.8810206244587975 0.8828283553592372 0.8854097937328779 0.8875435488573378 0.8880707485512316 0.8919641090678039 0.8925909699354997 0.8939045026617549 0.8958928039168411 0.8970823191032025 0.8986717412852743 0.901876460277011 0.9041219408416036 0.906607537668905 0.9079497131947964 0.9098080385596257 0.9103417589075842 0.9111739573906952 0.9134315058917137 0.9159009697486483 0.9183180754916767 0.9204085323318947 0.9214331214628408 0.9246365245641287 0.9274687292209407 0.9280432096049333 0.9294054856819108 0.9309643686716157 0.9316058480283115 0.9352612773960653 0.9367100718722124 0.9377973912594249 0.938702539751201 0.9396136908381424 0.9407187228081652 0.9423924512021429 0.9429805663510399 0.94461240379801 0.9472248836589945 0.9491084535993447 0.9498322653798521 0.9514409577550578 0.9523969123765642 0.953261463002157 0.9557057350147339 0.957222165658578 0.9576632743058857 0.958794060260674 0.9600591180539226 0.9626622424423646 0.9647598849914493 0.9651726810218939 0.967094984531272 0.9705344195839016 0.9710423628656638 0.9740034860324017 0.9752670055848237 0.9762726115686345 0.9775308278637931 0.9808627962749674 0.981961930944607 0.9835497934837819 0.98569447172463 0.987647405167104 0.9885338668220064 0.989033436099832 0.9922991601504431 0.9932919829847524 0.9946602584796886 0.9965536337026566 0.9977617688523933 0.9987785941586915 1.0014082328356515 1.00503647567555 1.0068914362885992 1.0107689665300357 1.0121509106500852 1.013619846823558 1.0145522036908943 1.0148414169615139 1.0205203090414634 1.0218230436787734 1.0252643264686572 1.0272752096934812 1.0305238047727105 1.0309633864683423 1.0355140028087724 1.0370530764666133 1.0428152453351869 1.045943238296358 1.050266801005232 1.0548581309867797 1.0586978781145935 1.0886591939800154 1.303199350178024
262 9432 0.040858411157034154 1.3028199161801266 0.8612588373405712 0.8612588373405712 0.8715045407257777 0.8726023826605513 0.8753306249736785 0.878241574407735 0.8813951052280907 0.8818504176402835 0.8852096171054525 0.8875810735141132 0.8883783555934024 0.8911736789995208 0.8922981250379867 0.8936934946070834 0.8961041333109182 0.896413787293549 0.8986733373325453 0.901834634104761 0.9040159978570014 0.9060752278602673 0.9079918598108987 0.9095351131373635 0.9099748297370254 0.9108194125218462 0.9132100633418908 0.9158047822647793 0.9183776430781244 0.9200710711511413 0.9214390579643589 0.9245963329254479 0.9271414056791126 0.9280708114853621 0.9298813543413843 0.9306815641670365 0.9309460834863104 0.9339996547745085 0.9361806626582653 0.9385460061011075 0.938930959932235 0.9392989672089077 0.9406721467763999 0.9420235556818954 0.9429949206956396 0.9449915304350781 0.9470191315210278 0.9490991797194348 0.9499440682072026 0.9508202723601036 0.9518588099319071 0.9532829908067004 0.9555294783090961 0.9568699772506462 0.9576635724067244 0.9585459778401227 0.9606537031845088 0.9634667132303381 0.964440466052137 0.9650815257451716 0.9673328060211918 0.9702703888433268 0.9711664181686821 0.9735715530578041 0.9751374175508238 0.9762677787692815 0.9772884112187848 0.9804092036580088 0.9813380291913116 0.9836759566995428 0.9853630260950789 0.987438514046475 0.9883687091122522 0.9891704431624609 0.9918894743676133 0.9933241848974289 0.9948094746217618 0.9961446461016008 0.9972394928214463 0.9983587173913759 1.0016232133069312 1.0049788480807242 1.007093906339221 1.0105499340659618 1.0121783600626348 1.0131883261759567 1.013673409621376 1.0150291464262091 1.0207570047857613 1.0222811878201392 1.0254563258233178 1.027818774995237 1.0302931758903804 1.0309775945903068 1.035059142059214 1.0376702312704251 1.042801116537204 1.0460917920316182 1.0507206061152117 1.055167246890033 1.0594171526624068 1.0887664465484261 1.3028199161801266
263 9468 0.03979149200116831 1.30200077485054 0.8609198134857808 0.8609198134857808 0.8714620786845845 0.8725710907746618 0.8756661440506278 0.8783527955322523 0.8802377062279132 0.8819398658285295 0.8845270584289194 0.887507071491826 0.8888057280947287 0.8902784978291796 0.8921739513370608 0.893029117988968 0.8953880253265405 0.8960359377220326 0.8989180294017268 0.9016443432051645 0.9039776988607165 0.9056004265471163 0.907786841545094 0.9087044352444649 0.9094777813372779 0.9104889524279864 0.9128389174174935 0.9150380100543543 0.9185137181134854 0.9197031233890819 0.9216940277303999 0.9237218242384383 0.9269082184812445 0.9279050298399115 0.9290480794919374 0.9304069988191715 0.9306270122734982 0.9344091847494256 0.9359033631923094 0.9379555437352334 0.9382998033614998 0.9391031653134475 0.941014122815232 0.941688225134512 0.9427750375880505 0.9453474724572455 0.9465196153690725 0.9488101023514922 0.9500154533377859 0.9502913164799053 0.9527143751438514 0.9533687882783732 0.954529360470311 0.9567058510116749 0.9574632119349025 0.9586657909832839 0.9602523323395172 0.9630567498815962 0.9636019842968299 0.9647277622533901 0.9676702736066187 0.9693797968858244 0.9710975486645534 0.973534850414144 0.9745159470429376 0.9759550539028498 0.9771599209321796 0.9800706732530297 0.9812003218596617 0.982992780289319 0.9852903439658148 0.9880307233301506 0.9892270470905273 0.9897407988005782 0.9923895975078199 0.9929206590945903 0.9945689961750646 0.9958434059308007 0.9977293407682233 0.997888964067751 1.0031357754864203 1.0048511334922958 1.0072875813022244 1.0104281197838798 1.012043771851259 1.0133065060407553 1.0138815888282573 1.015532413128422 1.020622338895424 1.0224516436839715 1.0257648262354295 1.0277869112161646 1.0300334406049099 1.0313841199714107 1.035230711241149 1.0370503802131115 1.0423628688417188 1.046132251385581 1.0504732724129 1.0547926426073382 1.059301770611843 1.0874498865899882 1.30200077485054
264 9504 0.03901359180846251 1.3007469709302668 0.8609517717192883 0.8609517717192883 0.8709621895351025 0.8722897167018823 0.8746964838642386 0.8777503257527755 0.8794283726738108 0.8813818467257702 0.8847108527194631 0.8871152629249898 0.8887255849126466 0.890584942377371 0.8927818509630011 0.8930056506378634 0.8954583502559044 0.8960678819297392 0.8988758380176244 0.9012574677028782 0.903542763968978 0.905734825720452 0.9067999771872671 0.9085250431247638 0.9092935951143313 0.9099111530032791 0.9128768351900185 0.9149891571245274 0.9177453701086328 0.9200920087417931 0.9212019308824493 0.9229865897059135 0.9264376231829599 0.9272698121819476 0.9294449097185616 0.9302431271046384 0.9311271266447861 0.9339294095877901 0.9342595204300479 0.9369327326369871 0.9381965966947934 0.9385680564922276 0.9397123953423658 0.9416566918302708 0.9426069320599046 0.9452915857073712 0.9462299064548846 0.9487694986863165 0.9496791552003022 0.9502736366034423 0.9520465344098437 0.9529656984080827 0.9542345739667618 0.9566576018343247 0.9574242569491747 0.9582874138932658 0.9600957803737876 0.9621404601751022 0.9628913565487104 0.9638948606852827 0.9674235704595389 0.9691021678829885 0.9707089615628208 0.9728591308481683 0.9746567079454139 0.9758827003634863 0.9769204191924419 0.979808398085215 0.9815079556324497 0.9833811586443162 0.9855988419065344 0.9879788545116728 0.9888057473564899 0.9900237534512971 0.9915894733124978 0.9932710779765361 0.9936306328387017 0.9956808257835468 0.9974880129047015 0.9982952089325875 1.0026514532625022 1.005617340377933 1.007403599300349 1.0097291728462177 1.0117882441455284 1.013205906940958 1.0137779537293397 1.0154248698682684 1.021013251667942 1.0222584133330408 1.0259037955197539 1.0279094046301216 1.0299252457970742 1.0308745880155439 1.035845858262578 1.0371636868041592 1.041978009051194 1.0464061648123903 1.049816276806079 1.0548780886699436 1.0580728681727103 1.0882988885061569 1.3007469709302668
265 9540 0.03803212998329981 1.3004404222238133 0.8615111011222619 0.8615111011222619 0.8705035366133284 0.8715497859259981 0.8748272719773282 0.8773039344488621 0.8795391463194049 0.8818870207866653 0.885270336275469 0.8859396963413412 0.8886717791271233 0.8895349123876692 0.8919495716002056 0.8929797795559286 0.895228492485036 0.8959858671811884 0.897454447084474 0.9008195288848296 0.902997462765523 0.9053420464068959 0.907425964389656 0.9085858316109413 0.9091466241046031 0.9092729190822221 0.9127745549768055 0.914994724267646 0.9171947608341409 0.9193952539122257 0.9209236059624074 0.9233663258826698 0.9258743140779375 0.926850065782686 0.9294137446054253 0.9305957633086389 0.930967130534272 0.9333902880128857 0.9339348081585004 0.9370343923981079 0.9382089165258441 0.9387252809678137 0.939198788969581 0.9412958530180496 0.9420370681040585 0.945103437842926 0.9463749075895708 0.9483499036696662 0.9496298772888871 0.9504970808713941 0.9515481278495929 0.9520186594915209 0.9550797416457664 0.9561418235011462 0.9574209367697086 0.9579200653493675 0.9596453849598892 0.961815978192478 0.9625712807509913 0.9638933733786138 0.9673673383112183 0.9695560604389976 0.970226072029765 0.9723260768641927 0.974103829776703 0.9761620165659436 0.9771649947803187 0.9799631549491017 0.982610852428518 0.9828528823773789 0.9852649385817785 0.9874431987206134 0.9888263981377385 0.990358573271371 0.992289330709314 0.9928680561936264 0.9934860841688876 0.9954970214283722 0.9973675170763406 0.9977983903776045 1.0018631469996673 1.006623031995061 1.0073772125502072 1.0092730264459242 1.0120931743257136 1.0130924968388435 1.0135206977157771 1.015425847932842 1.0211095888784283 1.021487587475514 1.0257357732314356 1.0280976911629225 1.029881218041669 1.0308434603505863 1.0349148677333202 1.037337294482563 1.0423107087978698 1.0469743856770926 1.050580506928111 1.054475199437248 1.0579991165147415 1.0885031210472105 1.3004404222238133
266 9576 0.03704523208097681 1.300812886003312 0.8606845566655926 0.8606845566655926 0.8706597576698759 0.8712282945645221 0.8741629664460274 0.8772500417702691 0.8793342881445845 0.8818328062226095 0.8848445275146015 0.885783815301034 0.8876028960459765 0.8894865984696753 0.8913114569210874 0.893412983125466 0.8948201869225166 0.8962994095203449 0.897934803801956 0.9007375404343118 0.9025460549083602 0.9046049978594195 0.9070337102266238 0.9075508514320967 0.9091583994063537 0.9095417723326372 0.9119596701851772 0.915293762653357 0.9178241117003938 0.919285707945501 0.9202473532112064 0.9228347660765874 0.9254468322296389 0.9265818902143971 0.9287290901199577 0.9293271802741774 0.9307534259232556 0.9329372341839435 0.934529482325648 0.9368072519331783 0.9379614459288997 0.9384511955018637 0.9390232370493882 0.9408941980025968 0.9419116840480767 0.9440056095835391 0.9456941323108516 0.9484480876368905 0.9497385077895569 0.9500683260054958 0.9510130591157092 0.9516864606917307 0.9550124899703514 0.9564463014682811 0.9569379272176505 0.9575154672869076 0.9591403964439011 0.9611682717725483 0.9627297016957612 0.9642807967632888 0.9674060557328531 0.9691373665552444 0.9699242149851606 0.9721537960262955 0.9731989929507704 0.9766626811908724 0.977313449121376 0.9806714710579658 0.9822094445033869 0.9833201901376741 0.9850615451746471 0.9868659435900142 0.9888364390815664 0.9901356263660103 0.99183047703732 0.9931029758638725 0.993695875820761 0.995491669675916 0.9971741457538412 0.9989202064710011 1.0016061120714983 1.0067763752624992 1.0074775882432532 1.0094422765805484 1.011769592708957 1.012453170791215 1.0132534943185962 1.0150562616307464 1.0210795295858153 1.0215161916885647 1.0260516484638862 1.0276170720587146 1.0296832180453368 1.0310634269986687 1.0345716869968338 1.037562032483888 1.0417993957627665 1.0464603584968095 1.0503526597488313 1.0544940594747239 1.0582686275723188 1.0887382936073586 1.300812886003312
267 9612 0.03611792790986643 1.301520709721424 0.8600821732715013 0.8600821732715013 0.8704358780857387 0.8713489001098247 0.8739303422512025 0.877080280171474 0.8789890705315676 0.8810680450478949 0.8848106716828437 0.8855040372689224 0.8874359542921239 0.8892057442165248 0.8909042717918589 0.8928815073225808 0.8935065445943183 0.8958463060931448 0.8977899743965547 0.9004771456244961 0.9006824784466007 0.9039956756919342 0.9061149300133591 0.9071173274844021 0.9078819977119263 0.9096603976434882 0.911968325207575 0.9151648508401452 0.9173394324792676 0.9189210210568902 0.9199380904063947 0.923093897161426 0.9251845653578878 0.9263659125577115 0.9283408590608229 0.9290588811276878 0.9310939839595648 0.9329091548923337 0.9340279497351686 0.936933371107384 0.9377617510337505 0.938476183632518 0.93864267110035 0.9411756014917229 0.9419056669369195 0.9437732151886922 0.9460900119529166 0.9475601549675139 0.9495409078486665 0.9504003025322909 0.9509092842895379 0.9521368374058758 0.9555693132728108 0.9559983294339509 0.9566882291737988 0.9571977145798929 0.9578557574967943 0.9615032456786895 0.9628746523085375 0.9644827874095561 0.9676570933836242 0.9691481933872839 0.9703490820747 0.9714767311694867 0.973282087442865 0.9760876289393378 0.977571176167169 0.9802987744057049 0.9822369035926044 0.9831186706423912 0.9842798577861884 0.9869762157064611 0.9887147512705631 0.990430157799019 0.9919228726481024 0.9926157275844811 0.9939775405759258 0.9955675326389247 0.9971823665906607 0.9983630067944744 1.0017261462201705 1.0058532159531364 1.008156524146297 1.0091867651975135 1.0113685288605132 1.0122889720538193 1.0137698784839941 1.014598084985645 1.0210428800808913 1.0216629479121038 1.0258971372508725 1.0275177418689614 1.0293665806210115 1.0303901591236901 1.0345520743549745 1.03769803330845 1.0424037739702798 1.0462393717134442 1.0502366247736856 1.05462527668715 1.0582009414989282 1.0887088796627011 1.301520709721424
268 9648 0.035082196957496196 1.3007791736343048 0.8600225533781648 0.8600225533781648 0.8705754317637698 0.8710898760238444 0.8735174760626686 0.8764860142784258 0.8791173757808202 0.8807067127929413 0.8849141415939309 0.8850432108579501 0.8866721475539479 0.8886803466569635 0.8910789407968108 0.8925875099595206 0.8931043559151125 0.8959688905483183 0.8977609117844219 0.9002558718463318 0.9008687117080756 0.9042426374485064 0.9063138669128789 0.9067628208288974 0.9082496106182162 0.9092656380519167 0.9115049046053947 0.9152194834960412 0.9173859888662776 0.9194768524119974 0.9199747703926057 0.9224297508861032 0.9256626354758554 0.925804833171265 0.9282302215185754 0.9284811597099739 0.9308781798907056 0.9326798253308247 0.9333017626256715 0.9364175790412361 0.9368466185588337 0.9382594285343984 0.9389519762792018 0.9412993557808215 0.9421887894244286 0.943889764553615 0.9454279966432033 0.9470414043240439 0.9483077594421103 0.949921760255845 0.9506533099390728 0.9514653958097501 0.9553621949347849 0.9558351540099242 0.9565285419330574 0.9574723744755973 0.9579203871557542 0.9609767694851563 0.962311513603774 0.9645364308558334 0.9672719310756265 0.9684361160746098 0.9694321407714934 0.9713651628769275 0.9728947105368398 0.975356070278797 0.9764356002152381 0.9798939831802672 0.982153676087374 0.9836241976013625 0.9842845671915484 0.9859663803269368 0.9886525479665681 0.9908918508966066 0.9917220170735263 0.992416983384038 0.9936500699065133 0.9956534316104853 0.9970247015961831 0.9982192744888911 1.0011093979784615 1.0056970101128466 1.0078872191384445 1.009406371753452 1.0107936266981388 1.0127142164162692 1.0132395828364047 1.0143972713612874 1.0208421571411774 1.0220591926850664 1.0254066328209055 1.026865584822755 1.0292328084730868 1.030071422838314 1.034797727935032 1.0379706494077805 1.0421243067775916 1.0460112607211436 1.050160721932429 1.0547368734377134 1.0591391840011997 1.0893365120632117 1.3007791736343048
269 9684 0.034147485651270744 1.2994673366926421 0.8597537678864734 0.8597537678864734 0.8704797832365639 0.8705075424025149 0.8730229442579934 0.8754870368549115 0.8787756834056784 0.8807179642490457 0.8846109810346436 0.8846276707897335 0.8864023544712225 0.8885675291512731 0.8905983395390128 0.8922983823570914 0.8928593145476259 0.8952182763927886 0.89699281724829 0.8999709166063954 0.9002945089404284 0.9038270700996942 0.9053486931638185 0.9063219266956523 0.9083171283326749 0.9085444430560403 0.9116742304682413 0.9151164181322106 0.917412528120085 0.9199314553270728 0.9203333452371825 0.9221218826934817 0.9252230012445611 0.9253752925627875 0.927414333276102 0.9281853902089365 0.9302049437867023 0.9321351952690587 0.9332737818644146 0.9362192622646681 0.9369075037043807 0.9381514136076559 0.9387916388609225 0.9411607288200254 0.9424987588222137 0.9445317872833466 0.9446670633317696 0.9468264748278169 0.9482314002959746 0.949751769575171 0.9507321590487647 0.9510232844196036 0.9550875461270326 0.9559048872979956 0.9565235380459053 0.9571195793400593 0.9578161688146621 0.9603662742270687 0.9627703975726696 0.9642243020384137 0.9674652018955694 0.968531513391622 0.9694572230082101 0.9717533106510313 0.9724952536485665 0.9750528690177034 0.976199539002597 0.9799001925407463 0.9822727415981155 0.9826646440964059 0.9853709645181344 0.9861014161878312 0.9882495835172175 0.9907701728934185 0.9908101882293588 0.9926069810631634 0.993267073871749 0.9967808940245318 0.9969645529090829 0.9981621706022445 1.0005716845673998 1.0052225784551907 1.007952558165218 1.0085976271171224 1.0104138051277873 1.0128684743718475 1.0132542453597084 1.0148546687908206 1.020635043451479 1.0221041593253228 1.0253729939340903 1.0267590795138992 1.0291850372010545 1.0301232158035996 1.0347910310887565 1.0380817068573553 1.0417994617627477 1.046131439347423 1.049773539292714 1.0556926620072884 1.0603629062347966 1.0891016113165628 1.2994673366926421
270 9720 0.03327341143639355 1.2984621064684225 0.8592138671724954 0.8592138671724954 0.8688601701725724 0.8704913233018302 0.8729640558711105 0.8756585680605639 0.8788600530145817 0.8793301601505586 0.8841132819766139 0.8847583396549913 0.8867682822614024 0.8883474521167355 0.8907406549169216 0.8921591940915765 0.8925088057412166 0.8947626612215508 0.8970404399277782 0.8996827057463377 0.8999400330937136 0.9038862592506621 0.9049768325122222 0.9071281992714908 0.9080612205449525 0.9083618384534893 0.9113642748197377 0.9150739682477808 0.9173107513074532 0.9189936109604763 0.9200200314331919 0.9217114776239771 0.9247183170735801 0.9257146550943046 0.9270522000305333 0.9278171149615406 0.9304544641021889 0.9321362893355357 0.933146094535725 0.936222248474977 0.9368650943738259 0.9385897709558655 0.9391446016431485 0.9413998548448165 0.9428196562412696 0.9433765918065654 0.943970790248641 0.9470009811557178 0.9477650786606558 0.94914034233086 0.9501055139570427 0.9513536543095096 0.9548662860049847 0.9557340571253977 0.9562202291981013 0.9565851136872419 0.9581176554296427 0.960514888219649 0.9622257672212613 0.9633723013402576 0.9670421108235812 0.9683422409000825 0.9689682678525678 0.971527595803599 0.9725938445514808 0.9745302523645877 0.9765915365110562 0.9796007040845353 0.9819812305031066 0.9823757610047233 0.985199555276644 0.9858470869602619 0.9872770948544523 0.9901464662765992 0.9903163938479935 0.9924424986803538 0.9930946434509066 0.9964065214303561 0.9968339226074533 0.9984735976203674 1.0004832090129263 1.0049245517224736 1.0075365432237597 1.0085194843232288 1.0105621961883207 1.0122662551304797 1.0132552916960265 1.0147349996508743 1.0198920300654695 1.0208173601681991 1.0247915493353723 1.0270078724644816 1.0291798443350375 1.031282210514243 1.034595506364507 1.0387132819514344 1.042503230427781 1.0453530391467205 1.049510477898326 1.0555904440744088 1.0600445135955585 1.0890109267522794 1.2984621064684225
271 9756 0.03255427568728508 1.2983430673878573 0.8593836235599069 0.8593836235599069 0.8687837059698351 0.8705213102234961 0.8725402939005641 0.8761171477292395 0.8785015454616695 0.8791329906243961 0.8828793139150637 0.8846895692230868 0.8856647410033064 0.8877167183320785 0.8904739219562984 0.8910873132275416 0.892089906474205 0.8946856038044557 0.896853815135477 0.8991273649453112 0.8999160546728424 0.9034003320629431 0.9047757025386417 0.9069522922478058 0.9084922724882686 0.908925800338558 0.91093042411753 0.9145771472416592 0.9172368720658229 0.9184381812724517 0.9200612197545447 0.9212247134094116 0.924526560809774 0.9259897330111431 0.9266418013018014 0.9277539183852558 0.928558253063016 0.9321887355292241 0.9327842993413882 0.9353241582369396 0.9364044533302931 0.938146362111197 0.9390746412581539 0.9414273767831578 0.9427435436731946 0.9434335257047389 0.9437039314693513 0.9462629214726442 0.9478772474073812 0.9489661025365873 0.9494812980116923 0.9513547829421728 0.9547750899546058 0.9550678898843962 0.9559548447090209 0.9563178427029413 0.9575975929346223 0.9604699534253486 0.9615747723283311 0.9628857864859529 0.9669945359947251 0.9677310561835816 0.9688704362570082 0.9710498547903551 0.9732462370855332 0.975002220442926 0.9764261589304132 0.9797300437867734 0.982893222350469 0.9831413030877137 0.9850248758560302 0.9861766245975211 0.9874515367432846 0.9900741845625232 0.9908762766782304 0.9918370582314976 0.9925197882878912 0.9961768310008936 0.9966049822367001 0.9985288459381074 1.0005241922164891 1.0045037543558213 1.008422776130638 1.0088786400064538 1.0106285304254639 1.012822531442666 1.0132594881409835 1.0141568421773477 1.019741812045288 1.021176114865657 1.0246560299951963 1.026923420234699 1.0288206158659359 1.031304042351493 1.0350385695852977 1.0390419133745739 1.0424558665742003 1.0450342816287266 1.049816784362366 1.0556152676175203 1.0602487078646485 1.0883331188475467 1.2983430673878573
272 9792 0.03186245337462651 1.2982957186760689 0.8587861964698418 0.8587861964698418 0.8679376313640287 0.8702592024049527 0.8723673717417229 0.8751612743522174 0.8779980670307043 0.8784812735254888 0.8829731228635369 0.8842199959189541 0.8859004857802387 0.8870038381706238 0.8907360568182404 0.8910014322162827 0.8916777426064482 0.8948254366463627 0.8961408544974679 0.898742938610613 0.9005391864498709 0.9027007761419972 0.9041334680687196 0.9063762788795335 0.9079180070073355 0.9086336879783672 0.9106149568727813 0.9140279289647345 0.9180934957363427 0.918242749505438 0.9197730133264096 0.9207308313081548 0.9242777738919085 0.9260760558795583 0.9270093248634353 0.9275167942918988 0.9285587989246628 0.9313845361372095 0.9334151037064065 0.9343380871638546 0.9365277947171174 0.9376623661959518 0.9389301158870057 0.941065574457765 0.9416094441702916 0.9431937793690404 0.9444950492912887 0.9460918352308776 0.947787291125661 0.9483432168542646 0.9499938376693436 0.9509946961467168 0.953842688960574 0.9548963638912222 0.9553967863295473 0.955912513212187 0.9575939976714845 0.9603318425454743 0.9613598498351459 0.9627341826424548 0.9667861844704495 0.9680402538081561 0.9685573040063912 0.970967973854115 0.9734246565547137 0.9751662019997078 0.9773452165115233 0.9790406756840564 0.9826067616200216 0.9830805066829129 0.9851038347727692 0.9861495373200949 0.9880724734156581 0.9901938998717323 0.9906256631025412 0.9915783251970033 0.9922338057504696 0.9957106528664295 0.9964448350806715 0.9979656686902921 1.0006054740220711 1.0043914352634413 1.007384331056148 1.0083957532991812 1.010267545736267 1.0125199198984878 1.0128833870091096 1.0146618167263708 1.019940077187494 1.0205480819424764 1.0244995396077443 1.0265584714784943 1.0284695837344977 1.0315595634647357 1.0352244678488118 1.0387922132795147 1.0428883461769274 1.045382486097217 1.050199667829759 1.0553634018971385 1.060574770595428 1.0885328736434443 1.2982957186760689
273 9828 0.03105508293515443 1.298162882014527 0.8579972100790062 0.8579972100790062 0.8672318579029 0.8694465374866618 0.8723913741882126 0.874505810454371 0.877630718211885 0.8789910404246805 0.8822851423914391 0.8842159566976731 0.8860644465650379 0.8869075694910732 0.8896771515393036 0.8907469356098086 0.8920028093793503 0.8948955814237917 0.8963686594753896 0.8985147681674206 0.9006010802654623 0.9023368810743008 0.903994879896732 0.9065354780375767 0.9083011517962098 0.9093458121606149 0.9106443955162908 0.9137991555310082 0.9174943021003767 0.9176278254321645 0.9198769902376001 0.9205708175773272 0.9235992356631434 0.9258320725056268 0.9265072467220997 0.9275903898105669 0.9293909198354395 0.9310006504389647 0.9329779690645588 0.9346748960104783 0.9357024990804983 0.9374420067417748 0.9387332016471908 0.940735304208512 0.9411899520362456 0.9429777510144877 0.9442724038681666 0.9456434446336466 0.9474068599402963 0.9481778006529364 0.9500101082600414 0.9510705513260738 0.9534788537228487 0.9538482079022933 0.9552462026417893 0.956480517371904 0.9573631157255322 0.9600387272553993 0.9607571536042946 0.9626323826413035 0.9661045525108491 0.9681029912809994 0.9688390601324419 0.970865756090743 0.9734052748030065 0.9753200177965196 0.9776859591529939 0.9790969608945672 0.9813313865036591 0.9830077658192257 0.9851191604634713 0.9861920434031003 0.9882628337993645 0.9899402513486478 0.9904389268235153 0.9912217604088552 0.9914438351499459 0.9956653858097735 0.9965943169799348 0.997217395311266 1.000056664071494 1.0050344351920824 1.0077556250637028 1.0081234699437054 1.009500395667496 1.0122686931865228 1.0131287520857675 1.0153624509133523 1.0197537773401961 1.020098016776779 1.0246168202677564 1.0268802419427665 1.0281127272468018 1.0316841917685984 1.0346245838656087 1.0381699861879694 1.0430837664200756 1.045743410304639 1.0499663308819502 1.0554466014713224 1.0606890804434648 1.0882676250569188 1.298162882014527
274 9864 0.030048912268856233 1.297620453465891 0.8580982400241909 0.8580982400241909 0.8667252143805215 0.8693330729933311 0.8710758784148289 0.874040476906354 0.8775442681720029 0.8793755735069984 0.8814236780636069 0.8848645016423219 0.8860008119763103 0.8866909915813583 0.8901021006643547 0.8904732003391436 0.8919585913820809 0.8950692637269918 0.8968341917008321 0.8986628084694132 0.9001478513820145 0.9019768466524527 0.903389302923846 0.9060490477487763 0.9081606081888007 0.9086791716974779 0.9103490302133245 0.9127658004307679 0.9172078094482132 0.9174984840418704 0.919419165108484 0.9209634921271735 0.9233201946703297 0.9250101909022845 0.9260532242305504 0.9271408242774255 0.9290528536417636 0.9309593947772127 0.932946774201805 0.9344455990978898 0.9356216685635963 0.937246136885707 0.9384835386412076 0.9401383540178864 0.9412053114149929 0.9425151721700089 0.9439761122872417 0.9453871426969234 0.9473615187524281 0.9475435177238918 0.9497077008157547 0.9504412114126427 0.9528977990419317 0.9538984853347835 0.954820349047881 0.9564600818471157 0.9571367113672558 0.9600008505826249 0.9610399741357452 0.9618965239708562 0.966023156068441 0.9675723151647221 0.9685368367462787 0.9702009003926578 0.9730114043320118 0.9748947431578573 0.9772285074577424 0.9791431085574842 0.9806545363743308 0.9833031728344249 0.9849710046675996 0.9861016444274425 0.9884982326184133 0.9891335759022081 0.9898719698297451 0.9913828668914629 0.9916971829239345 0.9957506366698494 0.996070739257231 0.9972050237625633 1.0002200725120183 1.0051107242816717 1.0069788653050022 1.0077110737034254 1.0096413787926957 1.0118155399603046 1.013687181808959 1.015003464726975 1.0195009703737017 1.0203549405037473 1.0245669491260754 1.0272092151436494 1.0279427759591429 1.0313130392541403 1.034547923930673 1.037626614718295 1.043014263025861 1.0456483346906311 1.0508504404046184 1.055003403404579 1.0601901096951944 1.0866317945705726 1.297620453465891
275 9900 0.0291928390702266 1.296631708036827 0.8578010825383401 0.8578010825383401 0.8667700975754181 0.8694500428804611 0.8706418829770244 0.8727110613548045 0.8777383267941405 0.8797224208784814 0.8813466690355819 0.8846747157705749 0.8856386672583693 0.8864354792313823 0.8898827877739557 0.8902661127538726 0.8919519518111427 0.8951443822414927 0.8969669633973132 0.8983666316538761 0.8997997172083684 0.9025058092463193 0.9036586836198548 0.9057813589216159 0.9083026754874141 0.9087207313962007 0.9102739553383207 0.9126189235781447 0.916851942570291 0.9178861076403254 0.9195308857711016 0.9201356512443973 0.9229028538535458 0.9247660306614175 0.9262680307064854 0.9271164756471726 0.9284448522615654 0.9306251774909965 0.9332473043003516 0.9341503176184063 0.9349986946050336 0.9378442613887679 0.9382499628693297 0.9397927922477253 0.941002695192597 0.9421216625840332 0.943372544684373 0.9445696345746336 0.9470671948292628 0.9477622432957179 0.9494712603083647 0.9495720860182856 0.9527355223269766 0.9539885290170046 0.9546008839347033 0.9560158195065922 0.957134123903065 0.9599216948414602 0.9606989222655717 0.9617124369871146 0.9663693351373724 0.9670923468628099 0.9680483066272707 0.9703057188493067 0.9736400611696964 0.9747579375843962 0.9776114434428439 0.9783177608145638 0.9807867872325817 0.9830993840924519 0.9845667160843716 0.9857597271385589 0.9880416010272017 0.9889773842377979 0.989611579705055 0.9916496517609286 0.9930050114966277 0.9952030008279045 0.9960667237006491 0.9970579892293503 1.0003371299266188 1.0046391451865433 1.0070933490767704 1.0075502770789269 1.0098252488512909 1.0110701688380384 1.0131467769414035 1.0146895759523127 1.0192544437765458 1.021191219233935 1.0262894586346567 1.0268700940616746 1.028494249951216 1.0314798497502642 1.0345044539638737 1.0380569197265557 1.0430918885723446 1.0457519721551987 1.0508719921969694 1.054824974888293 1.0602696347501044 1.0865002924888336 1.296631708036827
276 9936 0.028356971354234917 1.2962358555285567 0.8572574356086854 0.8572574356086854 0.8664697965300445 0.868968032340013 0.8707829392811077 0.8732452043379052 0.8775318567337821 0.8793885962955497 0.880407676575846 0.8843670466853913 0.885471986560872 0.8863570955231128 0.8893767327608241 0.8898332901218985 0.8917420599997488 0.894808172858266 0.8967452632569894 0.8983149951673326 0.8997449537073217 0.9027264901657971 0.9046582133844717 0.9059071443978043 0.907227440320675 0.9085134646151529 0.9107092734194465 0.9130743469556204 0.9166481767427505 0.9175671670021296 0.9186916994777139 0.9199498054849847 0.9225966654468674 0.9242233144495744 0.9253691828866341 0.9264892218142587 0.9282277508540318 0.9304244373496908 0.9334410292530202 0.9336636686295945 0.934690765546849 0.9367918675723216 0.9383937920249701 0.9398523984023411 0.9411885604312736 0.9417246752656208 0.9434361227863659 0.9446965776280852 0.9466345703114454 0.9478355417927252 0.9484569102257048 0.9495813479390873 0.952486463231089 0.9536566511286939 0.954560893714947 0.956251577306905 0.9576538688194531 0.9596751381606553 0.9607003907346265 0.9612875603804323 0.9654771704900629 0.9668920378791387 0.9683894371120878 0.970148028244989 0.9731947015247193 0.9748477081155811 0.9773307304563559 0.9782025774530565 0.9802642554359039 0.9832112976324429 0.9848963043354411 0.9851145580420374 0.9884033228663044 0.9888165836129406 0.989213636963572 0.9914636060894558 0.9929920490314228 0.9947459795205598 0.995568737712073 0.9974785327339472 1.0000098098484704 1.0040481438326512 1.006644171841092 1.0078686696119543 1.0104050683204444 1.0108208530645315 1.0136776204818465 1.0148012698373678 1.0185694122411968 1.021314124338323 1.025888425354573 1.026908149742394 1.0286365529670338 1.0321001897911162 1.0340533323309993 1.0377953260880508 1.0427330618292274 1.0452809454789753 1.0507709294390861 1.0543027409647492 1.0597149334980298 1.0864714019558892 1.2962358555285567
277 9972 0.027485631703480225 1.2963877729406352 0.8560530172212879 0.8560530172212879 0.8652385170109803 0.8684707363679152 0.8704223909347811 0.8732039191611433 0.8771296877595018 0.8790775335544434 0.8800349853727163 0.8842930859470532 0.8857490763116993 0.8861897346206384 0.8892393709857797 0.8896795220726799 0.8917126874061236 0.8939124815650735 0.8959602164346565 0.8986715210315379 0.899580374123434 0.902470292985144 0.9043237061189456 0.9057115243193423 0.9072216267816285 0.9085956023814673 0.9109988848384718 0.9128404796549638 0.9160648235074653 0.9179059501351153 0.9181856124113962 0.9200661303038935 0.9220173262485104 0.9242263480377919 0.9255231150469867 0.9264032351210294 0.9287282326606536 0.9298008345091049 0.9331388924420116 0.9334856572730326 0.93409617445834 0.9357225630252968 0.9382525223230889 0.939289256666346 0.9406630420272704 0.9418690830793889 0.9432017619964064 0.9442763659825874 0.9465302617516217 0.9478768482634878 0.9483600400679335 0.9494827222122076 0.9519316277984229 0.9536783739430948 0.9553335483438089 0.9561780144406785 0.9582658950255349 0.9604380305269203 0.960716312116522 0.9611170517941121 0.9657522347029073 0.9667222997347468 0.9678869895934787 0.9698218359033717 0.9726594838410582 0.9748178201575045 0.9774162136820151 0.977608745934939 0.9798529587127242 0.9821735058410568 0.984706196751972 0.9852733044865342 0.9882052790146828 0.9888317915246463 0.9893164572690637 0.9909763388432034 0.9926286834159209 0.9948939696608372 0.9957811278198517 0.9969392524880499 0.9996480452862502 1.0036147937993563 1.0058661397176223 1.00763804739116 1.0099558317116881 1.0107275296789413 1.0133644687434575 1.0164029268287746 1.0187707423759267 1.0209627230843474 1.026234122230613 1.0270580771896836 1.0285276792283962 1.0319331572878585 1.033763493819924 1.0369428850394562 1.042862399554371 1.04576359213824 1.0505605726361742 1.0543221466111095 1.0586609833582414 1.0863454494837952 1.2963877729406352
278 10008 0.026706182029725196 1.2962293274099697 0.8560931268504667 0.8560931268504667 0.8648120329384852 0.867982966066984 0.870357113259054 0.8728803741082858 0.8775071983923693 0.8789559598420589 0.8801686815746947 0.8836196905968614 0.8859477324298987 0.8864560677870826 0.8883923218208385 0.8894565490188343 0.8904537131519897 0.8937114587362355 0.8954557442328652 0.8984038108437662 0.9001364194024283 0.902156628952267 0.9046347231614169 0.9057206376585152 0.9067010716541353 0.908422816010216 0.9104946178989808 0.9125359314833156 0.9165324050589528 0.9170390609349698 0.9178939086096668 0.9204499538115354 0.9219474100821464 0.9242775489720141 0.9253043756446901 0.9265617791194359 0.9289204375964857 0.9295222884112729 0.9326390957923978 0.9331039770738562 0.9337214427612976 0.9352833898273006 0.9377585185042122 0.9393452011064956 0.9406623611808234 0.9416015043931961 0.9434694933545706 0.9441967881801864 0.9464766994689601 0.9475309511989495 0.9481332477420426 0.9495890232543901 0.952473877829693 0.9539123186749525 0.9562068309470515 0.9572720675273829 0.9582350599486152 0.9599561989504478 0.9606136178123418 0.9613253478160826 0.9649956189375093 0.9665638804252688 0.9680821844745393 0.96971438594244 0.9725904836993947 0.9752058407483206 0.9771335219218973 0.9780330018160912 0.9793036224765657 0.9820251565285878 0.9837416918006769 0.9845911059363555 0.9885261935733638 0.9888564780693145 0.98967743401837 0.9914961888088631 0.9931697936284103 0.9946284644996811 0.9952748289122751 0.9968695312754041 0.9994323344002732 1.003402201274493 1.0053395143757202 1.0075602133873707 1.0099943461745455 1.0107801571120467 1.0134389668389912 1.0162454567297996 1.0184680888127542 1.0206226868222321 1.0256523372618127 1.0264002482849144 1.028434837148764 1.0311617825230974 1.0331256089751792 1.0368665658539191 1.0434348647142084 1.0446703094315324 1.051719035625402 1.05372477711897 1.058492578246815 1.0859006777582396 1.2962293274099697
278 10008 0.026706182029725196 1.2962293274099697 0.8560931268504667 0.8560931268504667 0.8648120329384852 0.867982966066984 0.870357113259054 0.8728803741082858 0.8775071983923693 0.8789559598420589 0.8801686815746947 0.8836196905968614 0.8859477324298987 0.8864560677870826 0.8883923218208385 0.8894565490188343 0.8904537131519897 0.8937114587362355 0.8954557442328652 0.8984038108437662 0.9001364194024283 0.902156628952267 0.9046347231614169 0.9057206376585152 0.9067010716541353 0.908422816010216 0.9104946178989808 0.9125359314833156 0.9165324050589528 0.9170390609349698 0.9178939086096668 0.9204499538115354 0.9219474100821464 0.9242775489720141 0.9253043756446901 0.9265617791194359 0.9289204375964857 0.9295222884112729 0.9326390957923978 0.9331039770738562 0.9337214427612976 0.9352833898273006 0.9377585185042122 0.9393452011064956 0.9406623611808234 0.9416015043931961 0.9434694933545706 0.9441967881801864 0.9464766994689601 0.9475309511989495 0.9481332477420426 0.9495890232543901 0.952473877829693 0.9539123186749525 0.9562068309470515 0.9572720675273829 0.9582350599486152 0.9599561989504478 0.9606136178123418 0.9613253478160826 0.9649956189375093 0.9665638804252688 0.9680821844745393 0.96971438594244 0.9725904836993947 0.9752058407483206 0.9771335219218973 0.9780330018160912 0.9793036224765657 0.9820251565285878 0.9837416918006769 0.9845911059363555 0.9885261935733638 0.9888564780693145 0.98967743401837 0.9914961888088631 0.9931697936284103 0.9946284644996811 0.9952748289122751 0.9968695312754041 0.9994323344002732 1.003402201274493 1.0053395143757202 1.0075602133873707 1.0099943461745455 1.0107801571120467 1.0134389668389912 1.0162454567297996 1.0184680888127542 1.0206226868222321 1.0256523372618127 1.0264002482849144 1.028434837148764 1.0311617825230974 1.0331256089751792 1.0368665658539191 1.0434348647142084 1.0446703094315324 1.051719035625402 1.05372477711897 1.058492578246815 1.0859006777582396 1.2962293274099697
