% # columns="iteration, evaluation, sigma, void, void,  stds==sigma*sigma_vec.scaling*sqrt(diag(C))", seed=1014893, Thu Feb 12 17:09:50 2026, <python>{}</python>
1 26 9.383264959335756 0 0 9.400675263121649 9.308782242251867 9.359615378346662 9.320953476724618 9.38281882019691 9.25918099060583 9.29610592175034 9.336079957400143 9.504832877159016 9.416001245259718 9.288698516143018 9.306912635428583 9.4069757900762 9.377021511870502 9.307842316043965 9.39456440128553 9.377739222297976 9.36728672202814 9.380771880124659 9.422014155540994
2 52 9.517775523771371 0 0 9.57872717064631 9.513056410913514 9.419940913601287 9.678139448173827 9.501605981768018 9.369306768677134 9.408235525458291 9.398456803784477 9.63781696306167 9.593810208934295 9.310349052788574 9.358609743620718 9.573614856527747 9.49484475057614 9.343811132530897 9.52004404812798 9.64499452789238 9.456107752176761 9.465229077743409 9.352658173215376
3 78 9.797660731573115 0 0 9.689794440614294 9.717435164975848 9.5872411010674 9.952349210013818 9.81737075738919 9.71092244380839 9.657170773004442 9.675890396950374 9.927317723652317 9.765033370087112 9.548772321569066 9.56811655642045 9.72546669060973 9.755056693007345 9.601217799549712 9.893303937494872 9.816272399412393 9.723490421084874 9.856601790917738 9.754436584826262
4 104 10.033505120003989 0 0 9.889491452107809 9.911141924757537 9.773136709386907 10.151533476744879 10.01395905304597 9.976035516893553 9.79780110589625 9.994261108567066 10.112329374375735 10.001171010183283 9.783877276399602 9.62906039753906 10.144543308119072 9.900781592060186 9.710462279573479 10.065850207776995 9.985234939167064 10.051520841584479 10.211981515583918 9.953156393653831
5 130 11.12648774681756 0 0 11.176994727548212 11.0759080122996 10.857240251522784 11.288318723763762 10.985335822266899 11.190622839636898 10.851002628331228 11.138666626583298 11.22933036905974 10.992524634355338 10.904565905082006 10.298720546992547 11.586982129775434 10.833020699787877 10.647584853435676 11.138012386274738 11.037847529256835 11.169527364579048 11.384548740347144 10.927010781973397
6 156 12.866249071114376 0 0 12.91625973400258 12.724451768452905 12.373403191804215 12.953150632347192 12.670421196368258 12.935454341544165 12.464822013862054 12.851808894202899 13.197597946883867 12.660803661617894 12.743704107305344 11.875534105304196 13.652221694271331 12.51707856830263 12.358289241302549 12.855281744631833 12.809247952078282 12.9724748268898 13.19911737602402 12.667095767423092
7 182 14.148286241480713 0 0 14.233641184128576 13.986437314490617 13.529865453871231 14.099281305358435 13.8911382752524 14.140136934663639 13.68091894962736 13.869439787237674 14.571257069559556 13.79380442758902 13.845555399971246 13.301095647670172 14.91467327473952 13.855085572218838 13.607026074027486 14.039857671235774 14.086106042603571 14.259350227564882 14.666089783510845 13.700350150368168
8 208 15.458586593439586 0 0 16.237444846071625 15.260902062098923 14.804639953531739 15.45574018634922 14.880467602142263 15.338547250127995 15.317593386674865 14.95539623065613 15.935007304009503 15.164912390355397 15.197626809961712 14.467507838240145 16.39793274965569 15.056573327162377 14.864775672845726 15.192917314042342 15.3877042327986 15.497463506793391 15.863427883486635 14.88797309609565
9 234 16.71464917617308 0 0 17.754139615789594 16.21803615085543 16.059227063108246 16.61588891676763 16.275899744574552 16.64080526402568 16.65618073427091 16.2878318479586 17.14616767025329 16.34057406405364 16.643055826708 15.761707250924552 17.736737778454252 15.935238435868557 15.990486914284652 16.29982547314018 16.505587444885595 16.619370951718963 17.066220860712118 16.038240064895547
10 260 17.422714149589503 0 0 18.42685368458808 16.664386192609104 16.735457811158717 17.444101255486633 16.977977255916194 17.45817211018773 17.59025424950443 16.90764719640997 17.74361498490251 16.98869021215574 17.168369959060165 16.534167389873677 18.592792526361933 16.67840351283661 16.7153064331259 16.737693728806462 17.027916225562805 17.31115384627258 17.529780508215755 16.710518867914793
11 286 17.421041137014935 0 0 18.300851012183944 16.504938791755155 16.710558644804685 17.45281600155188 16.81129288554378 17.412418008464428 17.675452324090536 16.877447346602537 17.44133570652711 16.858560803782705 17.16400415092713 16.631770191584202 18.591817643221194 16.72835496130549 16.47933744459576 16.5497507241649 16.94248575301374 17.320939912302165 17.267907612236076 16.75776084948856
12 312 16.3136559597982 0 0 16.977827522574607 15.373609420306382 15.4619359975313 16.32924801250809 15.51447928515601 16.218221687544553 16.647504660690263 15.775826907448522 16.107308534100437 15.623486417347472 15.910298774039509 15.65022415369796 17.51294014869319 15.525986010774316 15.45216362594589 15.487047169815309 15.831151212484931 16.142979045604488 16.247376108458166 15.40605107045595
13 338 15.820994009903178 0 0 16.41526238698626 15.108090831429694 14.833809143303192 15.885226366838712 15.141730851580371 15.604511399891662 16.163437993203097 15.404213792266109 15.571728742805957 14.99676183602887 15.362614367704145 15.123953465611095 16.758635183758916 15.055906247664307 14.83868157570836 14.961881095669014 15.3256933322648 15.60970855710849 15.826285088467385 14.968194191803754
14 364 15.154007876150972 0 0 15.498809731281504 14.537080449525495 14.134742899109492 15.212320390116773 14.480019332983579 14.920690690506177 15.634011384863177 14.701467333616087 14.91126856913883 14.236127454823363 14.586723664066005 14.384560580443017 15.951453883928876 14.383047776818309 14.127780114867138 14.007941181978724 14.596302032781562 14.844148101126441 15.059608649706668 14.299537587924132
15 390 14.613084601041432 0 0 14.804775314751595 13.904223440793118 13.61609737006039 14.776995614545767 13.870127841905921 14.348352023061498 15.19120086835967 14.244476664708571 14.2698599640717 14.281571197783665 13.82567837179086 13.914593381251054 15.301783168414863 14.037870269574796 13.581578751238961 13.29668254350619 14.019101504559307 14.313776323837569 14.41127279657684 13.738423051488693
16 416 13.54972650674248 0 0 13.506359832447913 12.775433936077626 12.542723085431719 13.588176205939865 12.70436584295728 13.272201027456667 14.107241053989098 13.21660957404298 13.096817700926195 13.345301111766704 12.841565317337349 12.853585462791274 14.060401701219577 12.817750894399941 12.48867171440534 12.350197644680605 12.854778153262503 13.22150611962792 13.3632088352357 12.562266748415903
17 442 12.433678030533013 0 0 12.467983451695318 11.605058397364482 11.475311242601258 12.458148073963049 11.63158445187165 11.97945278025873 12.807427040757648 12.034102131792489 11.995126388031288 12.244987381073049 11.742265323923391 11.767500684993214 12.895173006611918 11.528992559045632 11.45199623904887 11.127835134804299 11.702903297579507 12.156386285872061 12.134615456390577 11.452691518108255
18 468 11.611413741183927 0 0 11.625052494289905 10.934059179870584 10.615452198013056 11.540530195751822 10.868385711714614 11.15707380309852 12.017750893240372 11.09347138563583 11.211122859301566 11.262732103925877 10.888611493951148 10.999232645730487 12.150321042000474 10.685524335124923 10.617970833577694 10.389611852965968 10.693592115900003 11.258355317242273 11.130723027811584 10.698169076871183
19 494 10.816751263725639 0 0 10.649693554718185 10.015693153540031 9.80499860928258 10.809771113186486 10.13550419561404 10.39391124159595 11.086605987138121 10.300886060216047 10.303409801069298 10.447814012037142 10.101650978938384 10.30473006189948 11.223959477077184 9.923169837708434 10.081840192338518 9.612537727350315 9.822291263320224 10.299853150944267 10.49680886622271 9.826041002384555
20 520 9.800842819621758 0 0 9.575359017794673 9.057380244748645 8.79526310812814 9.74836172121316 9.134627589838509 9.429575412463583 9.946678434553444 9.170377851062215 9.237230572324746 9.384813766763733 9.122731677767858 9.349147365883113 10.006978573523725 9.202904529790557 8.994691038263054 8.697628938810812 8.890999185834257 9.261171768221663 9.528103761339427 8.801539829676138
21 546 8.615898511063302 0 0 8.295238308433046 7.860374918062698 7.690153992063221 8.480928934478984 7.986134718418032 8.234794048184506 8.635508248389039 8.031011926129578 8.155432766406383 8.111273935551898 8.039078766663474 8.239650062108632 8.78980472882405 8.05719638594354 7.8883548215088375 7.531817288294115 7.733495811981111 8.045714870772244 8.375340441334254 7.658646301593873
22 572 8.39949763886423 0 0 7.983403116629964 7.485294304192013 7.4528081817247855 8.417517574370269 7.789382324440378 8.129013838770893 8.421819156791807 7.780962073343356 7.859206684143228 7.886775795060361 7.726399826105105 7.937063927325861 8.514581560232958 7.744353019206507 7.634063706590484 7.253737994217891 7.566310172304426 7.801464189333399 8.137929843287953 7.398819280732662
23 598 8.013568481018163 0 0 7.5326541521721175 7.148814724047439 7.045915297890312 7.992183935973286 7.331964951684642 7.722243404384922 8.027461083541285 7.415995289665505 7.455625236535727 7.443338661695944 7.2840655932172975 7.591789344487288 8.116982383867818 7.296140828366312 7.2406454542131256 6.9623178703485005 7.156640463867361 7.403359667652085 7.713915631917589 7.061171934498433
24 624 7.821608860288918 0 0 7.318741503814762 6.926196351795605 6.801711984578799 7.803452849987469 7.108747084843516 7.489693084575291 7.73017002915745 7.169317132295368 7.0956619306973785 7.2916075825020075 7.092277877719384 7.3990342979801245 7.962561161269051 7.088924352057922 6.9530428749311515 6.802015746848623 7.001593215682548 7.181458826662705 7.499891138820618 6.929424734301031
25 650 7.469012411586962 0 0 6.999846479259813 6.617056141680953 6.406384742305277 7.486755531213479 6.742107693831135 7.0954500345409315 7.324347500349845 6.879947055758673 6.715516552587268 6.934604496622545 6.717003569476255 7.023860638002951 7.546569000370425 6.7642640940003025 6.595502834972592 6.384401013044039 6.557278504776484 6.783363486762981 7.155549491992619 6.656035669706162
26 676 7.017589215545637 0 0 6.483665521319028 6.1759304924571 5.936756143079202 6.937659598437069 6.3407856476624715 6.680869211746787 6.841845470870141 6.294209959100139 6.332472954954899 6.4391606017966705 6.259597343009598 6.568352551699704 7.212016561795463 6.394803346733323 6.243248998607501 5.964712352676508 6.179633917486945 6.336715780966913 6.634583220638046 6.223446111651833
27 702 6.373008319211471 0 0 5.87441292153437 5.5495650576018924 5.3188517995287885 6.311476546041865 5.753847558481302 6.010459830910535 6.176174648568838 5.663843506854752 5.690479422019255 5.770343110413967 5.561889828073628 5.955533428414069 6.640916761604922 5.79308183802326 5.658650966337279 5.333373718338757 5.588854008173344 5.765234609874245 6.0687782184300785 5.614770701367442
28 728 5.645742516221894 0 0 5.201564783251495 4.850967306911022 4.681256264648506 5.701758914725271 5.103815933625652 5.285429875193296 5.437694468593161 4.940150458851794 5.035299101635768 5.133828163257989 4.971807381647512 5.142514073635285 5.999532304300897 5.073112331413872 4.96845382023122 4.689211729076493 4.8686485084157525 5.085575551804364 5.384641296070184 4.990117682239553
29 754 5.152401107292542 0 0 4.730545617946548 4.3987523573609675 4.245770857647205 5.200713408809252 4.580487195178744 4.764784659109832 4.951760937701364 4.476837855656466 4.5837682630490635 4.650224522551457 4.5321666898447335 4.684222494173122 5.521683108690487 4.649522800256703 4.462669261297927 4.255502957890827 4.427279700908645 4.58601462243677 4.8930890879998845 4.525168170695169
30 780 4.908172105364446 0 0 4.488920492788974 4.154195025161009 4.036090707616549 4.9601188752897025 4.2852791974387285 4.547971141722382 4.675583326963374 4.18499760030192 4.423194918843925 4.349260188281498 4.291257744583142 4.448706124387903 5.22844047731447 4.4368345653422825 4.1982223579213604 4.026349328962974 4.230573662169796 4.371206531655935 4.674893584563971 4.246229549064067
31 806 4.7429727053596835 0 0 4.322261786569016 4.019988303392967 3.8746473031532793 4.808503033424384 4.0646832937896535 4.39484963736691 4.445055235131643 3.9901969289854224 4.296049015408104 4.157308757083131 4.127773452363155 4.25358252634112 5.0866367438678 4.269763885339786 4.054132682817247 3.8733603987977134 4.046745877954895 4.219569779971788 4.5465640471805875 4.075743045514931
32 832 4.436342778227306 0 0 4.009566944811957 3.7285071693938625 3.5824790359963616 4.484378509328495 3.786731344278275 4.159580282054108 4.060116915955181 3.7191439104716935 4.012714383439245 3.8965233864913342 3.8307626925879283 3.951381703323122 4.792497808997883 3.9997430613801135 3.757543056266801 3.614701055098808 3.7552141652542352 3.9295604953681074 4.23851675149838 3.74740440609185
33 858 4.054606145491529 0 0 3.624776858343244 3.4170833624032126 3.2643898688213744 4.118437170725616 3.4147398425631184 3.753652652401111 3.662043386687312 3.3939130403998528 3.6460309443181855 3.545496208744492 3.5174311562758094 3.572551813005941 4.341575451331136 3.5866143306970857 3.3888393621517348 3.270947506527324 3.399151463489137 3.597242822849631 3.939593548646221 3.397681485586218
34 884 3.745053617543917 0 0 3.307102175130378 3.168377428963992 2.985500845361383 3.751765362931742 3.1287976700099724 3.4658445904371478 3.3734243572309235 3.1168685777206475 3.3863874234012146 3.2630805375092233 3.2218175181452713 3.2996302055441986 3.937388829078909 3.2597522985397664 3.1279809434212416 3.0118571544565826 3.1080905269221066 3.3472225040322003 3.5978822407945206 3.1626581198589183
35 910 3.40326369974913 0 0 2.969462667448916 2.815729032718413 2.6984534788036143 3.40570634160814 2.816390487713749 3.123176120536179 3.0240013595530804 2.813581546046777 3.0567617670248968 2.942001359676021 2.9337369205610573 2.9840835368567786 3.5431087894721776 2.945695205788077 2.8275479069173945 2.7557326767187544 2.8079178236576645 3.042753690389315 3.2603770197182964 2.8714846535571663
36 936 3.160558058916062 0 0 2.735909668588354 2.5895009875356183 2.509847502413234 3.1301686449132244 2.6016658889675046 2.876937964410095 2.7486295069420117 2.6115739517770735 2.856285478721077 2.748894881168555 2.7145826331553202 2.7002723128508643 3.2198040351762662 2.7207183624403304 2.5925271699186108 2.5361722430357285 2.608088300333017 2.829196952422319 3.022850356025505 2.6743619947244044
37 962 3.0586359568796926 0 0 2.6175241660679287 2.5026264947080135 2.437533210281418 2.9693432020217263 2.441330664565931 2.8236311580423337 2.6549660254183314 2.527960689928044 2.772744268456973 2.6627835814151615 2.6434473668885388 2.5802978342369114 3.0874036592952425 2.644576637752581 2.500475040866076 2.4319682376280576 2.5229785900165176 2.72684428417385 2.9630511446256023 2.566782155054895
38 988 2.8900035798747976 0 0 2.433155148854927 2.3387942801121815 2.2946440824447674 2.7914139503082103 2.3024698818102984 2.621890002925924 2.4901410962260186 2.3500797790873986 2.6414403332931267 2.5426479045692867 2.497225963551235 2.4115655643624883 2.8659237532890662 2.489848036979219 2.3430947663708865 2.2844562068465684 2.369032471431814 2.5477343582257106 2.8101880817615457 2.3984301413421742
39 1014 2.7384693056452094 0 0 2.3080709778719535 2.22026366497825 2.191402409825854 2.6266859926761925 2.2030730421886 2.459878252842567 2.3137770441850947 2.219878186260896 2.5027849372028474 2.377119234760738 2.3384671966307793 2.2375380175481703 2.700551260695216 2.3159637606668673 2.2219372155914776 2.1686169048769854 2.2584927535014314 2.4298860780664913 2.645817659333287 2.254772204686284
40 1040 2.5780285767524997 0 0 2.1812310088647435 2.089909625814853 2.0491997107272697 2.449833241546618 2.0680930420907444 2.284765268953682 2.147188208323666 2.085878646216208 2.3426233965746635 2.216544641214591 2.1979238602347793 2.0942289945741823 2.51346360928046 2.180097794347793 2.082228768226566 2.0300120123469494 2.1252562888116815 2.2948359134592615 2.5297857013203537 2.086886838575277
41 1066 2.5157239997133134 0 0 2.1311828516693625 1.9652138914162038 2.0039208724434525 2.362092793649021 2.008330359141236 2.2205999670008914 2.0754105230197712 2.0229626101470903 2.2962302517020197 2.1641589328254534 2.16554353544767 2.0467831988555236 2.4335552937587503 2.120269067966611 2.0134311574159556 1.958426846286714 2.0644395686459895 2.2139847597773157 2.486638246822094 2.038496680508423
42 1092 2.544329527610994 0 0 2.1518110494229945 1.9844743260721223 1.9928703973324104 2.3828490681197345 2.0225478527557605 2.2359013444819755 2.0796929766744565 2.0493847224291963 2.329084110148373 2.1695492833575236 2.1756871551586623 2.056084894543784 2.4416930370270276 2.1390250804190107 2.0310803577876984 1.9818404534187126 2.070632302446972 2.2334582718619833 2.486050755445247 2.0465640354459924
43 1118 2.338004975049167 0 0 1.962264279706414 1.835479275273512 1.844592119729726 2.1610549412780453 1.8459635946017168 2.0429430750611477 1.9120636745076804 1.8802936880156902 2.114389076231947 1.9608205637849578 2.0233478351466183 1.8704289650183925 2.234464031506114 1.9596213357549859 1.841257983503473 1.7968784585680453 1.9076389571375905 2.0465588781894053 2.266652259906564 1.8526318528403742
44 1144 2.261532996490964 0 0 1.8994882832974067 1.7674375210136402 1.7857840109130232 2.0657466635212 1.7754156358928874 1.9603450941446858 1.8434292614916181 1.7893133589546752 2.0471074695323748 1.8761057885219385 1.9567466918754663 1.7828065121192416 2.161018364647289 1.8936968081725165 1.8194478917687817 1.7079547024902006 1.8324146025908927 1.9961536846413725 2.18567576013249 1.806342665839237
45 1170 2.2755130799928525 0 0 1.89497504954557 1.7548355619739595 1.7709425577473838 2.0703961501765082 1.7836373261697158 1.9601555113222204 1.8878603641560285 1.7929732312471265 2.073490387610275 1.83367442598067 1.9506116831338822 1.803992169867284 2.171039486348328 1.9016510427889448 1.844923709928355 1.7129085689802668 1.8323327743226057 2.0015061966484606 2.1896849095630313 1.816485266897006
46 1196 2.270107930177562 0 0 1.897287413172726 1.7438462710331233 1.7698452724494749 2.0827168420214517 1.7791028319856124 1.9438138036943597 1.8963967360355656 1.7875210572672782 2.0625623083499613 1.820559050328004 1.9514309688233984 1.7913218485880602 2.1420225356693434 1.8707258218307723 1.8015922805139106 1.7088253370962085 1.8066147573611715 1.9821269771518937 2.179249430718362 1.8013250988002583
47 1222 2.102829915669393 0 0 1.75123105809303 1.6078736634230597 1.62431862430702 1.9232991580170111 1.6127118418211739 1.805366150747242 1.7673210383069047 1.6462486379716772 1.9025626283124126 1.6428477448866936 1.7825451722984074 1.6471541870851545 1.963420462733439 1.7247155178453997 1.676246840901423 1.5707421364976217 1.6581562541418768 1.8389956631343005 1.9998510668961584 1.6618598527064907
48 1248 1.9205332244554332 0 0 1.5959891617461726 1.44516711847447 1.465304336242301 1.7430763563154634 1.4698050139450254 1.6506984141079986 1.6150840496627805 1.5017749347914353 1.7273391231696311 1.5005743210379352 1.625436259714498 1.4923698965004804 1.783516178461948 1.56092267063251 1.5119712853108864 1.4251040457398103 1.4880892347808934 1.6679472846197478 1.807942843399101 1.5215072747500473
49 1274 1.7020212083272825 0 0 1.3811314330637354 1.2678972053609008 1.2771100992625093 1.5411881882312943 1.2965579932835931 1.450063524336552 1.4276331473941462 1.3288396745998337 1.524446445519897 1.343438201861138 1.4462659851191917 1.3286612698775573 1.5708815383438435 1.3737952386206544 1.3301659806065647 1.2438664503169181 1.3128945824230969 1.486874743691117 1.5861405381230143 1.3365784253002506
50 1300 1.5580590917497585 0 0 1.266356293328538 1.1646498807273973 1.1600167201372824 1.3962459795612254 1.1764606835890608 1.3152281302386526 1.2996941511668805 1.2220055493345938 1.4001640991159952 1.233486406402561 1.336870366338948 1.2206414798988283 1.4341435676320544 1.2278482621600255 1.201656666132972 1.125971418520408 1.2016769678888746 1.370535119653947 1.4345527228752142 1.2208190021158116
51 1326 1.4631628734032032 0 0 1.1881881338840579 1.0594654571952296 1.0921331886070653 1.3248303076057222 1.0868903906266452 1.2232795932831004 1.2157002413045257 1.1395907279236004 1.3034674116538185 1.151485904264093 1.2480654625435845 1.148825436372651 1.3312820433373485 1.1532310216882644 1.132528659415759 1.0523795938562313 1.1326714044231392 1.2936228823267195 1.3405797956976369 1.1443197326896393
52 1352 1.4489073969987347 0 0 1.1665831142845813 1.036096439822033 1.0679153667175991 1.31310108953301 1.0783673825966031 1.2091586836097676 1.19018956879197 1.1389388159922564 1.2976036603503924 1.1454303031559656 1.2346900056574022 1.1119719333396667 1.3234403315138432 1.1329403353663512 1.1320154437535492 1.0385940472085393 1.1183458065862217 1.284751894341726 1.3063353423533923 1.11321514537728
53 1378 1.3657824992610124 0 0 1.0900482063060781 0.9668647374749533 1.0039065173166346 1.2369305800770203 1.0128570296225707 1.1309846022992873 1.1145064875391069 1.0723923315413897 1.220932338797568 1.0583530738569886 1.1538154106863008 1.0560275261883976 1.2406271737595544 1.073143638063992 1.0557790560635592 0.9693129788602299 1.0315442684263119 1.2194317528206413 1.2343864992620144 1.048504390059665
54 1404 1.2315076100765148 0 0 0.9693681055198403 0.8650763077072496 0.9038186850960441 1.1056953548936892 0.9079885816791824 1.0087990122692974 1.0131175206936256 0.9636449469262737 1.0949560007380017 0.9461354790722785 1.0502321420631233 0.9446894183745054 1.105005576907297 0.9440013453748413 0.9473436935006737 0.8744361534795654 0.9246287091934439 1.114140520682017 1.1051571180931836 0.9473209033544912
55 1430 1.1203526063253006 0 0 0.8748010006651564 0.7807484696945003 0.817863047541306 1.0040688860155136 0.8231173290188548 0.9077490630193722 0.9108004376597614 0.8712357939144029 0.983819923276396 0.8657898918286369 0.9451938005740768 0.8635228809822957 1.0067849150342014 0.8499706356426896 0.8568503494498868 0.7906514621868882 0.8302425440787494 1.0131301635804233 0.9998763856736984 0.8613968215869412
56 1456 1.0216885267793843 0 0 0.8031075679968107 0.699032602944093 0.736631059314234 0.9093617370263324 0.7467070712938224 0.8241059708605486 0.8253556968314387 0.7834532545434206 0.9009114429015632 0.7819395469622031 0.8618561934937625 0.7937174287339777 0.915742977053586 0.7682219918634158 0.7750024991415818 0.7172809358741254 0.757870492380172 0.9234803090683119 0.9055709710163821 0.7827532478083159
57 1482 0.9132419547569779 0 0 0.7219140025943321 0.6168388447233767 0.6509498167324034 0.8091524912211323 0.6594512188264375 0.7266158328661473 0.7278661203026493 0.7022233643684852 0.8039887939050256 0.6882507086411389 0.7746662331319536 0.7079272528076023 0.8041057177285192 0.6881943268658794 0.6906997073178331 0.6436187961986978 0.6712072787009129 0.8163809751185619 0.7978986801618491 0.697799797558786
58 1508 0.8844805813515558 0 0 0.6843068225507557 0.5936469917618361 0.6303577570874032 0.7766648137248146 0.6336458941852412 0.6971267270716346 0.7046792797783512 0.6777764516872135 0.7821898253938415 0.6587625154014226 0.7500887036141156 0.6865975299223571 0.7848236250589821 0.6629580729683614 0.6689913779365154 0.6229110120505096 0.6429361366687149 0.8252864389789282 0.7556991459024386 0.6722638234843976
59 1534 0.8259999684508336 0 0 0.632398750733701 0.5647909745327195 0.5846593377643309 0.7261566502225253 0.5832741442609215 0.6525827313437194 0.648063491845446 0.6286519193808233 0.7172570547703336 0.6114667423495191 0.7078335483418574 0.6373793806702355 0.7251337727150752 0.6137517425353258 0.6160364855750587 0.5776956155875207 0.594494839878148 0.7695981989557533 0.7021468216626362 0.6241222208049271
60 1560 0.797503007541384 0 0 0.6052943290253393 0.5465366143709623 0.5629162574303113 0.7070650870408127 0.5594882181016327 0.6303849958098917 0.6166500861970695 0.6013956183331552 0.6886922738083191 0.5833403565034877 0.6781903717901705 0.6079023340216407 0.6975404899125124 0.5976616665867841 0.5883508656601918 0.5599486074954777 0.5716664657367998 0.7450806076791057 0.665546153395778 0.5937575159303854
61 1586 0.7783049872593755 0 0 0.5843761310710834 0.5301066678473775 0.5487829348736594 0.6848478112524283 0.5415707360398809 0.6067202418454152 0.5983350411596375 0.5871063074679856 0.6684214998230511 0.5708532755507163 0.6715242243486155 0.5909074354999776 0.6744280722522352 0.5871999015921583 0.5760486170722878 0.5458256569092499 0.5508571979580345 0.7256086100657285 0.6437728907089376 0.5743883880389368
62 1612 0.6984715596155222 0 0 0.5227057692569613 0.47184435226940863 0.49385197229834127 0.6088305058231309 0.4847605065495717 0.5385244096855609 0.5396076286175125 0.5252715202864136 0.5980766830863247 0.5109735613926124 0.6002917566385407 0.5248064430790799 0.598426149949063 0.5273439772735513 0.5109852280974104 0.489478088499142 0.49253967261026116 0.6482558200771127 0.562268964020833 0.5127604207949829
63 1638 0.6241595749529784 0 0 0.46474058879344504 0.42332908558671783 0.44271397069836926 0.5364041768260209 0.4318767867595789 0.4746523151572135 0.4807435987915236 0.4660714930294583 0.5185033629015451 0.4529483615513075 0.5387073379188347 0.4678768451476821 0.5309257640858236 0.47599501367503294 0.454118263618602 0.44132645788232067 0.4418309903319558 0.5736206819325101 0.4997038326425441 0.4522567149599017
64 1664 0.6021031087405488 0 0 0.43744217585986706 0.403091950593408 0.4258247765425379 0.513122260623534 0.4130720435785877 0.4513790989864321 0.46181567386617983 0.4488593943468343 0.49745547025133463 0.4383332057103657 0.5245497029865799 0.4548688409962988 0.5089541141376797 0.4593125245018519 0.4362564360420221 0.4227739552862402 0.42770712338534655 0.5618707880508006 0.48447589335194075 0.43289000524007193
65 1690 0.586003699606489 0 0 0.42389900387361834 0.393154563760357 0.4144939933945725 0.4944318443818225 0.4064990963917331 0.4348243261697512 0.4375641134683796 0.43525931807556595 0.479283086102183 0.429814982437944 0.5114071400040449 0.4339965017593138 0.49325877907669285 0.4499446746823146 0.4170445933298907 0.4117955108507591 0.4194213443946177 0.560132664697724 0.4677483144815683 0.4153127717936333
66 1716 0.5838744615278492 0 0 0.4177811388069301 0.38869194288622444 0.40076860002108855 0.4911841790735684 0.40991879686427435 0.4354012534331907 0.43838323809520924 0.4344896180748768 0.47359093128087765 0.4280718465906153 0.5110785432702587 0.4310812487388753 0.4901605072201563 0.4494082877786405 0.4134212908810953 0.40852947651047694 0.4158146099725252 0.5584621222198168 0.46189933698391755 0.40903125757935915
67 1742 0.6106744130568041 0 0 0.430766792923042 0.405718141718499 0.41564545823250604 0.5004843109572921 0.4306132786236147 0.4566097290749367 0.45600485767884347 0.45228148079133207 0.49209512788457244 0.4442418809539473 0.5426808140406767 0.45362744973767405 0.5134454848120263 0.46623364145079826 0.43299088079508274 0.4333604500591519 0.43749706213785045 0.5942862783698212 0.4813621690830084 0.4269399520005843
68 1768 0.6537478540199887 0 0 0.45239211391123324 0.4342267795403119 0.43475472863361203 0.5341183647647335 0.46073292569410307 0.48471646021160464 0.48322754560078157 0.47780150005760863 0.5257256336459092 0.4729956560098774 0.5730237235624993 0.4902380786328291 0.5469124605309396 0.49656672893623427 0.4683415972426006 0.4650975067141305 0.47275652832721693 0.6445828961522417 0.5115448646157575 0.45689064280251607
69 1794 0.659019719579554 0 0 0.45646833658870767 0.44107331953263834 0.444729649860669 0.5366114588226453 0.4604885055467631 0.4887024979577787 0.4830973996779982 0.4769710996114322 0.5304605800128567 0.4722226121155931 0.5762058485828162 0.49256237633511174 0.5479428027456554 0.49825183547134133 0.46840356345837086 0.4608508894228219 0.47333871838736524 0.6530049350339814 0.5082477851820791 0.45977246467881255
70 1820 0.6377670069278812 0 0 0.4374307295137996 0.42497452489059867 0.42788895018030765 0.5082836473235097 0.4457700385462577 0.4737302950375356 0.4608405421882582 0.4604454849047803 0.5080404111781867 0.46244968739196385 0.5428928713550434 0.4770240000786789 0.5253284414249929 0.48444824721894864 0.4537785488964328 0.445937293115154 0.45757352489291925 0.6273012552120739 0.4937348309172566 0.44914220697735513
71 1846 0.6024248636412617 0 0 0.41303225574780245 0.39734561545364744 0.3999155572875921 0.4791799564011404 0.41847900193949794 0.44528762745350164 0.43491657675316203 0.42782113801759203 0.47517684183566333 0.4349488454389823 0.5094137449671144 0.4489514812127031 0.49307489313322433 0.4580066602534078 0.42366470414097024 0.4150817954382932 0.4324795868989912 0.5905798524754329 0.46788539298800885 0.4231797177434328
72 1872 0.5769849335638109 0 0 0.39570504748877877 0.38374488560311837 0.3799637756429495 0.45880835904959366 0.39300633705558574 0.427281584512388 0.41278109167268723 0.41722616696525844 0.451996143127044 0.4143172223829671 0.486258229182788 0.427721260001483 0.4673677094594962 0.4336715490035688 0.40682617332722987 0.39527778302520283 0.4144334469935988 0.5678082587350946 0.44294601009412626 0.40218765588020017
73 1898 0.567856691074676 0 0 0.3927664013615597 0.37777593730493125 0.3727844462075509 0.44848332951409625 0.3883779443980066 0.4167217720589926 0.40235685051861975 0.4084462824136998 0.44037470119435274 0.4077685139804258 0.46857832021714435 0.41883905841543295 0.45236037631894416 0.41521318616932523 0.40321750076862456 0.3864395950775504 0.41010655481158814 0.5630199869665162 0.4307290127371287 0.4013449951109044
74 1924 0.5371558643984401 0 0 0.37036053438376293 0.3544017868128151 0.34644598804624827 0.4232045995554207 0.3658251357282432 0.3935586495797206 0.3792800709520723 0.386630375661241 0.40972469609300055 0.3828038909186077 0.43596512971729084 0.3879743429785767 0.42573327891564056 0.39416747972203564 0.38189029370431093 0.36728645222311823 0.38396807303347896 0.5308377125804836 0.40642346573571486 0.3812180799506365
75 1950 0.490239218394818 0 0 0.33706398234320817 0.3198369165054954 0.31070350355621706 0.38650491252957303 0.33305222924826106 0.3546664379086104 0.34863596174946 0.3495344108273729 0.37169242417118464 0.35301907933047394 0.39601588397538134 0.3471844720593191 0.3867282938268945 0.35750539319178737 0.34524240501652625 0.3335005059955752 0.35104748413168224 0.4865944843501305 0.3697277022836292 0.3470505387383296
76 1976 0.46275084740783107 0 0 0.315742548431433 0.2994350949663134 0.29163286048796483 0.3609981417330802 0.31341303054191627 0.3322587513039834 0.325663733239462 0.3252730086590816 0.34951872162424236 0.33098918779666286 0.3731813360972194 0.3244879242183747 0.3651873083755796 0.3419251699124724 0.32992668597305763 0.3131646570857049 0.32486903202663037 0.4599558585103105 0.3474452186889875 0.32722847223437446
77 2002 0.43433372605442916 0 0 0.2948160182903648 0.28077004677523415 0.27438636771183084 0.3366324405585865 0.29171031615735715 0.30893277375092026 0.3014615433555939 0.3038195669852787 0.32570692557031333 0.3045662627939112 0.3494871795293703 0.3060955180556236 0.34286978317026395 0.31875638278664475 0.3075851600222592 0.29276131396802674 0.30323495704530296 0.43125306392656687 0.32720087736553055 0.30626484742473575
78 2028 0.4052909985460771 0 0 0.27463088634241156 0.2593608278159414 0.25467942862082227 0.31532130249940316 0.2682159338605621 0.28690946176612764 0.27874293074580453 0.2769737053285207 0.3050291877195997 0.2870235319380904 0.32544784317084713 0.2834140214547801 0.3169202764749496 0.29251822243125547 0.2856289421057543 0.2710890349336962 0.2819299136241391 0.39840043359497407 0.30360453436008417 0.2852366155864441
79 2054 0.3984253064051301 0 0 0.26886632517834863 0.25416696551311796 0.24778730072525443 0.3064394607960992 0.2615651761126965 0.2809612358714161 0.27115635181503606 0.2745472481476389 0.29508003762422075 0.2836179260424373 0.3205118374282128 0.2827237573312889 0.30558334496455164 0.28620565335174386 0.2741686788155561 0.26978931797392597 0.27582251598869556 0.391436204871982 0.2987772681919087 0.27661647487713775
80 2080 0.3874091530856765 0 0 0.26147533933747147 0.24715218971005531 0.24013934976480344 0.29945086344178495 0.2512500067538226 0.2709734238215897 0.26344187341352426 0.2687889954270332 0.28602575136071806 0.27323266702251514 0.3082604473296572 0.2729044162802802 0.29341653629142156 0.2792203639556898 0.2642224423137299 0.2624789766426947 0.2672965967456801 0.3781105573243075 0.2913050045893179 0.2702672271635905
81 2106 0.3530949471546611 0 0 0.23682854927467414 0.2235281637781059 0.21744275536675317 0.268756737871172 0.22797808875404965 0.24422639741424415 0.23793639697217014 0.24094722001304536 0.2592383465594501 0.24909534891105 0.2784400169029779 0.24634715109668584 0.2661741582581606 0.2595864475313615 0.24037923212263854 0.2396696344563013 0.2438886484325768 0.34540199682656253 0.2654834796772097 0.24615086272527772
82 2132 0.3300791955989205 0 0 0.21783308971327706 0.20676847952948324 0.20156687947813776 0.247886641090785 0.21104979609820437 0.22966978299983587 0.22380824075090433 0.22490057590032922 0.24112614211206881 0.23024872801013593 0.26335201378773226 0.23127440571099417 0.24896295551535938 0.24263526849410091 0.22378972656321972 0.22371706852812345 0.22510458471994543 0.3201766143418611 0.24548872039298023 0.2276814552435191
83 2158 0.3092230028759121 0 0 0.20342891591171022 0.1932928776237042 0.18678398651805453 0.23126982944962718 0.19369066436485174 0.21603293276436153 0.2086118112918766 0.20960155055873084 0.22610720532189402 0.21476917870510334 0.24822657398104697 0.21561337577736192 0.2302626243791129 0.22513010384435594 0.20898301138891479 0.2119598589948676 0.20990572564741253 0.29758757659022345 0.22701171752080787 0.21115780272086798
84 2184 0.2786092303938842 0 0 0.180135807266376 0.17279796607645817 0.16713904892810086 0.208671066221725 0.17158107785882773 0.19339924785444676 0.18683162734286846 0.18895355699343208 0.20253398771925835 0.19358884580321098 0.2220804005855049 0.19196262690846025 0.2042010837147722 0.19992598442701703 0.1870117829115386 0.18980925272800586 0.18634335968279386 0.26390459045872766 0.20358805570021574 0.18853163861764263
85 2210 0.2569445800422739 0 0 0.16580421738227713 0.15859433204302223 0.1523277092633695 0.189919157959597 0.15655851612476407 0.17655702323065328 0.1697226194475392 0.1739421890551313 0.1859620577236308 0.177759610287799 0.2047574885934117 0.17800852609545736 0.1876118233529018 0.1837178087541936 0.1709237925842952 0.17455705801884341 0.1715140570637648 0.23923635473239696 0.18855260061848444 0.1735451439006613
86 2236 0.24529044255970262 0 0 0.15696782105242918 0.15114605705170156 0.14247009093425927 0.17964794191078579 0.14804809158410648 0.16684870789966783 0.16060338905134922 0.16625510694451964 0.1752199192377673 0.16880473774298313 0.19578707467975162 0.16778919801197348 0.17771611190013642 0.17528484793835233 0.16088633861085938 0.1651158621531175 0.16314745510324907 0.22750959859130263 0.17674511860768632 0.16588268402570389
87 2262 0.243773098070963 0 0 0.15488559940495278 0.14903030892302463 0.14204506037668627 0.17766365769952175 0.14608424619235985 0.16388723049352852 0.1595214712458602 0.1650719435425409 0.174802870221617 0.16554873280303767 0.1939792799589071 0.16640804332986667 0.17614240368013048 0.17313740171360364 0.1563270454070307 0.16488807628996988 0.16069305620112273 0.22508104797585649 0.17368587799379384 0.16305204483392782
88 2288 0.23710422494279007 0 0 0.14996718652737076 0.14347002747528348 0.13927573905420662 0.16958399616060046 0.1419261737785504 0.15753881956834306 0.1543676547474308 0.16079261304405024 0.17023649747765998 0.16170738924981298 0.18646252134570662 0.1595589344564496 0.1711209027444134 0.16945790217643766 0.15135033494033945 0.15673224042953224 0.1567931545095536 0.21603380756113394 0.1689658648487192 0.15766944278531178
89 2314 0.22345281973744738 0 0 0.1407028556828615 0.13401791542616778 0.1310278442351225 0.15974888097153253 0.13372095765335085 0.1488254282590965 0.14302809194874863 0.15074516997602946 0.16019807682838028 0.1493661673828795 0.175676693488784 0.14972664124364948 0.1599103905519917 0.1582483094701501 0.14115737286945898 0.1472115066167723 0.15065764112544464 0.20088382502411625 0.15879076668199643 0.14669988534574582
90 2340 0.20031108008506163 0 0 0.12572802114759232 0.11917481634501677 0.11653812688592416 0.14346595573728518 0.12007112942871427 0.13332289380163584 0.129039043047821 0.1342823748897293 0.14053414473694267 0.13232256146132051 0.1561663109752207 0.1327594331889785 0.14092373790475826 0.14049696561779615 0.1256090169419699 0.13242298395191152 0.134566098508076 0.18077065127900305 0.14181264652240366 0.13118950684322392
91 2366 0.18256418040882036 0 0 0.11323597167967749 0.10910760454813564 0.10590478394105164 0.12993292598050474 0.10610675294482876 0.12053831494800436 0.11598103216732225 0.12156080156490084 0.12684476235005343 0.11982671707653231 0.14415184351237398 0.12075150066003411 0.12664617520497484 0.12736502208386785 0.11352830961782544 0.11897381267070287 0.12261606454523494 0.16457704995504024 0.12988675923176046 0.11926230424517963
92 2392 0.17939339048364358 0 0 0.11055239677108722 0.10815192058792303 0.1033586165776214 0.12670756720124082 0.10349649248545513 0.11797146936766138 0.11225157296331555 0.11892459050692147 0.12382319522989511 0.11796828653351982 0.14189995503362604 0.11744075706762377 0.1253071582458788 0.12450785663490901 0.11066521275196795 0.1148223657273447 0.12085188569512996 0.16204657804734876 0.12908254749922318 0.11585316159205108
93 2418 0.16976130424722893 0 0 0.1039097269435437 0.10150919779534483 0.09804837272009982 0.11924620894577363 0.09743003497976374 0.11153390989740168 0.1049611586827037 0.1114322797214987 0.11600376198206916 0.11183100494604692 0.1335726370299382 0.10973196571716912 0.11762307815398103 0.11509198523488093 0.10430204394459658 0.10835538024300591 0.11349979941801322 0.15303162121471683 0.1220774250758874 0.10876029335710281
94 2444 0.15440852674966649 0 0 0.09389203729021964 0.09230076880501006 0.08897605764332209 0.10838896648281642 0.08778180221271842 0.10076905152466571 0.0947544845474393 0.1003169454712354 0.10419996503998542 0.1015808609106649 0.12060599285623823 0.09983250587456463 0.10731642207069478 0.10369750851236509 0.09492577993855358 0.09740115901985158 0.10331889512339001 0.1383667201414434 0.10929964750219649 0.09711123706182881
95 2470 0.1453833322584192 0 0 0.08745711649339555 0.08610198762974577 0.08333848642223511 0.10161975923681052 0.0825424570814057 0.09415239901825435 0.08855293378811196 0.09399136741343406 0.09801472190027567 0.09540624204405494 0.1123255184624438 0.09371333098513303 0.10069920440225688 0.09525539635472638 0.08896799550272548 0.09057411028475952 0.0962103972830992 0.12988698643943183 0.10348327678262022 0.09221555967021726
96 2496 0.1353036057320204 0 0 0.08079931862307824 0.0790740848247431 0.07718694441741579 0.09397568025897102 0.07603080731778701 0.08813230509875118 0.08177012880599369 0.08668890531322472 0.09062772404111706 0.08879863013150661 0.10513179081431492 0.08640675215176984 0.09196651825898369 0.08960847066348361 0.08167582661699069 0.08354125495970621 0.08869328755370007 0.11999534171959245 0.09701872491262396 0.08559074252696525
97 2522 0.1267852720174123 0 0 0.07529217711404174 0.07347027472533064 0.07203065357624486 0.08847597050966248 0.07062061011359123 0.08209967985060022 0.07654589406034273 0.08126621138768629 0.0839770612613783 0.08211529881365683 0.09863858417153074 0.0797781818205277 0.08643061670199366 0.08443978696105316 0.07663274978672217 0.07814029798468423 0.08110608072194185 0.11244403948893739 0.08945523984062746 0.08035686308747562
98 2548 0.12219479716136661 0 0 0.07234499459155229 0.07111622353671031 0.06852275550982247 0.08446346474306209 0.06816750240987134 0.07864667944498545 0.0743719402701711 0.07705940061077964 0.08004907326983661 0.07805565855891615 0.09538440294551147 0.0768130108532307 0.0818701225297698 0.08078733678990337 0.07292163936125931 0.0748473902064514 0.0784649648532742 0.10815760286923388 0.08503699376325685 0.0773195902088165
99 2574 0.11620965151105433 0 0 0.06806568360873333 0.06741174032940964 0.06410425472765356 0.08011066909804533 0.0654403551848891 0.07468337601955723 0.07014823491018272 0.0727762473569782 0.07594195765578748 0.07454681072626582 0.089469147121491 0.07291891366453947 0.07749144728896597 0.0768340370830961 0.06864926458357662 0.07127398953787044 0.07496056851039688 0.1008265809026715 0.07994735386650798 0.07267084726494429
100 2600 0.11667569353720957 0 0 0.06817618507455361 0.06757417943772674 0.06483130609667938 0.07959225040899297 0.06512296223622069 0.07407173495650625 0.07062746120575988 0.07276214035198889 0.07603120955878964 0.07507744614430428 0.08967448964227111 0.07335789796623089 0.07754994533414139 0.07646695816696787 0.06826570773361519 0.07119082805285352 0.07468376375559224 0.09960470712153167 0.08015927020635015 0.07260539588659924
101 2626 0.11262653526973407 0 0 0.06490695871959518 0.06455945517705478 0.06295501311601609 0.07661483500085393 0.063084018940371 0.07108528310755081 0.06847221863911325 0.0702078884363483 0.07342528184532492 0.0715748981121659 0.08590238868539184 0.06960235054391932 0.07395125252928099 0.07386651757234279 0.0647834681394326 0.06812781437607732 0.07153374228908062 0.09604720467686186 0.0776956165593003 0.06980037821133103
102 2652 0.10856207409287788 0 0 0.06216515217502812 0.060980255285756645 0.06042576086182581 0.07374225596867721 0.06114784036698932 0.06765521857682273 0.06588226572525341 0.06731358563318356 0.06981996884235664 0.06925946448780847 0.08321223393408303 0.06743661526478417 0.07083098365281323 0.07041331902091907 0.061359932075000394 0.06475805375344312 0.0685038854265563 0.09178840180485838 0.07468235274599842 0.0673427332884263
103 2678 0.10333016638037408 0 0 0.059116675848807844 0.05776056775826576 0.057320007069203864 0.0694836635511127 0.057729775414859776 0.06375299389975139 0.06232651433477891 0.06322099570108136 0.06594432457635123 0.06589977494126599 0.07823857576842495 0.06399570761464404 0.06721771141128954 0.06664926130659807 0.05787743060256533 0.06179363225898716 0.06493236136411851 0.08652591876071207 0.070611639881191 0.06296871128327229
104 2704 0.09625258643222054 0 0 0.05445548150785032 0.05319915020356543 0.053128868006282616 0.06421027752556292 0.05358274710970967 0.05957343210273777 0.05793253686794639 0.058381363487188795 0.06189857325018989 0.061266348882719486 0.07347146353892088 0.0601978905259134 0.06324882080557868 0.06166975400371248 0.05293774433207902 0.05730845245084289 0.059509720343940545 0.08008795811221636 0.06517665124164816 0.05774649428960215
105 2730 0.0888746561519991 0 0 0.05039479040759561 0.04861602968842699 0.04891190913060113 0.05839425341522522 0.049554945816746326 0.05356257734172606 0.05333635068850447 0.05385425376721873 0.056945663718097075 0.056485506992004095 0.06795059653486508 0.05520022210225918 0.057157358053196765 0.056941780357881534 0.0489046225614109 0.05278476092576469 0.054242850703691066 0.0744181803711181 0.05984047770557857 0.05314165804679046
106 2756 0.0845105699197021 0 0 0.04795727702384959 0.04608801033812784 0.04626265151257892 0.055309142931894976 0.04655482877962461 0.0504082211846703 0.05037207756053228 0.05131544079590656 0.05402512150358689 0.05321054249158426 0.06447778387987663 0.05164730926135265 0.05459054833446224 0.053939255231381225 0.04710094275163436 0.04941473290281532 0.05169884613450266 0.07015715883125702 0.056562935414530835 0.04971280465173832
107 2782 0.08058472585909776 0 0 0.04517746896112173 0.043631232528182275 0.044051615848601094 0.05257697639568281 0.044227452345368526 0.04781346095707363 0.047684255427876306 0.049040050573140766 0.051652355006651704 0.05037482215602899 0.06055314246150459 0.04859013303599451 0.05150261621939844 0.05113101839479132 0.04491366051550788 0.047182325523462895 0.04951733074447539 0.0659095441882393 0.05355612780642055 0.04757216181999798
108 2808 0.07486348048676138 0 0 0.04213556521569932 0.040480056801774654 0.04026610937690442 0.04869021249766153 0.040655730312701574 0.04428944998126941 0.04423627177390499 0.045284421288244885 0.047227830246471945 0.04628385826082363 0.056378459428245424 0.044626803776248426 0.04792531999155619 0.04807232847656302 0.04125381337363085 0.04356602175568374 0.04584533468225077 0.061220216160436186 0.049976381508472445 0.04401852309178151
109 2834 0.06931538602722301 0 0 0.03866955250703462 0.0369393978368478 0.03798854848410945 0.044503919515001066 0.03762395006637461 0.04099311939035363 0.04057666384420236 0.04233252798587472 0.043207097057267406 0.042427634683910254 0.05191720414209958 0.04097297923153284 0.044202191953697734 0.044021955096809756 0.0382938210925258 0.040068298846617924 0.04197449741479526 0.05605986238363128 0.04618646386402536 0.04020927923365044
110 2860 0.0660089504429187 0 0 0.03666548116775306 0.03493966050021312 0.03613366320874747 0.041978973209267904 0.03569190370050163 0.038830848062402175 0.038783777845906975 0.040750330127400564 0.04063528676653342 0.03988675930611682 0.04892048513229046 0.038396605652926075 0.0416615396013337 0.042087551519448915 0.03633953490630378 0.03778763702444461 0.03948722467779428 0.05340680742266155 0.04417639034905227 0.03804659587859348
111 2886 0.06408664899130052 0 0 0.035738338029128354 0.03372750625385893 0.03466241738349768 0.040818923757608594 0.034860654086052066 0.03698556697263311 0.036944932780310955 0.03978588216962422 0.039118017644335645 0.03883970073909854 0.04723240963604582 0.03714119634619949 0.03975607643826142 0.040495646650111634 0.035333837790250344 0.03652845602572772 0.03807384557955561 0.052029521613050356 0.04187982398124637 0.036222590632574665
112 2912 0.06287038277718791 0 0 0.03456249877712405 0.03312165611251105 0.03400934149256245 0.03978936137729667 0.03413002474292891 0.036502199025199356 0.03602702012446842 0.03895097564034398 0.03767729791264442 0.03832347111338145 0.045677475243315266 0.03584277305081227 0.038404073099951 0.03970685595489627 0.034675475052762764 0.03610063703214787 0.0368773403871564 0.05118674251153456 0.04083773078821237 0.03514559462633588
113 2938 0.06230535328284117 0 0 0.03388932394689845 0.03277857530317281 0.03427975061010658 0.03842113511917361 0.03391120891093493 0.03614023994232502 0.03564387792533773 0.038750298425195624 0.036933564071214606 0.03754963007713099 0.04573281676119677 0.035216843017211744 0.03795518200409343 0.039670674416128184 0.034195424744610854 0.03539125336389048 0.036460915007466496 0.05059252169913756 0.04052966699919738 0.03490910576777886
114 2964 0.05553700818665618 0 0 0.029683191829133995 0.029135548818139824 0.030207595283023986 0.03380340373459558 0.03016179446381719 0.032121744692632 0.031535004289103344 0.03416173995872341 0.03232491280819692 0.03309167703453633 0.04032622344419321 0.03118309560442165 0.03356995540501974 0.03519528083957833 0.030523307293101407 0.031244058682924188 0.03255569225547645 0.044839271412064736 0.03573968901447606 0.031130160618149254
115 2990 0.05186111793619558 0 0 0.02773023728754054 0.027113305713564927 0.028256455174581977 0.03111468843208554 0.028271110054416956 0.029827286864375316 0.029280747389693548 0.03202258416044161 0.029711506829225843 0.030643907985253294 0.03769137332795696 0.02899459767077183 0.031168582246290242 0.03223592508063182 0.02826985869361527 0.028974501363484666 0.030710343821228676 0.041630743304431096 0.03321614307310487 0.029082390916653326
116 3016 0.04932461447494698 0 0 0.026722077427346072 0.025519338405711463 0.02676191174710177 0.02964664817120187 0.026739810256604893 0.028388450463491335 0.027653738849669096 0.03014900247743277 0.028144985254177652 0.0288524830126874 0.03596870639556161 0.02720584016410884 0.02932720670346433 0.030700285543231207 0.02643946540152742 0.02732271508969072 0.029103394058790755 0.0394097564512307 0.031364093069440366 0.027531902567992084
117 3042 0.044343282430091155 0 0 0.02403067409787475 0.022640677419399267 0.024043140529120172 0.026651943613819458 0.02408633870534707 0.024749744121724215 0.02487627357344573 0.027074227643359046 0.02545976958922933 0.02573196106655972 0.03227888303704157 0.024508097989221725 0.02634499091166608 0.027881438405099542 0.023724826194989872 0.02453090122017462 0.026007514744452644 0.03461938815312917 0.02804182642587094 0.024701113918525898
118 3068 0.04050811612671 0 0 0.02171197173945346 0.02054208472578075 0.02195736849596711 0.02393393897431488 0.021720007207771373 0.02227539309695573 0.022899532438013574 0.024280316454806692 0.023190595382412024 0.02318157640613223 0.029496006265581423 0.02234728486175904 0.023799359185998077 0.025224970538817355 0.0215582090234303 0.021972822379247085 0.02373101791993991 0.03139909246593987 0.025757975077593056 0.02261969492377269
119 3094 0.03914142477906472 0 0 0.020924125360385216 0.01995348638368998 0.0211802417059498 0.023270846941383632 0.02104739543803972 0.021437490522669425 0.021987749385933224 0.023175753575199083 0.022230758479408648 0.0223485980486185 0.02835520096726251 0.021132727009380722 0.023128457695253717 0.02402991929494702 0.020646267859601844 0.021263452284219133 0.022816447217554117 0.029975004958346752 0.02440278299613284 0.021589167789683016
120 3120 0.038613796864944004 0 0 0.020600787168250347 0.019641333088164934 0.020784776365504576 0.02303708453203266 0.020519953573662295 0.021185984812087492 0.02205182520319593 0.022782233195036226 0.02153964682652607 0.021877763649737675 0.027851686507481436 0.020973814887252865 0.022568786416336386 0.02333934605333024 0.02022038933044997 0.02098058348358942 0.02192997336256355 0.029629907337919495 0.023912564512364634 0.02141769736425875
121 3146 0.03524342564666624 0 0 0.01877710759555479 0.017659054807487987 0.018895053712001654 0.020604863507204755 0.01861491267901869 0.019275758619431847 0.020321606668832492 0.020810666445072023 0.019630222211637165 0.019746592970199824 0.02526987601858475 0.018730957713331522 0.020481213824081846 0.021115426011569963 0.01866921486917313 0.019131698867528937 0.019822994084933147 0.027081900098963524 0.021841092332481528 0.019430716155361075
122 3172 0.03294230161595306 0 0 0.017471230272055875 0.01632398068819988 0.017629050950359534 0.019204977614239154 0.017306273588822113 0.017934202512665275 0.018756091691793635 0.019134075269361235 0.01825416558289408 0.018318562592594834 0.02338496141254618 0.017578966783938627 0.019138514030472283 0.019705749081442573 0.01724339695022849 0.017815726808200434 0.018514635631433955 0.025077821782087922 0.020107989423719826 0.01785017366585095
123 3198 0.03106410569148058 0 0 0.016238470607306005 0.015263880216080031 0.016619936182198758 0.01813491653520565 0.016152119896446205 0.01685954443746521 0.017689012499618535 0.018014507659649345 0.01749062967527817 0.0171128442602392 0.022079173872774263 0.016400504853027235 0.017837604579504278 0.018362743469509092 0.016477530653636697 0.016493561315671736 0.017249074067641375 0.02371094282221242 0.019074076149007347 0.016860672251016878
124 3224 0.028927341218095967 0 0 0.015073011901610301 0.013990672704284758 0.015245869878655886 0.016812647031619183 0.014850253464898048 0.015572557002922077 0.016424479811251946 0.017001498869684453 0.01620372886230482 0.01585770252636399 0.02043950415692558 0.015192276904015851 0.01651764605703206 0.01705995844879909 0.01525826405013239 0.01534300296268038 0.015957255649170953 0.021726462808401868 0.017619907265775947 0.015785237065831858
125 3250 0.026045398078241428 0 0 0.01340087262276436 0.012439142813955549 0.013660699925334021 0.015219567804411499 0.013300665027668333 0.014013421287866815 0.01469329766221047 0.015409528930696305 0.014457880268115973 0.01412328000240593 0.018251179130707163 0.013618975512781895 0.014827017872651567 0.015271744716556528 0.013588446688669572 0.013704651341544942 0.014306807117452653 0.01936161875584648 0.015759856666369317 0.014138384281682334
126 3276 0.024653622397268114 0 0 0.012609556725821232 0.011776073119940406 0.012856986237857188 0.014474187588085516 0.012571080473891645 0.013207150864443011 0.013772136717381428 0.014659343432130805 0.013566724184119206 0.01336523322192486 0.017101418084409774 0.012807327426762825 0.013831486006005344 0.014401865051789125 0.01271935452234626 0.012863378124774463 0.013369468279912372 0.018218752432261984 0.014660970535930854 0.01348842432487133
127 3302 0.024014036266814476 0 0 0.012158726909556796 0.011439603700545071 0.01239458603043796 0.014053952458155576 0.012331976974030047 0.012703500621440903 0.013355463751098995 0.01427595211344255 0.01296782174293671 0.012791515000588899 0.016260229186478688 0.012466805339472937 0.013423143796315878 0.013941339355937764 0.012389350883984818 0.012532602536765117 0.013027016035998458 0.017529693193172817 0.014309818711746266 0.013004503782172197
128 3328 0.022741165332245152 0 0 0.01136247200814002 0.01089754532266681 0.011739997947158727 0.013243715015793482 0.011781774796012199 0.011920897492266784 0.012511747183438325 0.013454154484029458 0.012314452528527774 0.0120019879263691 0.015202955708227219 0.011755308332522097 0.012509841963827187 0.013149922136927101 0.011455689668456883 0.011826568554140311 0.012331202566868817 0.016521790098722025 0.01347483735909005 0.012435487027006035
129 3354 0.020392303167966364 0 0 0.010046771287161096 0.009790671814697859 0.010546307904376287 0.011700952708622444 0.010637648832540769 0.010655546806669813 0.011088903137444093 0.011941092282376836 0.010911255092890143 0.010686797976948699 0.013471430073662905 0.010372356392588546 0.011227638608373123 0.011741318491015744 0.010196797977541609 0.010652405717313799 0.010940996776178592 0.014749425591039157 0.012036036440323807 0.011170717802084841
130 3380 0.0189825107046871 0 0 0.009323226549369465 0.009073866814048235 0.009735810758016685 0.010755599917112184 0.009845494129228595 0.009882310954723705 0.010327244265133312 0.01106766046045152 0.01011607289158656 0.009860174871209838 0.01245129861612472 0.009663594800821462 0.01034855196687042 0.01083427316392057 0.009446629553090264 0.009739287970195343 0.010143410720145286 0.01362549988269424 0.01109866268145019 0.010289780113756782
131 3406 0.017509165496704972 0 0 0.008613353466334807 0.008288123743159712 0.009003704870348536 0.009941257812128498 0.008928160268391525 0.009111548211866839 0.009545456920502026 0.010201945764202112 0.009262776589872753 0.008890175352986215 0.011409944417507204 0.008909478752275511 0.009516584104221031 0.009920956213580339 0.008569466454200638 0.00903309857790804 0.00911847677273024 0.012521350264932637 0.010167147574378782 0.00947635679864709
132 3432 0.01631233785423265 0 0 0.007946148234376832 0.007716710425287888 0.008342797952299386 0.009256828374907721 0.008370128134840773 0.008466591036359883 0.008830328243714184 0.009396320031724715 0.00856530761846323 0.008278572561846342 0.010497682084830174 0.008296135903933455 0.008856029599988853 0.009151587080359017 0.007687923655546429 0.008402509179039343 0.008487005233694214 0.01171418704119513 0.009523395032008943 0.00875756562750802
133 3458 0.016270022294777513 0 0 0.007881712563624965 0.007619634001686898 0.008336375465355046 0.009274894884224082 0.00832093247326948 0.008439776387842001 0.008704961605225417 0.009299947315571775 0.00854456381386293 0.008212508230662217 0.010478634184584865 0.008306513015846473 0.008738813637601628 0.009132433253610853 0.007651244549484933 0.008373099567649932 0.008466121709180194 0.011584452116168986 0.00939222660120524 0.008682349785856481
134 3484 0.0156615523218045 0 0 0.007564763065051934 0.007362976506154283 0.007976239537714418 0.008792911262281438 0.008041179683742765 0.008212732875176277 0.008342934418072483 0.008825483109792072 0.008085731898694604 0.007881704970323304 0.01003026360507709 0.007979110400826675 0.008463075541120614 0.00874934171843014 0.007270684526366534 0.007993102458075895 0.00806548241596016 0.011056673207017283 0.0088717371524421 0.008411152387330837
135 3510 0.014315372494624569 0 0 0.006938207803554917 0.006771985145249585 0.007270599200367226 0.008001851637524707 0.007118681939186142 0.007454546057405561 0.007523628006528959 0.008030086567319945 0.007331659904322232 0.007140585767866348 0.009141541355182317 0.007240102414581021 0.007730604737790991 0.00791154307515089 0.006606003387437623 0.007251258464202249 0.007391021794942703 0.010127872348174647 0.00805474701641672 0.007468534446559483
136 3536 0.013641950867861154 0 0 0.006525067973708053 0.006308699547051 0.00690396707610576 0.007570374981126906 0.00674625326098101 0.007093282042193684 0.007144165133080777 0.007596354974819093 0.006986391364300342 0.006781367038451984 0.008718830399152137 0.006842931731207549 0.0073073784526288795 0.007550424051306701 0.006277884241089053 0.0068333108301297995 0.007029983226512965 0.009553484875407185 0.007695206161093162 0.007097901885056262
137 3562 0.012865876504777022 0 0 0.006126494497561724 0.005986649304165578 0.006426999014495164 0.007124257388459364 0.006336971958796339 0.00672933364515988 0.0065910020860836084 0.007172359825716367 0.006530166427871683 0.006421035592883163 0.00826255079544859 0.006438194672436574 0.006874143705670638 0.0070769438543316155 0.0058954469232546216 0.00638378356974837 0.006583870953787207 0.008947122524516264 0.007100530182871124 0.00662151388825406
138 3588 0.012025012618595456 0 0 0.005721489660644101 0.005516630889750018 0.006017176873859104 0.006574247583267808 0.005904963290737151 0.006175860467745825 0.006076129165606635 0.0065985173052318475 0.006070577832359588 0.005993686117725866 0.007749330617014957 0.0059477693032491605 0.006445364981221863 0.006610134072883196 0.005427078465672111 0.005930094849249541 0.006098135131526465 0.008238057388134757 0.0065481046987365685 0.006148064222762263
139 3614 0.010602532696092511 0 0 0.005013219610221774 0.004848267155669053 0.005252187653869537 0.005773882088185471 0.005214959407868342 0.005413358623187372 0.0053869796388210465 0.005784276736878015 0.005346806278068384 0.005286263714320642 0.006804433009912982 0.005178038030438869 0.005657152063039728 0.005736538411227629 0.004772260008122025 0.005169051499854653 0.005328466204923671 0.0071741667484720145 0.005780736489184961 0.005424982256909465
140 3640 0.009197877796581709 0 0 0.004218676636558649 0.004106000818221664 0.004555103538086006 0.004967617594747838 0.004473128657213587 0.004618190775437073 0.00467387784558573 0.004996827952266991 0.004635585804474052 0.004523110277611304 0.005890689127483154 0.004460962831789786 0.004877681319508577 0.004984768911005259 0.0041493712687223246 0.004473465414733986 0.004568873159620498 0.006121383992624704 0.004999628111841681 0.004689037212232444
141 3666 0.008595528448692998 0 0 0.003925179018976577 0.003891424574592029 0.004195595975034103 0.004580060550533268 0.004260064135541261 0.00430511634240624 0.004391830060979839 0.004591106107801612 0.004340017348544993 0.004186113660220887 0.005443820618491883 0.0041031698138598955 0.004540960924339078 0.0046279931313872626 0.0038463888953018097 0.004163277542621461 0.004213370239999074 0.005670072375958927 0.004575926956387293 0.004359816455580237
142 3692 0.007953639433449653 0 0 0.0036503898097877295 0.003591894828800474 0.0038465868282871 0.004176607396523536 0.003926877860190822 0.003918291325894126 0.00407339393919641 0.004208672008577542 0.00399537670821001 0.003908266086358134 0.0050709904885924955 0.0037574541120621694 0.0041707975750105725 0.004257028197677679 0.0035044282048360205 0.003860953007099233 0.0038955910194439012 0.0052273859928428975 0.004154180878644186 0.003984370258600561
143 3718 0.0072984793962380095 0 0 0.0033465854729421997 0.0032809783382505555 0.003540612883861768 0.0038223043122483104 0.0035614635945635676 0.00355540530900604 0.0037168430330852455 0.003833765719815037 0.0036422144315390852 0.0035643992904595117 0.004646009846462396 0.003425402272869449 0.0038070775987330634 0.003934302452468765 0.0031863170602976303 0.003521956446548707 0.003519401857466314 0.004766964018713596 0.003798252736755104 0.003630763741298381
144 3744 0.006931087618271333 0 0 0.0031362347374378303 0.0031084608925568053 0.0033563472661482774 0.003634901139162915 0.0033878537132785 0.003327008400147182 0.0034759624751349695 0.0035631385256593403 0.003477217076232994 0.003378406991743559 0.004389777119774933 0.0032363538953926923 0.0036064846555100647 0.003672797088195429 0.0030252077969989163 0.003307429476323211 0.0033644748715435167 0.0045192424636742645 0.0036063028169290674 0.0034510207173087536
145 3770 0.006407340840083074 0 0 0.0028898323327734583 0.002800211156364842 0.003051856150795929 0.003347461392031877 0.003168493242616214 0.0030384296097400185 0.003188517383621576 0.0032759204501428634 0.003185619091641552 0.003104656608406743 0.00402456340461883 0.002993986105745135 0.0032711913283660415 0.0033623314423090723 0.002794123337461184 0.0030308985650663828 0.0030789771091971085 0.004120737768552095 0.003359960786779302 0.0031765409871498985
146 3796 0.00601114374311254 0 0 0.002702386363361138 0.00258919683283671 0.0028339970458104444 0.0031463660796919226 0.0029722172732857617 0.002881937142617311 0.002988597043724675 0.0030583552728154634 0.0029868207309590522 0.002906371226841332 0.0037944362997886093 0.0027471422708113683 0.0030501933586067034 0.0031390419150775415 0.002611475932261676 0.002830537030849963 0.002913978334266902 0.0038021163181140836 0.003092601510878455 0.002964360009736179
147 3822 0.005542367221677 0 0 0.0024619227522183662 0.002394825228383543 0.002596586962211734 0.002849903308436097 0.002698993934074393 0.0026350534540992296 0.002705669982241661 0.0027899664199595915 0.002750379158245062 0.0026489821544454137 0.00347601242228362 0.002523262275735056 0.00278725783466988 0.0028944867839548662 0.0023938835663563445 0.0026198412341170243 0.002664997987328586 0.003474801202190071 0.0028381438193235743 0.0027167635721362243
148 3848 0.0050932391332665925 0 0 0.002261980318550009 0.002202897384831464 0.0023484622083560125 0.002601077337393705 0.0024712655969279596 0.002421075545641157 0.00247333118003094 0.0025499669678110412 0.0025175772692006427 0.0024122553849004512 0.0031827646862789168 0.0022895528045478192 0.002568997756816012 0.0026376917186970925 0.002185840550334169 0.0023973602427965757 0.002427858974510562 0.00317833431452479 0.002581653014485572 0.0024558469925910534
149 3874 0.00492815226015319 0 0 0.0021876775761888326 0.0021596934856296444 0.002295677894557661 0.0024990929302957147 0.002356467308314189 0.002344492265141376 0.0023879103514715385 0.0024283738940879948 0.0024372789409056656 0.002284478782191818 0.003047392996452861 0.0022064535750768895 0.0024557068600329283 0.0025587938348137574 0.0021062127702115995 0.002299841285882996 0.0023514612995235253 0.0030524292973528925 0.002494931335331897 0.0023500824804586744
150 3900 0.004783526212423158 0 0 0.0021137806996879113 0.0021073267952454343 0.0022181704617571054 0.002401542366139444 0.0023026874526163904 0.0022926909230054425 0.0023072817186187886 0.0023153792362853257 0.0023456934178972388 0.0022144070582780498 0.0029267424677377873 0.002136862947370204 0.0023979665787785525 0.002441346489299072 0.002032175899654816 0.0022281435909975544 0.0022787833382296213 0.002952804056210365 0.002401179568285066 0.002269512752973072
151 3926 0.004546330262431401 0 0 0.001986841467546424 0.001990807703768989 0.0020849472090680153 0.0022898108217213452 0.002176118646447508 0.0021868993457821286 0.002191676846779239 0.0022060355882317713 0.0022124876335766134 0.002081166120450594 0.0027894406903932975 0.0020405532431109915 0.0022687921915248007 0.0023160201246443146 0.0019169189115221818 0.0021013616129973416 0.002133050352764444 0.0028096952851762386 0.002250965801959749 0.0021317424547036986
152 3952 0.004413622010376631 0 0 0.0019309077709767743 0.001942153708642989 0.002028561619943707 0.0021652685993992864 0.0020962193657710786 0.0021160032937183946 0.002131563026363325 0.0021473176096047275 0.002187959823435435 0.002008751882750699 0.0027008576092992596 0.0019367788612087418 0.0021841392636467293 0.0022208324002278485 0.0018684601311074072 0.002037017092622152 0.0020730800636915192 0.002747837887687054 0.0021799188319953397 0.002060027678465134
153 3978 0.0041506620547141085 0 0 0.0018215698293324754 0.001817848032113181 0.0018925506269398744 0.0020240332876646987 0.0019659509279639185 0.0019557856545380494 0.0019974146796954266 0.002015119644699239 0.0020524434606365317 0.0018599731973590937 0.00251398207108877 0.0018150633933857446 0.002051975660365503 0.0020606187554201095 0.0017590978180043958 0.0019031997818176206 0.0019287854914448429 0.0025657453568125087 0.002037228826529526 0.0019460122712800375
154 4004 0.003980583894474629 0 0 0.0017343743561582944 0.0017453242144116169 0.001795867223821375 0.0019243949267405292 0.0018774084601742048 0.0018644775034003232 0.0019116120747993692 0.0019142337832212676 0.0019573865445253274 0.0017773944817901038 0.0024025608819320384 0.001743701621518205 0.0019526424511689296 0.001980668857898315 0.0016597154688732722 0.0018128501429743131 0.0018281050549581299 0.0024557987390352964 0.001938444195145913 0.001859491092447763
155 4030 0.003757237938535846 0 0 0.0016568764152958579 0.0016445310595094055 0.0016975432988653493 0.0018036567008579928 0.0017659326260967391 0.0017343944636299192 0.0018078295676093007 0.0017916781270199747 0.0018407000891811744 0.0016647598441097773 0.002289444373401632 0.0016389758139833442 0.0018347762112722067 0.0018539879721780768 0.0015575592137753017 0.001713968391258172 0.0016931152042493549 0.0022968578130384038 0.0018120251111885001 0.0017097384294746157
156 4056 0.0036598694243798317 0 0 0.0016081667553699552 0.0016075556984397562 0.0016366073189613085 0.0017573392707224856 0.0017040644651088192 0.0016390359868196432 0.0017521894437617566 0.0017197682801448288 0.0017770327395604639 0.0016359449616521102 0.0022284879568757305 0.0016026123173369594 0.001796738897846428 0.0017625731611383229 0.0014993597716933915 0.0016638751263931655 0.0016395649810652508 0.0022293010493563727 0.0017501115745071592 0.0016509378398690158
157 4082 0.003375262687889676 0 0 0.001501482677873104 0.0014639216218944007 0.0015068370127598583 0.0015987796343677999 0.0015727171620373004 0.0015164760127076172 0.001606653595836662 0.0015666866024782815 0.0016403835335046947 0.0015129018379419269 0.0020215860309351665 0.00147812227198117 0.0016460459089807416 0.0016159078892437053 0.0013499743339392652 0.0015193153360456863 0.001508180757259245 0.002060300386469901 0.0016015206036803637 0.0015172020739985977
158 4108 0.0031789535318773638 0 0 0.0014067260406236753 0.001352919301647976 0.0014104460019613671 0.0015210241849907301 0.001480496697059683 0.0014334617136155109 0.0015169222604059726 0.0014776872595826853 0.001521321154287548 0.001407547078199728 0.0019207147975306678 0.0013795826022718026 0.0015169232005868432 0.0015107837159611913 0.0012651896465875885 0.0014457510962822722 0.0014203371630147244 0.0019074395496459873 0.0015151495627984675 0.0014275340972256091
159 4134 0.0029667917807814992 0 0 0.0012927062799883652 0.001281701380399128 0.0013030875114760517 0.00142507337753645 0.0013765914009538746 0.0013312255931592217 0.001400484288409712 0.0013905801152987803 0.0014205017728646946 0.001306171354068705 0.001790633001527018 0.0012805384550021175 0.0013977314648894686 0.0014075597578206928 0.0011862473038168364 0.0013330783908584 0.0013150169810004228 0.0017435250612084139 0.00139638334384563 0.0013290890482657621
160 4160 0.002848909337702662 0 0 0.001245285345469229 0.0012267274713248304 0.0012558286063087574 0.0013646951410490726 0.001317562779654012 0.0012712916176859344 0.0013288162137303529 0.0013213168170522652 0.0013561630502512301 0.001260320560750617 0.0017004705434791466 0.0012236987597990352 0.0013290792047828074 0.0013402985804158549 0.001135609796126269 0.0012643070294750746 0.0012536318979648033 0.00167638923068518 0.0013358058401103888 0.0012726509916120372
161 4186 0.0026108875015507685 0 0 0.0011413000342479546 0.0011101698280337044 0.0011525687776538578 0.0012486931927101332 0.0011829675731845795 0.0011485186459659733 0.001216684189873557 0.0012189904529211644 0.0012405188680945489 0.0011458288065303158 0.0015447789359354558 0.0011177305190975234 0.0012124690076748457 0.0012218250518273963 0.0010359710223872183 0.0011560352576872092 0.0011196830080975177 0.0015305479509088629 0.0012161793085278994 0.001162751357319455
162 4212 0.0024553272669986127 0 0 0.0010632327257561074 0.0010459753520974805 0.0010792111433166678 0.001172913096766529 0.0011122067414809798 0.001071470367261978 0.0011411432411712946 0.0011365846624486948 0.0011522444657899216 0.0010710441260840709 0.0014401363994441315 0.0010430394421213848 0.0011357710211379885 0.0011493280392168596 0.0009641309933619153 0.0010942038375572926 0.001043142620235065 0.0014228364041371576 0.0011390581315486024 0.0010857469037665022
163 4238 0.0022555730793581068 0 0 0.000976125894230659 0.0009581640842170071 0.0009896615442774427 0.0010632814427709888 0.001012295725627569 0.0009758298831988422 0.0010325371882195587 0.0010316164191629138 0.0010385251974341563 0.0009810375421920113 0.0013018099976799592 0.0009522809721262082 0.001032569634003886 0.001056196481904858 0.0008862875587152395 0.0010038323550852703 0.0009470698622750011 0.0012880929536103322 0.0010442443500109822 0.0009972546755001466
164 4264 0.002095954735401385 0 0 0.0008892457180206411 0.0008888931297589563 0.0009166036756400731 0.0009827947139312966 0.000940139256335297 0.0009109190458209568 0.0009435067466478679 0.0009574590393881545 0.0009534198350114802 0.0009023553134793334 0.0012145504946890935 0.0008834796596691574 0.0009620104011105993 0.0009730134881369624 0.0008211580683967361 0.0009343419352448793 0.0008741003511166958 0.0011915312875646605 0.0009719059786488009 0.0009107861527100065
165 4290 0.0018956902383232587 0 0 0.0008041481009132227 0.0008023288522324313 0.0008296517044823968 0.0008776696684651309 0.0008485586400575454 0.0008228267048703254 0.0008461746185950438 0.0008665928237069621 0.0008508303995265436 0.000816885688369108 0.001097943705160384 0.000787378031585707 0.0008660530756317384 0.0008827485568844105 0.0007283326151660474 0.0008362307285409747 0.000790360428112829 0.0010666331508588558 0.0008855188488996243 0.0008171674394339777
166 4316 0.0017335426987185694 0 0 0.000732043677068734 0.0007268423995370697 0.000758166169047069 0.0007986820182815859 0.000772970490287175 0.000748939397330891 0.0007631940729632505 0.0007787781905272434 0.0007701483624932394 0.000748135804254762 0.0010011031909511517 0.0007201053030853257 0.0007856618352064019 0.0008099470591010007 0.0006674649766435102 0.0007670327652964077 0.0007315860105644254 0.000968536203065469 0.0007935552081520949 0.0007329616748601948
167 4342 0.0015763337339369896 0 0 0.0006650941792642778 0.0006528113878626583 0.0006838609921471088 0.000719003436258048 0.0007014625053525772 0.0006750052583376419 0.0006906081623317497 0.0007006533220499721 0.0006905429470125295 0.0006783255491921805 0.0009184900625114478 0.0006511434083982902 0.0007094775778702505 0.0007248360918549918 0.0006041299170465693 0.0006955702581339569 0.0006617128042232358 0.0008531737871646931 0.0007196257779134514 0.0006553490848495026
168 4368 0.0015474386902290958 0 0 0.0006474480358435997 0.0006387629197110385 0.0006711818097597616 0.0007050002660168014 0.000685664994041857 0.0006645817586016103 0.0006789659005802633 0.0006846516152570081 0.0006738002975701921 0.0006651296663544047 0.0008993899379692898 0.0006418018242865946 0.0006892634483431951 0.0007143079306745564 0.0005913959868045482 0.0006802716548196868 0.0006484630595579522 0.0008280111354913892 0.0006974924556492231 0.000639886998387163
169 4394 0.0014540270983776787 0 0 0.0006056100194648898 0.0005996449668371737 0.0006314836051649431 0.0006571980181534492 0.0006368647427488179 0.0006122572072232752 0.0006367338411822965 0.0006407861798781308 0.0006305129666564061 0.0006283014221932461 0.0008362436426806257 0.0006023457637473416 0.0006370402075191607 0.0006683826316628716 0.0005575864585851118 0.0006352009946570417 0.0006092676515990286 0.0007747454381855217 0.0006464237682660627 0.0005972609307190245
170 4420 0.001381286257680206 0 0 0.0005758219730773129 0.000565894800379042 0.0005984535860274348 0.0006201080867094486 0.0006030790263481771 0.0005741564000334175 0.0006066411506948949 0.0006088968642131925 0.0005944297686405358 0.0005909368302859161 0.0007856284533118792 0.0005673794525290399 0.0006021920027259671 0.0006356946586582661 0.0005250094233104951 0.0006032869744347911 0.0005763336747785583 0.00073683242419217 0.0006114867342517657 0.0005640529263957098
171 4446 0.0012566859891860944 0 0 0.0005208477349993927 0.0005128829474202447 0.0005362672681636661 0.0005537115462549314 0.0005401290476860853 0.0005176092638482959 0.000548203684654836 0.0005438004613198681 0.0005375988425154911 0.0005382105213509731 0.0007091815264221537 0.0005137474352739698 0.0005502378555664266 0.000575540568699026 0.00047194446629059735 0.0005446796989551411 0.0005268307125541363 0.0006621582424733564 0.000553000359990948 0.0005130875902442363
172 4472 0.0011604725200950838 0 0 0.00047840954824430906 0.00047616948311458466 0.0004928577769751965 0.0004994614428260992 0.0004982633228052304 0.00047481884589267774 0.0005027775251196539 0.0004984093168198191 0.0004980183049858671 0.0004926291032029052 0.0006515065921727264 0.0004660422497297589 0.0005077932515238943 0.0005243236894884346 0.00043555910310967647 0.0004991361563233895 0.0004816227139368449 0.000607404419635321 0.0005025935210828682 0.0004711135363590285
173 4498 0.0011221256103444899 0 0 0.000456262666881858 0.0004560369227200901 0.0004831872916450323 0.0004797471494172638 0.0004773570142508013 0.00045493449064432746 0.000484128369795687 0.00047746785824571714 0.0004811200251868216 0.00047083406305730005 0.0006297030494115264 0.00044976655738671116 0.0004856304763485605 0.0005015034268969583 0.00042139623061497817 0.00048689681253867904 0.0004609955767905112 0.0005845737404672259 0.00048156619569294894 0.0004535965420783596
174 4524 0.0010655587535821488 0 0 0.00042848424626216916 0.0004308078425198694 0.00045923112407236484 0.0004542523705734228 0.0004574858726104492 0.00042878080819117953 0.0004575556198142538 0.00045049901419388916 0.00045431415610752425 0.00044594784688398376 0.0005894913033983898 0.000425637862631165 0.0004626800885590747 0.00047189904314871086 0.00039878475292978954 0.00046257794404467245 0.0004355085275611248 0.0005566914516560415 0.0004531359474297471 0.00041962132396793447
175 4550 0.0009450235652002071 0 0 0.0003762666359948348 0.00038232014346862295 0.00040300279389094513 0.0003988533083347801 0.0004010080561376829 0.00037856020476793563 0.00040386929913266466 0.0003963228805668401 0.0004036001624337324 0.0003946296494617316 0.000519377744171039 0.0003756041595377322 0.00040205214213106887 0.0004098908591999236 0.0003544468590982797 0.00040850907132594205 0.0003817802128481823 0.0004929712879108844 0.00040475722803033745 0.0003700913299430885
176 4576 0.0008723283855902141 0 0 0.00034409993941584524 0.0003462815805933616 0.0003694955704719776 0.0003634021019821781 0.0003623516080895154 0.000350962147955312 0.00036992390882906537 0.00036176060644532617 0.00037280773013990937 0.00035925035299837194 0.00048509027485194213 0.00034361641890027936 0.00036946866975879684 0.00038025894754549423 0.00032419345104107235 0.0003785405531068776 0.00035197893703385044 0.0004533272254174688 0.00036982146197103044 0.00033722129239314443
177 4602 0.0008058449075770102 0 0 0.0003161711178766729 0.00031692087449399094 0.00034021407674476796 0.0003366493585536857 0.00033204318929656775 0.00032313551120114863 0.0003373719132679969 0.0003259453416569977 0.0003415691248059671 0.00033008385561236915 0.0004462300985010797 0.00031846114948382893 0.00033819761925385164 0.00034997889025305647 0.0002986196656656589 0.000347662403714715 0.00032166675500919505 0.00042082046264251823 0.000331315553368617 0.00031262530320774247
178 4628 0.0007331466468283164 0 0 0.00028943588212356234 0.00028500499107622 0.00030803723174983627 0.00030126607032013265 0.0002973076339671048 0.0002887190508366129 0.000305390002467812 0.00029295166264935824 0.00030953544490792126 0.00030053900382695183 0.00040177852419239423 0.0002882213451298748 0.0003052609559638229 0.00031710851227461257 0.0002696386527552348 0.00031284798989390214 0.00028999743640692645 0.0003816283108699 0.00029559128961606713 0.0002830276371329641
179 4654 0.0006637914905081612 0 0 0.00025948400592039453 0.00025483739002177464 0.00027984641929696677 0.00026982489642367726 0.00026830766296271355 0.0002604862609603486 0.0002770296907509102 0.0002647334920342156 0.0002770986479899722 0.0002700950521579143 0.0003627974127399794 0.0002569739006940244 0.0002776241398828132 0.0002840028648295929 0.0002463631801665434 0.0002796063653435876 0.0002612417799323045 0.0003439769865105508 0.0002626121751221695 0.0002567977953903617
180 4680 0.0006393187293402742 0 0 0.0002496288964535916 0.00024427703959676764 0.000269333625891602 0.00025991411109596894 0.00025771926461054415 0.00024963317631150687 0.0002624744489434549 0.00025559805707396074 0.0002683471867214935 0.0002639096838956246 0.00035031076046357134 0.0002446743174526905 0.0002670047417470388 0.00026596015631196726 0.00023754850360695586 0.0002672435288541655 0.0002513658856365798 0.00033049788738518006 0.00025481127934190494 0.0002453758285592303
181 4706 0.0006195907413810824 0 0 0.00024269597313391237 0.00023187141566871294 0.00026291256812925666 0.00024964590389819875 0.00025063747256443453 0.00023990895265614683 0.00025167423157295966 0.0002479455893220306 0.0002602408378134581 0.00025298766095161216 0.0003340966003310156 0.00023541889873119595 0.0002573356396126865 0.0002546135765853925 0.00022929316105745816 0.00026136635016339537 0.0002440379795426619 0.00031428738305604924 0.00024455233040739473 0.0002371769255447664
182 4732 0.00060614630102018 0 0 0.00023691995355080465 0.00022514485767168602 0.00025312899179327146 0.00024434961299702737 0.00024445326748036376 0.00023341925287190984 0.0002420995667077213 0.00024157668750093096 0.0002517182009794383 0.00024451405703462966 0.00032539851801072044 0.00022493269317779572 0.00025094587982692294 0.0002494805774597033 0.00022485360144306233 0.0002518231766460707 0.00023984861228379837 0.00030733214937584053 0.000238205418538714 0.00023072859030122815
183 4758 0.0005588646487806832 0 0 0.00021705361579928218 0.00020815741084926937 0.00023131685327136222 0.0002239883826811563 0.0002211039635281725 0.00021663046733897017 0.00022444104250169517 0.00022184033461651403 0.00023123470197052053 0.00022415104041809475 0.00029672540052811275 0.00020740920393324126 0.00022791157487289085 0.00022803239507915472 0.00020586486628017747 0.0002294411236998877 0.0002143319649284228 0.00028297698301915533 0.00021790640997412442 0.00021344388005980474
184 4784 0.0005301908725474839 0 0 0.00020355851113347024 0.0001984639845632752 0.00021671738478058902 0.00021149067906558504 0.00020962259738760907 0.00020740301220983237 0.00021153318856313851 0.00020965710059687084 0.00021799988221619 0.00020670937575574536 0.00027882150096196826 0.00019658785510033285 0.00021424379337413557 0.00021490987523530605 0.00019509315842996684 0.00021920605147848264 0.00020029098144101355 0.00026491644080475215 0.00020528053717983714 0.00020202640778955758
185 4810 0.000487004965389409 0 0 0.00018585193257124473 0.00018149359346283393 0.0001971397873780859 0.00019203383770994978 0.0001918428986424558 0.00019073851692242934 0.00019308883901914068 0.00019038058346882802 0.00019916111437728694 0.00018962707189790022 0.00025566831590154436 0.00017899110459528733 0.00019473309002220488 0.00019710329403000175 0.0001780562239218266 0.0001982355944641478 0.00018250351394225324 0.000241796113725053 0.00018652655774404874 0.0001836915558582795
186 4836 0.00046026212845240704 0 0 0.00017637718980249303 0.00017080531515554218 0.0001850093056700406 0.0001828626520688879 0.00018017516727973068 0.0001799909981578423 0.00018484048567006149 0.00017935710385739962 0.00018730289923420978 0.00017848894139139464 0.0002370689884401982 0.00016809640346582565 0.00018190141697718202 0.00018391279068580003 0.00016675228700347724 0.00018746453621903343 0.00017016237802733428 0.00022645821458083598 0.0001734521906045025 0.00017214510475866885
187 4862 0.00043888183303455276 0 0 0.00016881019898308023 0.00016364305624007558 0.00017475593355643836 0.00017351644011858822 0.00016905275117737667 0.0001690350422820756 0.00017819989181535722 0.00017170722020374974 0.00017818330976663926 0.00016903218793610437 0.0002266267010828953 0.00015928332942038485 0.00017214583736677218 0.00017473903188699829 0.00015767939649995944 0.0001794080963869091 0.0001602498763162683 0.00021224738830016943 0.00016475174604409565 0.00016498902099436216
188 4888 0.0003938045051208739 0 0 0.00014985177091010872 0.00014640534168648946 0.00015589542169455674 0.00015580883717939117 0.00015267946309735703 0.0001502022243968503 0.0001614110800171428 0.0001526161539189004 0.00015889687296099538 0.00015249281419413212 0.00020292964889889834 0.00014203375679366987 0.0001536104304176479 0.00015474789171001025 0.00014062706399460383 0.0001588129372434044 0.00014222060377569806 0.0001896003917833197 0.00014771065034498076 0.00014817826329531242
189 4914 0.0003658805829763013 0 0 0.00013641809085917917 0.0001352705039931644 0.00014519206625285586 0.00014397307979052058 0.0001409681016846015 0.00013818229697610334 0.00014861082914877552 0.00014015492701485705 0.00014581835211144396 0.00013983882103723333 0.00018693921300718956 0.00013143603632808642 0.00014248059097001262 0.00014445558175951885 0.00013040403645301897 0.00014636604272322642 0.00013345972286131602 0.0001754518875057556 0.0001360739442501095 0.00013713163186366686
190 4940 0.00035021520482032213 0 0 0.00013179957966241894 0.00012877986417207874 0.0001384038218804231 0.00013660364051781647 0.00013421995243633993 0.0001322242087139003 0.00014305138851374374 0.0001344722836943303 0.00013789574459717178 0.00013228748104117426 0.00017855021056529516 0.00012540052112871718 0.0001377326365072081 0.00013564563218907363 0.0001246753221575637 0.00014001782895432712 0.00012758467728478577 0.00016558472261655053 0.0001283707353937494 0.000131120890142433
191 4966 0.00033646191345213097 0 0 0.0001258369532885655 0.00012367579552034213 0.00013115733714775597 0.00013079585189023618 0.00012809807260290006 0.00012708514051107243 0.0001348353081108799 0.00012770962156649358 0.00013195266327482676 0.00012701422546545463 0.00016967588555508268 0.00011937610975801762 0.0001333205594303623 0.00012944022008810942 0.00011849090195971036 0.0001343587571154353 0.00012197166927139043 0.0001557467225882387 0.00012291104592195687 0.00012526505275794035
192 4992 0.00032975113892447466 0 0 0.00012044850827013889 0.00012065179288761431 0.00012943271227707997 0.00012639592441596498 0.00012551802257055645 0.000123868722679619 0.00013157049908799344 0.00012538866857157794 0.00012819461214497315 0.00012470552323147412 0.0001645236522205928 0.00011674691953634293 0.00012829600931868384 0.00012670820881651227 0.00011534837567149659 0.00013232186443037016 0.0001201724818499362 0.00014974088793272736 0.0001198874793890225 0.0001221390370442722
193 5018 0.00031558491409416814 0 0 0.00011600116933515586 0.00011334098209977544 0.0001226791365147357 0.00012023975378354148 0.00012075924935549201 0.00011909982916401404 0.00012501814288663743 0.00011782099369502055 0.00012202848127544081 0.00011889002818348348 0.00015266479544719493 0.00011120813741577197 0.00012164019272022856 0.00011888822698211867 0.00011061756012185001 0.00012609269383225167 0.00011480613116720264 0.00014327665093297878 0.00011405380691916786 0.00011621451937061116
194 5044 0.00029984395673878677 0 0 0.00011067274091369943 0.00010672598373753964 0.00011393952267846314 0.00011478442922408857 0.00011271093257395458 0.00011257347384885948 0.00011860293781337275 0.00011209642133130893 0.00011577128712911038 0.00011344274442782806 0.0001445811374067434 0.00010490310414754806 0.0001164896060068224 0.00011207887216332724 0.00010457846602685475 0.00011803603386828402 0.00010748409477147287 0.00013530034168859865 0.00010764310129118665 0.0001102376121591455
195 5070 0.00027986946944372535 0 0 0.00010237710608996372 9.817022092792944e-05 0.00010601288154744266 0.00010587811897927498 0.00010435279551652103 0.00010406066028231036 0.0001108508445394697 0.00010512218726395944 0.0001082364298323501 0.00010528941571030386 0.00013503436024043343 9.763235942996489e-05 0.00010904359319564912 0.00010460618165202297 9.63511397391517e-05 0.00010897694513062335 9.849138097839403e-05 0.00012478294298654783 9.932337461868552e-05 0.00010244986041467669
196 5096 0.0002548038177064467 0 0 9.104524495693126e-05 8.87068671157483e-05 9.524633437238356e-05 9.547186422848377e-05 9.471575193018957e-05 9.348960605830192e-05 0.00010000781414796475 9.506771760678543e-05 9.926294037722506e-05 9.540543394718373e-05 0.00012162111692380055 8.770685423418202e-05 9.86239675349414e-05 9.546710003535608e-05 8.73892941341591e-05 9.947712926215214e-05 8.821877003637471e-05 0.000113098306230566 9.01319885101057e-05 9.352628478989913e-05
197 5122 0.00023132446224089512 0 0 8.172739143722291e-05 8.044038476538165e-05 8.620501638228675e-05 8.616420179629027e-05 8.552365564630728e-05 8.454110927574816e-05 8.995125264003866e-05 8.643216457565143e-05 8.976647474155541e-05 8.630571657465017e-05 0.0001063910156689351 8.026882275789716e-05 8.939540127379625e-05 8.640338835774559e-05 7.898734536234566e-05 8.997314757789351e-05 7.982345805575186e-05 0.00010059138589036397 8.139442385376742e-05 8.463585802011946e-05
198 5148 0.00021556057170774874 0 0 7.553910134796955e-05 7.410484911005026e-05 7.952130714194922e-05 8.000986816251883e-05 7.799419583917197e-05 7.850982341715307e-05 8.346688635334969e-05 7.998116554286603e-05 8.312696756506754e-05 7.994509122005772e-05 9.856315409001573e-05 7.505222448150451e-05 8.289861565963896e-05 7.975826677268684e-05 7.26617948806757e-05 8.316193202881697e-05 7.476735985382087e-05 9.405954690417086e-05 7.533527314316799e-05 7.821660008279172e-05
199 5174 0.00020808492229293602 0 0 7.266729646192233e-05 7.091186523328634e-05 7.657998095398906e-05 7.626965317405274e-05 7.526451920642306e-05 7.455815438641683e-05 7.995910443600928e-05 7.621971621144553e-05 8.03352805478004e-05 7.661650901973348e-05 9.45872443500405e-05 7.194251810639098e-05 7.869179666548497e-05 7.654778228526448e-05 7.021431690568117e-05 8.12382910071571e-05 7.172315905382228e-05 9.024533090201151e-05 7.305828307815973e-05 7.467244100344392e-05
200 5200 0.00019563947095762463 0 0 6.854489076010001e-05 6.611385767409565e-05 7.096869301676866e-05 7.041472919283286e-05 6.98851509713491e-05 6.976457146750617e-05 7.481952284103311e-05 7.128231657458304e-05 7.497383575545599e-05 7.217577220056134e-05 8.871165792344498e-05 6.726251259932848e-05 7.350646747151732e-05 7.040968292043248e-05 6.649126121471954e-05 7.740782967314761e-05 6.688732547886944e-05 8.418996185440578e-05 6.851607022951974e-05 7.007968516948432e-05
201 5226 0.00018693208825009284 0 0 6.537309734095473e-05 6.311531584459376e-05 6.804634480558264e-05 6.678328248033804e-05 6.623059736635192e-05 6.627645430452573e-05 7.106394507824629e-05 6.693040681368555e-05 7.168727874022625e-05 6.866126510460598e-05 8.43669048220337e-05 6.429305146742513e-05 6.976145256343558e-05 6.689449310685055e-05 6.16265613227236e-05 7.37486023311567e-05 6.406903582191126e-05 8.031311316480187e-05 6.47118021349793e-05 6.655680032502568e-05
202 5252 0.00017117845622461507 0 0 5.9240630387441075e-05 5.6843505478146906e-05 6.219086185561391e-05 6.183902736613434e-05 6.0353792280335084e-05 6.069072589118407e-05 6.45589441041945e-05 6.137572651283819e-05 6.504610096919096e-05 6.256074467246383e-05 7.709603056776732e-05 5.822560781482098e-05 6.269538086767618e-05 6.115891307807651e-05 5.648746134007478e-05 6.77028160750207e-05 5.80196842044484e-05 7.30491052106133e-05 5.8904740517490396e-05 6.0546928361427425e-05
203 5278 0.00016192444167323797 0 0 5.622225487339758e-05 5.331703890050314e-05 5.8662006094830805e-05 5.8168055808669924e-05 5.642876240436402e-05 5.772829468934787e-05 6.059666940374895e-05 5.662622745823943e-05 6.166185698693028e-05 5.963978268447405e-05 7.236273826438479e-05 5.475144871469991e-05 5.91310846543896e-05 5.817747521183243e-05 5.2369684588651656e-05 6.416618990571494e-05 5.445340867120828e-05 6.908024175395554e-05 5.5735266691952695e-05 5.662358441307515e-05
204 5304 0.00014765553620983907 0 0 5.12247969472848e-05 4.827628408196056e-05 5.2615903480269315e-05 5.245527342614336e-05 5.102614806034804e-05 5.21654062401422e-05 5.478338444671664e-05 5.0881901630823824e-05 5.597612373072767e-05 5.347901707168377e-05 6.63066850361426e-05 4.975933466788032e-05 5.3581672151374606e-05 5.293682332101712e-05 4.7784853492512324e-05 5.827782392269613e-05 4.9142169951844134e-05 6.266646647831809e-05 5.071553650198838e-05 5.1510425486611344e-05
205 5330 0.00013886345161422795 0 0 4.7972434509116114e-05 4.486719386464357e-05 4.932490846022266e-05 4.904788686415519e-05 4.742107716074348e-05 4.820341139539411e-05 5.202841958326066e-05 4.784675550744911e-05 5.177891473152735e-05 4.9220960554683746e-05 6.206016036425508e-05 4.644890690722511e-05 5.0374865636342855e-05 5.0193390119218904e-05 4.409706242779713e-05 5.48215147584638e-05 4.578650656390486e-05 5.879953030291294e-05 4.769700340262263e-05 4.8102449490803425e-05
206 5356 0.00013037735521508777 0 0 4.514084392703521e-05 4.2110521433331695e-05 4.5696906494712665e-05 4.583574811447656e-05 4.434819498488067e-05 4.543481120616987e-05 4.83810552497249e-05 4.452235737277834e-05 4.835939701440596e-05 4.5681385146923176e-05 5.82634125741683e-05 4.246394615126189e-05 4.713086313498295e-05 4.712295137048276e-05 4.1391810292453785e-05 5.1439271402072365e-05 4.263193003708122e-05 5.444495970705203e-05 4.4888349063373076e-05 4.445964778408349e-05
207 5382 0.00012575094115031097 0 0 4.2622677323770224e-05 4.0595846397900145e-05 4.3933767674156835e-05 4.4218306715543415e-05 4.2359251655936384e-05 4.344568405720273e-05 4.6334207140071575e-05 4.283013143885681e-05 4.641873900656095e-05 4.4076636403556673e-05 5.6176512844069477e-05 4.063693333571441e-05 4.52294963084219e-05 4.5069173547048346e-05 4.0072750708105934e-05 4.911536095382859e-05 4.105011883080849e-05 5.2081622895819246e-05 4.240341020733298e-05 4.258382652294398e-05
208 5408 0.00011274394743278046 0 0 3.808626171175642e-05 3.641107433566703e-05 3.9272770543794596e-05 3.924592966570297e-05 3.7671829255779095e-05 3.887065769363833e-05 4.156831681887504e-05 3.857952462684292e-05 4.166098885011975e-05 3.9253623144450806e-05 5.000699324485642e-05 3.588217129591854e-05 4.00964741977859e-05 4.028285160285144e-05 3.523423987285491e-05 4.397243231102459e-05 3.643177889582318e-05 4.6638491951275204e-05 3.789369849740867e-05 3.775020269568625e-05
209 5434 0.00010565735042225352 0 0 3.541667435819144e-05 3.3675549548286846e-05 3.716240540566594e-05 3.700451481547849e-05 3.498489752936469e-05 3.662215220720603e-05 3.8581159446566073e-05 3.628145948949333e-05 3.899540837191999e-05 3.5640641369196526e-05 4.686551045327406e-05 3.351210809436857e-05 3.734944872280507e-05 3.730824219910583e-05 3.2803056913772487e-05 4.0162830502839134e-05 3.392654286940803e-05 4.345557138347212e-05 3.542424847014308e-05 3.5285030557488904e-05
210 5460 9.531874792494181e-05 0 0 3.209305120418297e-05 3.0351630244879568e-05 3.343803047758436e-05 3.308692122721567e-05 3.106823853430631e-05 3.2700295332555776e-05 3.455675759150685e-05 3.2387022658359584e-05 3.4617080283235874e-05 3.170764205216974e-05 4.250657746394248e-05 3.0226057879700505e-05 3.3487850559355e-05 3.2836207825206977e-05 2.956357105904701e-05 3.585786079921165e-05 3.0341402916684944e-05 3.918918183188848e-05 3.1697146845698475e-05 3.158352130028058e-05
211 5486 9.028036219985595e-05 0 0 3.090464063562237e-05 2.8508775417662607e-05 3.0493339990670716e-05 3.127914410106262e-05 2.8767276418486764e-05 3.134728894574819e-05 3.276089102958094e-05 3.073526053829784e-05 3.253335753515055e-05 2.9799124893424487e-05 4.011318570242323e-05 2.8426512892077562e-05 3.123524439230555e-05 3.103186752512437e-05 2.790608594410625e-05 3.4026917869717456e-05 2.8263318989340883e-05 3.6830754795743206e-05 2.9867562861059685e-05 2.957680437369707e-05
212 5512 8.68826295755776e-05 0 0 2.977684632250682e-05 2.737146748655655e-05 2.937046688468829e-05 2.987997686407232e-05 2.7764741597608372e-05 3.011901517016829e-05 3.170001376856459e-05 2.9217558290899203e-05 3.1309179888097177e-05 2.8361522518955314e-05 3.831136387208562e-05 2.707889962608263e-05 2.9778119611208154e-05 2.9731639465920286e-05 2.6483284388972665e-05 3.257178298055357e-05 2.709737053201971e-05 3.554527119227833e-05 2.8516754039542773e-05 2.8585430187909856e-05
213 5538 8.099778519482231e-05 0 0 2.7893506639442478e-05 2.551078336843422e-05 2.729741035180386e-05 2.7619334871569433e-05 2.5946823465939197e-05 2.7610119816045948e-05 2.944769737594997e-05 2.7337905843335183e-05 2.876097729960952e-05 2.6375583274484664e-05 3.583148256197061e-05 2.5279524496959258e-05 2.769217464902775e-05 2.7085934581521895e-05 2.4630548057782462e-05 3.0273159552051095e-05 2.5057624394083252e-05 3.283642896430914e-05 2.6651600127908352e-05 2.6643414294953777e-05
214 5564 7.615564690036656e-05 0 0 2.6138363314412615e-05 2.387796693290777e-05 2.5499820211586195e-05 2.5967012881117035e-05 2.449989454736278e-05 2.573071198273413e-05 2.7533025387346914e-05 2.5956627912298766e-05 2.6656615697887473e-05 2.4842303659877158e-05 3.320361103305197e-05 2.3631398399901127e-05 2.5175058853341483e-05 2.5247618199162045e-05 2.315180625051988e-05 2.8570183531482983e-05 2.353232923174755e-05 3.082122988653929e-05 2.531221676243655e-05 2.495951302492447e-05
215 5590 6.827102217485098e-05 0 0 2.310519619377684e-05 2.1241744436633003e-05 2.2657222296700883e-05 2.2784069984150142e-05 2.1796462884986047e-05 2.314055687346728e-05 2.473561577929241e-05 2.3219702220216863e-05 2.3931823829932924e-05 2.1817019928305592e-05 2.956345839721071e-05 2.1201049035161462e-05 2.255342307899837e-05 2.2447253102663367e-05 2.0734060213651006e-05 2.5289196217748926e-05 2.104122247740806e-05 2.766081375111128e-05 2.2479451389415564e-05 2.2331246889976718e-05
216 5616 6.507959402607095e-05 0 0 2.1993916367279954e-05 1.9890425163476776e-05 2.152713614392887e-05 2.1469321988232037e-05 2.0772142935569163e-05 2.17572564425019e-05 2.352359199738136e-05 2.2031698581055124e-05 2.274317172038255e-05 2.084313758294867e-05 2.7940473756488724e-05 2.0389254283977274e-05 2.1431232806303846e-05 2.112854714440961e-05 1.9712714306030856e-05 2.3798855074200513e-05 1.979553305046878e-05 2.609863061790747e-05 2.1160369257719935e-05 2.141998194533908e-05
217 5642 6.12903824795986e-05 0 0 2.0665869914029676e-05 1.8605658864867154e-05 2.0233941174750756e-05 2.036570174427444e-05 1.959119215112292e-05 2.0442662709201835e-05 2.1977517026431918e-05 2.082432264124531e-05 2.1095965214131508e-05 1.964322875893263e-05 2.5763970919522305e-05 1.917358615076075e-05 1.993157234522662e-05 1.9690031811078324e-05 1.8637151088263816e-05 2.230760773644731e-05 1.8404717049711964e-05 2.4164095482725585e-05 2.0160277856734955e-05 2.0164368472698424e-05
218 5668 5.5912461726459776e-05 0 0 1.8817472474981942e-05 1.680406159725127e-05 1.8232940481551548e-05 1.849203009896695e-05 1.7808945285615445e-05 1.874040033917708e-05 1.9744339745014724e-05 1.8887509349644653e-05 1.8945998664575107e-05 1.7875618026384942e-05 2.336682670566626e-05 1.7469710652343855e-05 1.7874924677131795e-05 1.7948534958437393e-05 1.720105663917333e-05 2.0026055702728753e-05 1.654299741764544e-05 2.177415278618239e-05 1.831191315543139e-05 1.831382953841042e-05
219 5694 5.241215563468638e-05 0 0 1.7441922341084616e-05 1.5764586684269834e-05 1.6985228683248835e-05 1.706206503276161e-05 1.6591663141224033e-05 1.760438234701175e-05 1.842699651382367e-05 1.7678469658668963e-05 1.765625437200747e-05 1.650383830329664e-05 2.1422706408778016e-05 1.6311400899577997e-05 1.6754728943015354e-05 1.673002238563403e-05 1.62348066575148e-05 1.847899745937227e-05 1.5638941822480714e-05 1.990024875803523e-05 1.6975051269770235e-05 1.701631696572517e-05
220 5720 4.7883430907260966e-05 0 0 1.585912207109433e-05 1.426442219494386e-05 1.550495223468153e-05 1.5424458388132936e-05 1.5145444154477648e-05 1.5878645902424586e-05 1.672060105826803e-05 1.6001412224584933e-05 1.6139023770081673e-05 1.5094132881570718e-05 1.9526157243524136e-05 1.4728943955562457e-05 1.536643417567836e-05 1.5483177249255384e-05 1.4957138101586757e-05 1.668388074289447e-05 1.4383479898217278e-05 1.7901546098686457e-05 1.539014109619977e-05 1.566837321974962e-05
221 5746 4.54510852640306e-05 0 0 1.5094530284056298e-05 1.3319927395561091e-05 1.4625650367240475e-05 1.4688921776318547e-05 1.4207587792459572e-05 1.504604344118861e-05 1.5785101380525728e-05 1.518079797922075e-05 1.523169487404874e-05 1.4196084504288396e-05 1.8452087278544406e-05 1.4049002126465147e-05 1.4615143379385799e-05 1.4557825003671208e-05 1.414191663074654e-05 1.5613174939646964e-05 1.3673415051217017e-05 1.664289902303493e-05 1.4590744808552934e-05 1.4803710284398911e-05
222 5772 4.286853365633725e-05 0 0 1.413353490460782e-05 1.2502557928729941e-05 1.3728853446042097e-05 1.3714303391201492e-05 1.3372903618766154e-05 1.4190930387496129e-05 1.4577659287233135e-05 1.4141018127602262e-05 1.4056878648861889e-05 1.3164183995026363e-05 1.7417671600181293e-05 1.3051319459590286e-05 1.3766165345177588e-05 1.3775005298678752e-05 1.3370839326258264e-05 1.4720978527787158e-05 1.2960589934479517e-05 1.565808670543011e-05 1.3921365320564658e-05 1.3952462360216131e-05
223 5798 3.841450672973494e-05 0 0 1.2707123178836707e-05 1.0987236993382824e-05 1.226954496931569e-05 1.2223140452179217e-05 1.1735696127675916e-05 1.265085986873708e-05 1.2797607215604358e-05 1.2614556482416362e-05 1.2498836925914605e-05 1.1662350979295956e-05 1.554704569721754e-05 1.1706994623049455e-05 1.2281496196981722e-05 1.2330217431065234e-05 1.1834886955994187e-05 1.3107187507973197e-05 1.1612799367950086e-05 1.3858677240071406e-05 1.253743842893102e-05 1.2376577107796645e-05
224 5824 3.568958153637661e-05 0 0 1.179793375111191e-05 1.0211809685786784e-05 1.1284739857029133e-05 1.137095979216757e-05 1.077223941586868e-05 1.1677651393844414e-05 1.159654680885323e-05 1.1582844014881736e-05 1.1497194247658711e-05 1.0781368934735818e-05 1.4629392078191603e-05 1.076914202171074e-05 1.1469367848604134e-05 1.1460254373897584e-05 1.0959700722143092e-05 1.2066376831608755e-05 1.0786307521953453e-05 1.2811952008233129e-05 1.1503482548205017e-05 1.1383995225773318e-05
225 5850 3.296830418774562e-05 0 0 1.0755008178164827e-05 9.367046343064396e-06 1.0308275798161226e-05 1.0425229060538226e-05 9.900965973178801e-06 1.0720211449111984e-05 1.0662088476607316e-05 1.0623581041591924e-05 1.0582791223642204e-05 9.779963491561248e-06 1.356467945439192e-05 9.898795500840907e-06 1.0639840843663933e-05 1.0617848912335037e-05 1.022955934734858e-05 1.1155158522916694e-05 1.0009157401552616e-05 1.1478136919942944e-05 1.0686670326592526e-05 1.0351109336035264e-05
226 5876 2.9858597608636725e-05 0 0 9.394951783712208e-06 8.423353921254092e-06 9.242437237140227e-06 9.415570832979723e-06 8.871294236790589e-06 9.709659393620853e-06 9.525433616227093e-06 9.619342741183808e-06 9.48074060428593e-06 8.881411467832215e-06 1.213730596070314e-05 8.984026419874691e-06 9.65819578232049e-06 9.61604110065693e-06 9.219643946332415e-06 9.979850802925818e-06 9.094749254587777e-06 1.0347935229590547e-05 9.55058548064132e-06 9.313615888739416e-06
227 5902 2.8005389831389978e-05 0 0 8.813777274591645e-06 7.944861695900466e-06 8.704739165601877e-06 8.806590314331835e-06 8.307948596046241e-06 9.027887489685549e-06 8.935561598051452e-06 8.806287328317113e-06 8.821410930761093e-06 8.182781834026808e-06 1.1433806036150714e-05 8.308053575701385e-06 9.006412405617778e-06 9.004159869425826e-06 8.584673961379724e-06 9.371261586390563e-06 8.470422914527732e-06 9.608489170418683e-06 8.835379203176478e-06 8.572408262755129e-06
228 5928 2.61853637038106e-05 0 0 8.196083118128243e-06 7.500848912892493e-06 8.174039825719152e-06 8.104678361034951e-06 7.737046928593955e-06 8.46862455420672e-06 8.370900427715134e-06 8.277191290984867e-06 8.187757155610619e-06 7.5569722799148665e-06 1.0673704120501325e-05 7.672820928986218e-06 8.327693734385432e-06 8.209840960742182e-06 8.011980491319936e-06 8.701189141380201e-06 7.802069161142056e-06 9.020083276841784e-06 8.177559982408478e-06 7.835589307073951e-06
229 5954 2.4876014916296768e-05 0 0 7.807661197346986e-06 7.227845246202711e-06 7.716540259702967e-06 7.694104844222006e-06 7.290527100710364e-06 7.99525280486319e-06 7.918436302041736e-06 7.876714305368512e-06 7.652058633579619e-06 7.165796311575805e-06 1.0038628996217205e-05 7.265952572180198e-06 7.915575802789417e-06 7.717996849383117e-06 7.577721253889755e-06 8.035219868136039e-06 7.396675385736255e-06 8.537667336128285e-06 7.753496245369799e-06 7.381107986496775e-06
230 5980 2.3488065081838745e-05 0 0 7.389016532289404e-06 6.777524031735832e-06 7.189991420466021e-06 7.280902469675987e-06 6.860706534630039e-06 7.5493682525882615e-06 7.426869113323645e-06 7.387444527354199e-06 7.194576067242257e-06 6.7429433031755e-06 9.296748892947613e-06 6.735745522342767e-06 7.430173135423742e-06 7.166864239959795e-06 7.228975917917542e-06 7.588839012710511e-06 6.901277394413247e-06 8.005942240344666e-06 7.292415205817214e-06 6.909672191719807e-06
231 6006 2.217132249725969e-05 0 0 6.8534590260375785e-06 6.3616242254224885e-06 6.620416858183473e-06 6.801498989369918e-06 6.3914769483828194e-06 7.113763312045062e-06 6.955920871668164e-06 6.941586625162105e-06 6.688752988843388e-06 6.401550861344855e-06 8.777752448713814e-06 6.3660688280676575e-06 6.957408541333394e-06 6.763652191452466e-06 6.81738836073286e-06 7.145591343940647e-06 6.4943053751175355e-06 7.5600504581024346e-06 6.824702534449511e-06 6.4925146527171196e-06
232 6032 2.072061181331097e-05 0 0 6.3494159678627985e-06 5.874533131654731e-06 6.212899371391817e-06 6.309661114209264e-06 5.8573150493251426e-06 6.6480362301211e-06 6.440005131609238e-06 6.5370127802684235e-06 6.239918037574667e-06 5.9631633750983725e-06 8.192640469316312e-06 5.881177765566771e-06 6.476404668620112e-06 6.301807778977599e-06 6.381258622572138e-06 6.615198022717989e-06 6.044512745049516e-06 7.0779094703017905e-06 6.2917534878775515e-06 6.007234138555151e-06
233 6058 2.0072204343879637e-05 0 0 6.119157136560613e-06 5.7307567989383275e-06 6.0045864960004695e-06 6.112696646942827e-06 5.666881111444399e-06 6.295953310760956e-06 6.216663964144414e-06 6.342140049230391e-06 5.984885299829334e-06 5.62288264634723e-06 7.825482301829285e-06 5.756393112225917e-06 6.2483969629377484e-06 6.159770395446151e-06 6.174494168744735e-06 6.36760100739822e-06 5.885215414098301e-06 6.765979282590588e-06 6.10346915589385e-06 5.75514715538483e-06
234 6084 1.9292692766980182e-05 0 0 5.891081975683764e-06 5.566808440715851e-06 5.752858198260066e-06 5.857598379632926e-06 5.345085447955143e-06 5.940568128328247e-06 6.003101263230398e-06 6.012750660894602e-06 5.735163836255592e-06 5.386135586090549e-06 7.465354881008731e-06 5.465633490344048e-06 6.0082827078162964e-06 5.770442251806876e-06 5.978400904442231e-06 6.039143037877142e-06 5.596224794218787e-06 6.464579385914096e-06 5.866309584381129e-06 5.461906135963894e-06
235 6110 1.7264315903352914e-05 0 0 5.2628178665673715e-06 4.8393685019170374e-06 5.047015781938644e-06 5.266874683084481e-06 4.7937516380504695e-06 5.275183695277629e-06 5.326366901003731e-06 5.351839677613543e-06 5.118757856724969e-06 4.835863997653508e-06 6.73008527584058e-06 4.850181651761681e-06 5.412495234449942e-06 5.111067916271449e-06 5.3629019863297975e-06 5.2478701611346925e-06 4.953920303276754e-06 5.7414507514141125e-06 5.222764232232694e-06 4.8780071568304e-06
236 6136 1.5458536009656196e-05 0 0 4.707048460772295e-06 4.3391327927400205e-06 4.503014277855517e-06 4.67490499475635e-06 4.3013935171009995e-06 4.6933671760995875e-06 4.740709479924579e-06 4.737480647564478e-06 4.549958982089502e-06 4.312091180363575e-06 5.982044465315385e-06 4.3156924626375405e-06 4.833348945039606e-06 4.633355565072476e-06 4.763123268393709e-06 4.633824812069506e-06 4.439955830457028e-06 5.076115117863703e-06 4.664858291540261e-06 4.342120797096582e-06
237 6162 1.4226452755170656e-05 0 0 4.284881663706139e-06 3.9552109994048585e-06 4.11851891188822e-06 4.239547673052707e-06 3.940656019962962e-06 4.3013780288710204e-06 4.331854322927884e-06 4.352045758193324e-06 4.1713165680591315e-06 3.965828821608989e-06 5.489140048142157e-06 3.864074304342977e-06 4.432892035890714e-06 4.247758776658229e-06 4.376269010260285e-06 4.2761121806134545e-06 4.10796215247624e-06 4.582572589500671e-06 4.2995087938679116e-06 3.984277008775958e-06
238 6188 1.3421288815799417e-05 0 0 3.989163868998794e-06 3.7328773034001606e-06 3.842081797565032e-06 4.000157431521238e-06 3.726390585137115e-06 4.031237773646405e-06 4.045324581672201e-06 4.082191592960755e-06 3.897422668003115e-06 3.823430566805414e-06 5.092706279891207e-06 3.6403921493038567e-06 4.139944072764336e-06 3.973999996089829e-06 4.112725418659508e-06 4.003799664648302e-06 3.83961943298377e-06 4.318896183325505e-06 4.046676159408802e-06 3.7718069176227264e-06
239 6214 1.2555017048628457e-05 0 0 3.705312676284283e-06 3.507208654123121e-06 3.5343534278428212e-06 3.6889676138977354e-06 3.4794618698139173e-06 3.7496582980101483e-06 3.7916792271328264e-06 3.8199193684084965e-06 3.673822917296157e-06 3.580837820259063e-06 4.714996144712826e-06 3.409665830682898e-06 3.814666317865198e-06 3.6805083996580186e-06 3.792790937179055e-06 3.743601582119326e-06 3.5668018189594087e-06 4.039084260901662e-06 3.827009006509104e-06 3.545880375367697e-06
240 6240 1.1751662959753101e-05 0 0 3.4707666108472075e-06 3.2582056965222215e-06 3.287038737124358e-06 3.401801249454936e-06 3.257393394717351e-06 3.5183761872139056e-06 3.51251136351405e-06 3.5080033795242204e-06 3.395075778509741e-06 3.3661087173706582e-06 4.403585443800632e-06 3.18485563298706e-06 3.5897962447485e-06 3.4267845274240343e-06 3.4755834919998586e-06 3.487197716536138e-06 3.3085953986566238e-06 3.7762517225453695e-06 3.5751791257364533e-06 3.2834242847414094e-06
241 6266 1.1166565518081182e-05 0 0 3.2669960257750827e-06 3.089457366507878e-06 3.105583461346611e-06 3.2107080751065087e-06 3.079018269443798e-06 3.333358247267656e-06 3.2894314360641025e-06 3.3100671592215002e-06 3.199698006519737e-06 3.1803959480970634e-06 4.215346874808832e-06 3.028787371658942e-06 3.36935445848953e-06 3.2773204691207776e-06 3.269002400213003e-06 3.2849816037012905e-06 3.1086008077855437e-06 3.589009726135557e-06 3.4017240343601035e-06 3.090994974568296e-06
242 6292 1.0506141222839345e-05 0 0 3.0674073268908273e-06 2.9062420100832552e-06 2.9207040803213107e-06 3.0127261834827353e-06 2.868203406504765e-06 3.1456543041409645e-06 3.113917497763679e-06 3.1105026492072765e-06 2.9874529076070496e-06 2.9502230957687863e-06 3.951546456946068e-06 2.846226748955628e-06 3.114931471456381e-06 3.0872279793928194e-06 3.0354570006470767e-06 3.090140783218991e-06 2.917453150251544e-06 3.3285574520551364e-06 3.1914983625998442e-06 2.906890499312905e-06
243 6318 1.0012555919375043e-05 0 0 2.8850578673712836e-06 2.7499683418381236e-06 2.791524102518785e-06 2.8227617727585664e-06 2.7281359380828046e-06 2.9713997619753207e-06 2.9755654601088725e-06 2.9544767353710003e-06 2.8517006772297835e-06 2.79260133927969e-06 3.7745821895424584e-06 2.7381024707956963e-06 2.946492659930426e-06 2.9071550956927787e-06 2.892974978102963e-06 2.964708724548822e-06 2.7547318347916706e-06 3.174341805363708e-06 2.994256913211891e-06 2.760435875852518e-06
244 6344 8.89633159859801e-06 0 0 2.5208781375431125e-06 2.421788725200788e-06 2.4664283354905644e-06 2.5054381010942856e-06 2.397497520290298e-06 2.6309995936652173e-06 2.6179706567259848e-06 2.5916596083189665e-06 2.5115899825110786e-06 2.4584595634230525e-06 3.3882015175119403e-06 2.4226304670906486e-06 2.6019088999384666e-06 2.5515499509200766e-06 2.5723222765751945e-06 2.641571205256128e-06 2.4350923544307385e-06 2.8018565683443466e-06 2.6716964827608274e-06 2.4181823428755078e-06
245 6370 8.408330224293663e-06 0 0 2.3668526908039197e-06 2.2758916055679e-06 2.3266547894764208e-06 2.342964978193238e-06 2.256719346995213e-06 2.479584548685932e-06 2.4177805560575857e-06 2.4209338212701414e-06 2.360924178560553e-06 2.3222452675907097e-06 3.195196714366344e-06 2.304619065800996e-06 2.441759086210751e-06 2.3705845771841675e-06 2.4203616547157862e-06 2.4952332058534593e-06 2.2918301077835985e-06 2.6416734493061408e-06 2.5327794564911924e-06 2.2892581555344263e-06
246 6396 8.056409713965599e-06 0 0 2.2606147666730287e-06 2.1678757152146556e-06 2.2356465537984078e-06 2.23936894462835e-06 2.119964666387516e-06 2.401569728506364e-06 2.2935267955601412e-06 2.3247582681319656e-06 2.2479423435463003e-06 2.212713929597636e-06 3.0737717974699243e-06 2.195222655422505e-06 2.2857863248617105e-06 2.2787303797280355e-06 2.276745936266058e-06 2.378662667579494e-06 2.1931013622968337e-06 2.5083306711065027e-06 2.4182652877044923e-06 2.195647491505092e-06
247 6422 7.768247712819262e-06 0 0 2.1876940524081723e-06 2.0823477885680725e-06 2.148629925518778e-06 2.1495772203509097e-06 2.0462596359766785e-06 2.3103859505171488e-06 2.1850392530153874e-06 2.213107666271758e-06 2.162882565392777e-06 2.1348117342283337e-06 2.950943012198424e-06 2.1083668624554812e-06 2.159942724906821e-06 2.1840149661423206e-06 2.1910402846893746e-06 2.288223611828005e-06 2.078612676193014e-06 2.381776057275226e-06 2.337915618596708e-06 2.124959319912983e-06
248 6448 7.439408967585577e-06 0 0 2.0823572256437394e-06 1.9907035185851788e-06 2.0375502804713775e-06 2.0444575155780075e-06 1.9826099805356315e-06 2.2032262063661337e-06 2.09374173391917e-06 2.090823166527708e-06 2.04394031321204e-06 2.048789032256931e-06 2.823705141168443e-06 2.0006256055882046e-06 2.0506348073597883e-06 2.056775882766745e-06 2.086904162685267e-06 2.172890620420235e-06 1.970381097178962e-06 2.270011320728383e-06 2.2501475546010522e-06 2.03653360741503e-06
249 6474 7.0807196855087085e-06 0 0 1.970929513538894e-06 1.88733189303113e-06 1.938402774590608e-06 1.9249075799305047e-06 1.8779578861690207e-06 2.0918611991691726e-06 1.9882377919725605e-06 1.978484329872045e-06 1.909220658074848e-06 1.975269337378531e-06 2.6508542441762438e-06 1.8955244569238477e-06 1.9307321675530654e-06 1.975686096233758e-06 1.979643928617441e-06 2.0581124919000266e-06 1.844153374383763e-06 2.188011717779007e-06 2.1237939983216556e-06 1.9383421279651434e-06
250 6500 6.643412510561797e-06 0 0 1.8451010650492663e-06 1.7695360454128715e-06 1.8432382754391623e-06 1.7936611626972534e-06 1.7286551501200381e-06 1.955139811508723e-06 1.871791197270735e-06 1.8570434263391322e-06 1.7614962144298186e-06 1.849580517559605e-06 2.4503777557957326e-06 1.7826385648287216e-06 1.7957165280682036e-06 1.8287864115064324e-06 1.8308874581734998e-06 1.925052047460269e-06 1.7187755776410748e-06 2.023731747262386e-06 1.989493162754985e-06 1.8094307081034579e-06
251 6526 6.065812376145506e-06 0 0 1.678163411184425e-06 1.5985308521311473e-06 1.676626389275866e-06 1.624759491643062e-06 1.5865935044902634e-06 1.7755440317724292e-06 1.689520381064845e-06 1.6894789540067311e-06 1.6047696743445285e-06 1.672314023179254e-06 2.2279668428223393e-06 1.6395543173617046e-06 1.617904320318185e-06 1.6585362619609079e-06 1.6788621717913749e-06 1.7330296412047704e-06 1.5692479480232644e-06 1.8298142342542647e-06 1.7919045749140508e-06 1.646376684542819e-06
252 6552 5.767185290597327e-06 0 0 1.60996933808606e-06 1.5153559612451925e-06 1.5984758058180448e-06 1.54102977409171e-06 1.5040000590448917e-06 1.672051980856163e-06 1.5999008084051309e-06 1.5995366287613202e-06 1.5237875124848249e-06 1.574792397685773e-06 2.1147631948242526e-06 1.5636929941194189e-06 1.5117749521103873e-06 1.5935254652547428e-06 1.6084568803685176e-06 1.6279994258743915e-06 1.4905901036077374e-06 1.7387401904894422e-06 1.6874774709743701e-06 1.534613324434606e-06
253 6578 5.158109423573933e-06 0 0 1.4183326688617402e-06 1.3491740850961872e-06 1.431050932917328e-06 1.3768093148030887e-06 1.323629316836551e-06 1.4863520530345072e-06 1.4158744572727565e-06 1.4297991926551735e-06 1.3475065258369343e-06 1.4026221271694219e-06 1.9019477041195924e-06 1.397533829701714e-06 1.3484491515141881e-06 1.4213516465189347e-06 1.4300585105345508e-06 1.4477273039649035e-06 1.3199958638974973e-06 1.558403408139872e-06 1.5006814231231426e-06 1.3633688685570676e-06
254 6604 4.725482526191941e-06 0 0 1.296066479979524e-06 1.2231041220741915e-06 1.2969957455907965e-06 1.261895457857243e-06 1.2153612246083357e-06 1.3441671837386172e-06 1.3017005202708815e-06 1.3020947856386104e-06 1.2348397198993137e-06 1.2679279404092877e-06 1.7138584054863051e-06 1.2689281265581413e-06 1.2304805613470142e-06 1.2827878219417374e-06 1.3054250935910982e-06 1.3359525426096535e-06 1.1951920800052366e-06 1.403424546423487e-06 1.366555430712913e-06 1.2513996532738725e-06
255 6630 4.2919089103962275e-06 0 0 1.1799820437298067e-06 1.0943035246266912e-06 1.1788149171557188e-06 1.1429627357277221e-06 1.0945352521319536e-06 1.2076019710267969e-06 1.155790902528503e-06 1.1820292236820126e-06 1.1230473912751122e-06 1.141002539101882e-06 1.5387564589581897e-06 1.1294999051483694e-06 1.1227518741595585e-06 1.1715410105522268e-06 1.1647326475263092e-06 1.214127391684292e-06 1.0872512841492557e-06 1.2622389589874943e-06 1.2363149605619974e-06 1.133854251764282e-06
256 6656 3.991334976099668e-06 0 0 1.0858618599601848e-06 1.015256372034762e-06 1.0935520397480334e-06 1.0490252271063841e-06 1.0203954033996077e-06 1.1227201766813236e-06 1.0760635546554628e-06 1.089972078147116e-06 1.0304668760914199e-06 1.043419745065355e-06 1.4317925900269634e-06 1.0465211176983487e-06 1.0248728001265128e-06 1.068320175090061e-06 1.0851132873392412e-06 1.1367996041935573e-06 1.011757593933144e-06 1.1724726031659933e-06 1.135133496785029e-06 1.0536618591231844e-06
257 6682 3.856502843449292e-06 0 0 1.0519665076618923e-06 9.750351866733486e-07 1.0430426115644036e-06 9.905425660043886e-07 9.822508872553617e-07 1.0940294891206759e-06 1.0428817370723065e-06 1.0329772876429916e-06 1.0095948963140253e-06 1.0071714461823927e-06 1.3754376292495615e-06 1.0097030127526076e-06 9.817495189064147e-07 1.02527384792774e-06 1.0380077250233241e-06 1.0936810660207611e-06 9.76329817856118e-07 1.1220395211429977e-06 1.107544488810478e-06 1.0043255279838711e-06
258 6708 3.7807716179174876e-06 0 0 1.0270449927863962e-06 9.63564588250771e-07 1.0168053353140147e-06 9.681330945220504e-07 9.481678066828426e-07 1.0704086314455618e-06 1.020767687974527e-06 9.945159982389162e-07 9.875385378504243e-07 9.80580566812773e-07 1.3478848922975136e-06 9.84292615925235e-07 9.519041111229798e-07 1.0072646740715515e-06 1.0125710751880943e-06 1.0557664682022779e-06 9.536613872431574e-07 1.0845110480619236e-06 1.089887594796311e-06 9.750580135787292e-07
259 6734 3.66397364974484e-06 0 0 9.99349798643754e-07 9.394022140336684e-07 9.91282678449209e-07 9.101442020118682e-07 9.14600854136143e-07 1.028847672559521e-06 9.767551591832448e-07 9.573162458114358e-07 9.403984508595491e-07 9.455501619320196e-07 1.3038034907618196e-06 9.53664459968617e-07 9.266715117282901e-07 9.75698093147964e-07 9.701156061494483e-07 1.0238635460370888e-06 9.20560075752963e-07 1.0426963552107784e-06 1.0629315511835584e-06 9.410932453562833e-07
260 6760 3.6794184606186702e-06 0 0 1.0118214378000774e-06 9.474794906307386e-07 9.801675743843874e-07 9.149035334411547e-07 9.146369790464771e-07 1.0233764282698044e-06 9.756461514119336e-07 9.47521893675705e-07 9.43384391414462e-07 9.53887882320807e-07 1.2886187405833283e-06 9.546096030270398e-07 9.274758267269937e-07 9.742743744080426e-07 9.652520766309448e-07 1.0185106164083311e-06 9.203422697477655e-07 1.032346187703021e-06 1.066906888920876e-06 9.489622759935244e-07
261 6786 3.515491304421736e-06 0 0 9.597312305568332e-07 9.011615647265681e-07 9.080769784750112e-07 8.734930945219739e-07 8.830338108429571e-07 9.671686638617639e-07 9.243038080486332e-07 8.878347685032996e-07 8.883385612625042e-07 9.031028326947366e-07 1.210069060923503e-06 9.0465378638115e-07 8.786560920509261e-07 9.414328186749582e-07 9.230325052924956e-07 9.72665098404528e-07 8.820297509227209e-07 9.85651251964028e-07 1.016542444242595e-06 8.994891932054472e-07
262 6812 3.4379923619633218e-06 0 0 9.301815721758404e-07 8.734645534169811e-07 8.832398696834037e-07 8.52305165443982e-07 8.70804548294994e-07 9.304379042537125e-07 8.927746228852134e-07 8.516168977855543e-07 8.60022775204921e-07 8.761537170696728e-07 1.191510718559627e-06 8.801169457202118e-07 8.485042182765678e-07 9.138243594862332e-07 8.930371829098905e-07 9.387592816266055e-07 8.697896122857756e-07 9.629375497590507e-07 9.921671272365976e-07 8.709739787509935e-07
263 6838 3.283451426198592e-06 0 0 8.914956554337724e-07 8.199387613754564e-07 8.488077881269033e-07 8.119752032144683e-07 8.355421974999596e-07 8.854316350397242e-07 8.378727027338783e-07 8.004964671530963e-07 8.097022574321904e-07 8.293588098142684e-07 1.1208049640674341e-06 8.364050312774015e-07 7.93547064820973e-07 8.655445172495911e-07 8.607328921134952e-07 8.979119541386772e-07 8.337522202872242e-07 9.198889047927487e-07 9.48011282170993e-07 8.293965479308995e-07
264 6864 2.9670785849146124e-06 0 0 8.049224401784532e-07 7.432832516776281e-07 7.545393863071792e-07 7.21545494674801e-07 7.527202163349634e-07 8.01209989980112e-07 7.364749535280644e-07 7.199766519208149e-07 7.242215483265923e-07 7.531552812165011e-07 1.0088175169212985e-06 7.556843366882699e-07 7.027973691530409e-07 7.851300174162601e-07 7.72895761609974e-07 8.058395879174746e-07 7.494083482404472e-07 8.327547372528887e-07 8.473180198518707e-07 7.483926339625556e-07
265 6890 2.6181356444113417e-06 0 0 7.054179455443105e-07 6.543646557223994e-07 6.651927251465991e-07 6.286081093715075e-07 6.641898313959242e-07 6.92925009626545e-07 6.498257051433193e-07 6.355599083659999e-07 6.337888021406614e-07 6.632529333316647e-07 8.793106858403234e-07 6.719950452637006e-07 6.111601552003252e-07 6.905962612206925e-07 6.797247320668462e-07 7.101398681311768e-07 6.607725395595321e-07 7.300467550003315e-07 7.460425188348266e-07 6.538276422025969e-07
266 6916 2.549846802990847e-06 0 0 6.860730910637494e-07 6.326619824981598e-07 6.493699042708853e-07 6.074478367175466e-07 6.47662832853791e-07 6.70222233730988e-07 6.288121140296832e-07 6.084151548881604e-07 6.114163188834753e-07 6.435267072446951e-07 8.497514386647273e-07 6.455057390068979e-07 5.92357405815326e-07 6.697894202295421e-07 6.575469658700288e-07 6.835071271811677e-07 6.361747529741646e-07 7.138252951566626e-07 7.315093297308468e-07 6.433227350369688e-07
267 6942 2.4512553978461216e-06 0 0 6.606612120131573e-07 5.883836913936729e-07 6.205107024046655e-07 5.841229239585497e-07 6.163619093277927e-07 6.404456927939324e-07 6.044582007983534e-07 5.819093054777148e-07 5.84117389089608e-07 6.169350255879823e-07 8.155017069339848e-07 6.178146535874176e-07 5.625665048590721e-07 6.394160262440939e-07 6.241555203166889e-07 6.562230418891384e-07 6.122821170433087e-07 6.782214687367823e-07 6.96384529701e-07 6.13395681565727e-07
268 6968 2.2689108266119564e-06 0 0 6.150229419468814e-07 5.392530587465061e-07 5.778563833173823e-07 5.396837958822403e-07 5.67356261384409e-07 5.775189697343393e-07 5.558925982725748e-07 5.33777103320232e-07 5.44278929294166e-07 5.621574136536816e-07 7.511629825491488e-07 5.716749933009549e-07 5.174410043837572e-07 5.907983257892616e-07 5.821923370310952e-07 6.063680787839093e-07 5.676358468409831e-07 6.306114440555943e-07 6.378346006952932e-07 5.602937279321832e-07
269 6994 2.080836057153778e-06 0 0 5.621575541368638e-07 4.832771460762988e-07 5.263680266224564e-07 4.919249663447055e-07 5.173208955271566e-07 5.246438123296437e-07 5.071448297143993e-07 4.863967855665323e-07 4.988208127792148e-07 5.153982724070767e-07 6.889785863923238e-07 5.202780387082243e-07 4.746367093426152e-07 5.371486627136967e-07 5.250822995606363e-07 5.507622326162552e-07 5.172832048315491e-07 5.73187697031541e-07 5.848962533437317e-07 5.128215580599675e-07
270 7020 1.905196333295375e-06 0 0 5.123702484020734e-07 4.3860562672930256e-07 4.789744929532645e-07 4.4433275883005487e-07 4.703666611315174e-07 4.7579790703537076e-07 4.625644714235418e-07 4.420546431941641e-07 4.5535812154830797e-07 4.722997753970253e-07 6.326653336787117e-07 4.769712925754836e-07 4.2930235350434144e-07 4.884660609937221e-07 4.7603781004800746e-07 4.946704371297385e-07 4.7228901801433025e-07 5.197064434502308e-07 5.295357981517277e-07 4.6708861670648725e-07
271 7046 1.793782148138293e-06 0 0 4.770198076408382e-07 4.0930010944324495e-07 4.538178990383615e-07 4.1629858145826635e-07 4.3685520455365597e-07 4.4605677362686506e-07 4.353218323146694e-07 4.1665695228071776e-07 4.235394102712274e-07 4.4607826877651555e-07 5.913781253406356e-07 4.4680075857778616e-07 4.0080942431791765e-07 4.5687109910363756e-07 4.459503721592726e-07 4.602877867782247e-07 4.4431307938214467e-07 4.827096148434086e-07 5.011774838439055e-07 4.3819692181019717e-07
272 7072 1.69981237614243e-06 0 0 4.512516642417207e-07 3.866266952998283e-07 4.330119742689594e-07 3.916027938523199e-07 4.1378178126102325e-07 4.1967632629954915e-07 4.1664592419111133e-07 3.9066515988855694e-07 3.935775939170491e-07 4.2055277793879494e-07 5.567076501210039e-07 4.2527193948181403e-07 3.7726263765904353e-07 4.283070495280275e-07 4.171111197471679e-07 4.3384151201687634e-07 4.127819678612244e-07 4.609518942605366e-07 4.771631778263832e-07 4.0610261432934104e-07
273 7098 1.5778507461607821e-06 0 0 4.205950413526094e-07 3.554443762815048e-07 3.9860357078581546e-07 3.6133577250641045e-07 3.831834610499235e-07 3.8843922516787134e-07 3.840776378625959e-07 3.6449364018137657e-07 3.6417630215606037e-07 3.917619305363496e-07 5.145111690167744e-07 3.9191188423091576e-07 3.480624337661347e-07 3.929921586785724e-07 3.8417324243119847e-07 4.033547413374528e-07 3.80625872072839e-07 4.2494603521071016e-07 4.3381610271773194e-07 3.711982736918908e-07
274 7124 1.4753679809260613e-06 0 0 3.946227510406647e-07 3.303361674409381e-07 3.6909740121614913e-07 3.359151738436658e-07 3.5802804357759196e-07 3.6050808890612894e-07 3.5834364827690213e-07 3.4121842059462636e-07 3.40683566083106e-07 3.642914888195568e-07 4.760689926472379e-07 3.6674773271671534e-07 3.219228085186885e-07 3.636707200154917e-07 3.5557013861521027e-07 3.752441745041325e-07 3.4978503195492285e-07 3.980824152440953e-07 3.979883994449975e-07 3.447379613783433e-07
275 7150 1.3254011213514363e-06 0 0 3.517398539162867e-07 2.94562898197016e-07 3.3016080441651897e-07 3.0257720616374913e-07 3.157891020955163e-07 3.2131496805388726e-07 3.212703693325305e-07 3.0291266637171717e-07 3.0376970609015937e-07 3.2287800165753875e-07 4.2467484090593243e-07 3.306094919692506e-07 2.891844924510963e-07 3.235439169924463e-07 3.185975824698144e-07 3.334247523773248e-07 3.1146867520899096e-07 3.526062935669617e-07 3.603895046411002e-07 3.076567657698763e-07
276 7176 1.2111102817435485e-06 0 0 3.2172447607797424e-07 2.697806210859792e-07 2.985545623624974e-07 2.756193054014063e-07 2.8745627079173554e-07 2.899309642388789e-07 2.911899662489752e-07 2.763216447007976e-07 2.7664229099411886e-07 2.927756765158146e-07 3.878386260457467e-07 3.0156681046725047e-07 2.595086384820798e-07 2.930158309106192e-07 2.8819639474225386e-07 3.043642576609973e-07 2.840035411275425e-07 3.219151599729464e-07 3.263994687142293e-07 2.7858585804231556e-07
277 7202 1.1231980277365416e-06 0 0 2.9623699191843094e-07 2.479213935067553e-07 2.7698244829694844e-07 2.547193715761526e-07 2.6053070863554115e-07 2.6847827275212837e-07 2.6795707075488856e-07 2.5528689109067917e-07 2.5727762477985185e-07 2.698813615278367e-07 3.6160367950325733e-07 2.754580418961841e-07 2.4013804265667386e-07 2.706245251294154e-07 2.6888192922413007e-07 2.8406166325308515e-07 2.6342385714000324e-07 2.9805904163768904e-07 2.9952952969472157e-07 2.577074725465874e-07
278 7228 1.042162823974894e-06 0 0 2.717826000465961e-07 2.2945047137720383e-07 2.5649067619606976e-07 2.3597001002494935e-07 2.399022728690525e-07 2.506182583186103e-07 2.475646278980491e-07 2.347626697487615e-07 2.386477282959523e-07 2.483337604321684e-07 3.330493121336729e-07 2.5452333347018126e-07 2.2148288728202532e-07 2.512753705996944e-07 2.484835072502819e-07 2.613638702309546e-07 2.425618841389093e-07 2.75501038691384e-07 2.783293548255739e-07 2.3573743335681623e-07
279 7254 1.0002706148157504e-06 0 0 2.633103210559501e-07 2.1847940394276883e-07 2.459557500378778e-07 2.3149988596582885e-07 2.3142519673399936e-07 2.3846200692447527e-07 2.3533209217978652e-07 2.240771661051e-07 2.250685142394815e-07 2.385500595255152e-07 3.171610418289193e-07 2.438880529785691e-07 2.1201991033542548e-07 2.402061489432629e-07 2.3648684912341545e-07 2.5193875704132045e-07 2.3127183540382917e-07 2.604641709557923e-07 2.624540533128653e-07 2.248610111416336e-07
280 7280 9.710962020465204e-07 0 0 2.5146572359412157e-07 2.1447191704661334e-07 2.3601271437911776e-07 2.2673262663328918e-07 2.2313196855047036e-07 2.2843776208407017e-07 2.27929035052404e-07 2.1758545393686807e-07 2.1609887079393906e-07 2.2924039426814692e-07 3.0723512030582995e-07 2.3724880637540478e-07 2.0550479238217147e-07 2.324317806192718e-07 2.3033711424237228e-07 2.448788237937327e-07 2.2386534227190843e-07 2.518070854159062e-07 2.537880555354512e-07 2.1718865765672047e-07
281 7306 9.330877309160197e-07 0 0 2.3476061334102414e-07 2.0614489562455388e-07 2.2630973847658475e-07 2.1644551496267781e-07 2.1110812873120162e-07 2.187909970470002e-07 2.180776760147314e-07 2.0912515828850665e-07 2.0534934334048405e-07 2.1591028582124662e-07 2.892067975991261e-07 2.271005072070055e-07 1.971938271472212e-07 2.2238813622073328e-07 2.2106085358102897e-07 2.352496843829858e-07 2.152002066773867e-07 2.3881444724751805e-07 2.467632155142875e-07 2.0584378339985197e-07
282 7332 8.446538953614737e-07 0 0 2.128670399016748e-07 1.8502659401434889e-07 2.0447583509509368e-07 1.94795502676319e-07 1.909458963895883e-07 1.963430003474097e-07 1.945408747545045e-07 1.8998883597836663e-07 1.8401418446398337e-07 1.93479520775936e-07 2.6155079086162787e-07 2.0423771840532526e-07 1.7807713627496908e-07 2.0035269576681715e-07 1.9300485848920545e-07 2.1110509314692795e-07 1.9445147937889013e-07 2.1443253472878305e-07 2.2051491940936312e-07 1.8785526681613453e-07
283 7358 7.415625887073398e-07 0 0 1.8515068767244325e-07 1.614267383683578e-07 1.778831489488622e-07 1.714665706450984e-07 1.6732766918167456e-07 1.6929940055841286e-07 1.700446941455542e-07 1.6642008804524567e-07 1.5914413069255545e-07 1.6790983734408497e-07 2.2777412177400148e-07 1.772416335381316e-07 1.5531652710158547e-07 1.7500217033978041e-07 1.6720438070460655e-07 1.832646309568868e-07 1.6960759354830033e-07 1.8685006861732798e-07 1.9270340177586452e-07 1.6462892660720982e-07
284 7384 6.942303186688746e-07 0 0 1.7370649427225264e-07 1.5178379451388883e-07 1.659627686367397e-07 1.5779736431940487e-07 1.566044797966371e-07 1.5616378854736602e-07 1.5734482411116204e-07 1.554608411321703e-07 1.486548176293661e-07 1.5533303051419305e-07 2.102690738281729e-07 1.6284969777261599e-07 1.4340445208428711e-07 1.6196421145802674e-07 1.567813640571867e-07 1.7135859458765238e-07 1.5912375650578251e-07 1.7560440696718426e-07 1.7571735198637105e-07 1.536192401741782e-07
285 7410 6.43904124811066e-07 0 0 1.5865951319338697e-07 1.3961658595390662e-07 1.5406663678724682e-07 1.4605418360402117e-07 1.4596399725458408e-07 1.4302146635115746e-07 1.4451373831832644e-07 1.4225022889540356e-07 1.3719987584421003e-07 1.4205509870692641e-07 1.9301763450045315e-07 1.5071434913277694e-07 1.318912239275693e-07 1.488035497794343e-07 1.4449981498458487e-07 1.5850225902328672e-07 1.474421671025082e-07 1.6377752356246407e-07 1.6139835621345674e-07 1.4069984894233963e-07
286 7436 5.850904810612125e-07 0 0 1.4319062478934764e-07 1.2575330316715244e-07 1.401043475912439e-07 1.2971385777084557e-07 1.3201017956087953e-07 1.294169462897922e-07 1.3067345240086374e-07 1.2858260939377047e-07 1.2340567609741247e-07 1.2916987776617276e-07 1.7562547774363923e-07 1.3536598100904044e-07 1.2084044576530694e-07 1.3368622839162484e-07 1.3078211336388202e-07 1.436166188553167e-07 1.3138982284236736e-07 1.486761993739924e-07 1.4650721091302965e-07 1.2631803013785396e-07
287 7462 5.434822882346705e-07 0 0 1.3130562218715932e-07 1.1660121937055567e-07 1.2982919695692278e-07 1.2018328070452394e-07 1.2195315321872586e-07 1.1931854703341167e-07 1.2132734185856414e-07 1.1827341669487938e-07 1.1311951713827615e-07 1.1915224017099775e-07 1.6277059391105768e-07 1.2343491314088751e-07 1.1058266240794562e-07 1.2399263849617282e-07 1.2066167330501728e-07 1.3079514796034486e-07 1.2228798588868745e-07 1.385413509682546e-07 1.357476619734665e-07 1.1653854695342504e-07
288 7488 5.286290985239331e-07 0 0 1.2751546237692968e-07 1.1263335248813702e-07 1.2458340897497854e-07 1.1719053121090637e-07 1.183098836731593e-07 1.154331104106871e-07 1.1701670686575778e-07 1.1821194842245732e-07 1.0909352347602006e-07 1.1532989211776071e-07 1.5540209896225718e-07 1.1887623175745474e-07 1.0696281654205532e-07 1.195171956565048e-07 1.1710932762516245e-07 1.2668089907446404e-07 1.171793695781939e-07 1.350058722668628e-07 1.323536889195045e-07 1.1394077126281995e-07
289 7514 5.063758873646217e-07 0 0 1.226609848807255e-07 1.0759973043844095e-07 1.1801891138990413e-07 1.115598815446993e-07 1.1225213550640033e-07 1.1002996957203356e-07 1.1209618211720359e-07 1.1348663926272423e-07 1.0380295119405944e-07 1.0991752394568e-07 1.4707913484461734e-07 1.1280725195489866e-07 1.009095899743209e-07 1.1370772399891224e-07 1.113415340738106e-07 1.2256191755601956e-07 1.130660186261608e-07 1.296742694039445e-07 1.267015143341891e-07 1.0875016606037603e-07
290 7540 4.805955216262276e-07 0 0 1.1614188782651992e-07 1.0033445990651171e-07 1.112300125046738e-07 1.0553082813484666e-07 1.0657743690911111e-07 1.0436277546503419e-07 1.0630231656974266e-07 1.0880692141847673e-07 9.682002306431908e-08 1.035408879626487e-07 1.371054472433123e-07 1.0598985905055024e-07 9.529219542115382e-08 1.0711356810087608e-07 1.0374641659726799e-07 1.1650230074865523e-07 1.0735280302833783e-07 1.2255468007264774e-07 1.186447514318152e-07 1.0336594298495632e-07
291 7566 4.4923137344315336e-07 0 0 1.0793212169296305e-07 9.323450878069615e-08 1.03614349058842e-07 9.769761065749549e-08 9.780387656409546e-08 9.58807584245709e-08 9.951003682719338e-08 1.016869894729969e-07 9.054096898288908e-08 9.59471681264096e-08 1.2638915033023803e-07 9.716382857781047e-08 8.95780553354383e-08 9.930313653802832e-08 9.594382365061495e-08 1.0870503995294685e-07 1.0005056004443058e-07 1.1391264333194786e-07 1.1074407254900377e-07 9.66703780053321e-08
292 7592 4.360762816231523e-07 0 0 1.0495209899825453e-07 9.009822724327044e-08 9.88488898017017e-08 9.367010716665808e-08 9.324536793574707e-08 9.25271966170596e-08 9.636509351111279e-08 9.839613541035002e-08 8.737966699047436e-08 9.265516923136003e-08 1.23510223517195e-07 9.320251091468694e-08 8.686718327288706e-08 9.712007304067436e-08 9.299455068045979e-08 1.0485925829357341e-07 9.655355372928118e-08 1.0990116154142911e-07 1.0638711341057935e-07 9.24816280392007e-08
293 7618 4.2436715979916494e-07 0 0 1.0077576820660021e-07 8.589751829221887e-08 9.594183492716788e-08 8.986853768171087e-08 9.05880774182086e-08 9.024034240764128e-08 9.158344639832223e-08 9.577724956443772e-08 8.460179315561913e-08 8.944761871284896e-08 1.1982055211605353e-07 9.035344944006222e-08 8.48278592377767e-08 9.435855955121867e-08 8.893435087407925e-08 1.0211350583572679e-07 9.373381165990345e-08 1.0634144798426612e-07 1.037850483562595e-07 9.062985458844426e-08
294 7644 3.905672997575378e-07 0 0 9.195294422488568e-08 7.876871310660685e-08 8.74988165602729e-08 8.152094788890298e-08 8.29843783243573e-08 8.345545847345035e-08 8.295350756822209e-08 8.69899457183376e-08 7.737547952333422e-08 8.234683563484145e-08 1.1113008386045965e-07 8.307766598961787e-08 7.814214908735096e-08 8.769092748246399e-08 7.999990227149769e-08 9.298667509700517e-08 8.633777727765662e-08 9.72176513810471e-08 9.469381011510484e-08 8.276278351218116e-08
295 7670 3.521728863104904e-07 0 0 8.281024054828609e-08 7.11963126922491e-08 7.790949255580658e-08 7.301358277664759e-08 7.439783326973324e-08 7.526511659804686e-08 7.464336878003097e-08 7.727933198844451e-08 6.878384891033961e-08 7.328041757057661e-08 9.951529814968063e-08 7.43889014334172e-08 6.913126744255706e-08 7.897284669705716e-08 7.169286538294695e-08 8.324662817799526e-08 7.783537003498967e-08 8.859945637112907e-08 8.564181591416023e-08 7.465378312492628e-08
296 7696 3.3477315962138406e-07 0 0 7.78481146352028e-08 6.757861616627877e-08 7.387062940267142e-08 6.862670112706865e-08 7.011383422933749e-08 7.189144218795451e-08 7.052121509258713e-08 7.291130482237926e-08 6.540626900842714e-08 6.915120549365096e-08 9.459565974982405e-08 6.936796451523935e-08 6.546175882160236e-08 7.465717114063921e-08 6.915305623746213e-08 7.92515135235848e-08 7.446421327233458e-08 8.378567065183463e-08 8.058021204528969e-08 7.10080249532839e-08
297 7722 3.312910747533315e-07 0 0 7.65964181898884e-08 6.661208240166416e-08 7.291248952490426e-08 6.806413510569658e-08 7.004769729573755e-08 7.118243906314669e-08 6.993515663776914e-08 7.117528958555655e-08 6.45022523472736e-08 6.795149216089319e-08 9.239787451157304e-08 6.747923910912773e-08 6.506021336618287e-08 7.341515176173484e-08 6.880927217820465e-08 7.865402629783926e-08 7.360581486641325e-08 8.223790064641169e-08 7.997534233639717e-08 6.996862163130355e-08
298 7748 3.009457797122711e-07 0 0 6.920478063504651e-08 6.038706179227589e-08 6.595755281263354e-08 6.089861120740647e-08 6.440764669857134e-08 6.487737666157416e-08 6.249652504088231e-08 6.422145002021317e-08 5.85263563275932e-08 6.156137189130085e-08 8.365062818054579e-08 6.016444716921897e-08 5.907761243686778e-08 6.679067127225118e-08 6.222609189868723e-08 7.121486691087848e-08 6.519295881251486e-08 7.483063949148403e-08 7.237881265799573e-08 6.29925940102591e-08
299 7774 2.8139417695461636e-07 0 0 6.454157439536756e-08 5.671725308190618e-08 6.160301790440592e-08 5.6516064759016406e-08 6.006248729588762e-08 6.014050484921981e-08 5.756099810214165e-08 5.991697822221104e-08 5.349970602241865e-08 5.696969940570655e-08 7.761405928402046e-08 5.616576701143931e-08 5.4960126781087665e-08 6.19136257500403e-08 5.6991113787841044e-08 6.598567334833604e-08 6.080664612028167e-08 6.96037021275859e-08 6.754148320537835e-08 5.7487213419377145e-08
300 7800 2.5676810209520305e-07 0 0 5.8430189716816976e-08 5.152021059964032e-08 5.637891521960286e-08 5.104138971297293e-08 5.439685061167123e-08 5.3825070484838386e-08 5.2451627389487907e-08 5.440407154658515e-08 4.837812453001655e-08 5.167391820717285e-08 6.969096686770253e-08 5.132167936924274e-08 4.948072489829882e-08 5.640131105162772e-08 5.170160652983339e-08 6.000839839116203e-08 5.484853640546321e-08 6.345660201766373e-08 6.073533825812903e-08 5.2186326902024225e-08
301 7826 2.327495280901749e-07 0 0 5.296575293413742e-08 4.6225127190243073e-08 5.191037689572487e-08 4.644943426985256e-08 4.937062758339992e-08 4.828767212840681e-08 4.733151326404802e-08 4.8953934246085764e-08 4.328023267045137e-08 4.683138092136523e-08 6.247456595665752e-08 4.5857673426084186e-08 4.455065543459387e-08 5.053353946793526e-08 4.649051819895334e-08 5.393346427500768e-08 4.926902716011793e-08 5.652878155215229e-08 5.4840356016745426e-08 4.7002709471775114e-08
302 7852 2.281396072458961e-07 0 0 5.1855845975217757e-08 4.491062908092504e-08 5.057751347927256e-08 4.508730653804321e-08 4.8355128188997965e-08 4.6549058207210365e-08 4.651001878708364e-08 4.776324169716924e-08 4.185430276050153e-08 4.583931700307883e-08 6.05653821206383e-08 4.5369719780268925e-08 4.3807293326585524e-08 4.958640213539524e-08 4.5091030066448166e-08 5.1872964240158926e-08 4.814626741181109e-08 5.5613154483263365e-08 5.380992818710086e-08 4.536141885052828e-08
303 7878 2.164158310914175e-07 0 0 4.87119612967916e-08 4.2283954154793466e-08 4.710937045748438e-08 4.241041733831499e-08 4.545355858325414e-08 4.3848718555780404e-08 4.4018018819918625e-08 4.4905995281701824e-08 3.951743804415244e-08 4.3725504815408586e-08 5.733995345894976e-08 4.215496289946754e-08 4.172450107454731e-08 4.688535574028526e-08 4.307063687274577e-08 4.902117752662128e-08 4.556130369901879e-08 5.228337804583135e-08 5.12804049468255e-08 4.2542764700536624e-08
304 7904 1.999335315422145e-07 0 0 4.448399978407885e-08 3.893559326938894e-08 4.3070354966819184e-08 3.896439856049968e-08 4.165254711795643e-08 3.993369735409648e-08 4.061541966777656e-08 4.121233193920722e-08 3.667921685879437e-08 4.0261089205307966e-08 5.282517083551911e-08 3.88188805060621e-08 3.862264697663951e-08 4.2711183020718743e-08 3.979760761025066e-08 4.4876067848287935e-08 4.2076757908964885e-08 4.8513873366196685e-08 4.696163038550986e-08 3.881979791938965e-08
305 7930 1.9663840819388723e-07 0 0 4.358811423555704e-08 3.7856133790506274e-08 4.213545296682782e-08 3.7832432141578126e-08 4.08432440612483e-08 3.912349617698892e-08 3.962363494040031e-08 3.9704899012517004e-08 3.58531584387215e-08 3.9423952088907166e-08 5.194853381813344e-08 3.812930259673021e-08 3.77666007888649e-08 4.1953195468369176e-08 3.941964826570325e-08 4.3760555867766935e-08 4.0998287022609595e-08 4.7543047371580016e-08 4.5646660901701105e-08 3.786497290853783e-08
306 7956 1.8099451466734613e-07 0 0 4.0093881411512223e-08 3.463201313234162e-08 3.843378827325153e-08 3.448835354507698e-08 3.7802487763372406e-08 3.61632160550643e-08 3.630288407484125e-08 3.623268702046893e-08 3.295029802976244e-08 3.611474343407862e-08 4.70972726313229e-08 3.523185211539014e-08 3.4506401867050947e-08 3.832154519966068e-08 3.603820426028041e-08 3.972136868746636e-08 3.767640773657764e-08 4.389147284682275e-08 4.1101889837195964e-08 3.475962820304061e-08
307 7982 1.7625598021364825e-07 0 0 3.910885409343294e-08 3.347902943240919e-08 3.733112858150865e-08 3.341119465177155e-08 3.614834951785635e-08 3.514113687588125e-08 3.502823027359922e-08 3.583104479356822e-08 3.197088079914336e-08 3.496724177699178e-08 4.5673169298984246e-08 3.456497242872847e-08 3.363140233630146e-08 3.7042060642894686e-08 3.454708921872257e-08 3.875654372910871e-08 3.6414988599164506e-08 4.321832696030718e-08 4.018712937808528e-08 3.33313810087665e-08
308 8008 1.635867898139124e-07 0 0 3.607942484139867e-08 3.09396709615287e-08 3.445834887869811e-08 3.07718083291149e-08 3.315488161982427e-08 3.2326488838074394e-08 3.234460061576307e-08 3.3115593413786013e-08 2.9499831373343895e-08 3.23344780193518e-08 4.206076422575294e-08 3.2277506437303835e-08 3.1164946165919227e-08 3.4282624830253154e-08 3.183886382262243e-08 3.5272371182752906e-08 3.36402562911032e-08 4.003749968772772e-08 3.7275739146208675e-08 3.055408299188602e-08
309 8034 1.5409743781877583e-07 0 0 3.377190511275803e-08 2.901123825423194e-08 3.2268569719654585e-08 2.872616055026138e-08 3.080668680327686e-08 3.039636941116809e-08 3.023987811043905e-08 3.117743460360623e-08 2.7762985138396416e-08 3.016217239290372e-08 3.930194423293813e-08 3.018095410987365e-08 2.9005129968968305e-08 3.20089975600643e-08 2.98001677410841e-08 3.339506767590321e-08 3.1488572283278755e-08 3.7743913326745486e-08 3.486982350116233e-08 2.8287326293118748e-08
310 8060 1.4171893698453732e-07 0 0 3.10349355130851e-08 2.6495387774834742e-08 2.9506373741865763e-08 2.592868887388205e-08 2.810120357138631e-08 2.7585339057375773e-08 2.7711836254581735e-08 2.8272090075978242e-08 2.5557627531081604e-08 2.729612818668797e-08 3.589921013001175e-08 2.7652268653892628e-08 2.6511116153065993e-08 2.9196675318841206e-08 2.733390793180919e-08 3.060185140884657e-08 2.8903003380559878e-08 3.4249009425378256e-08 3.2007915347614606e-08 2.5753812224215716e-08
311 8086 1.3265441517017727e-07 0 0 2.842242266690467e-08 2.4787918726027693e-08 2.7395221031333065e-08 2.4121675088755456e-08 2.635099665472685e-08 2.596320972266857e-08 2.5509901440740362e-08 2.638620621976796e-08 2.3873832592388624e-08 2.525595178226526e-08 3.3312137409594125e-08 2.5850346820630845e-08 2.4770584972394188e-08 2.6862709045193278e-08 2.5669755388266846e-08 2.8329512354618545e-08 2.69622392136075e-08 3.2179284126327094e-08 2.9719618064548458e-08 2.4310882678317074e-08
312 8112 1.2621647884461076e-07 0 0 2.6602396245833005e-08 2.3399135389637124e-08 2.5862511343213007e-08 2.2895356602439407e-08 2.4954228015277834e-08 2.4652652207164047e-08 2.4181391706366426e-08 2.5008968170295784e-08 2.2490106863047394e-08 2.4113829319228886e-08 3.18024032672724e-08 2.4531788582880068e-08 2.3357922567269054e-08 2.5433736921126238e-08 2.4175262881133396e-08 2.6777254759412607e-08 2.538641844816431e-08 3.067894749285679e-08 2.8627227234454427e-08 2.2915073500337743e-08
313 8138 1.1482604765892952e-07 0 0 2.406086890848001e-08 2.092656294069695e-08 2.331914157867325e-08 2.0827991709290054e-08 2.2722720328492818e-08 2.233973578660361e-08 2.180043713378561e-08 2.2366835921974483e-08 2.0445874625056634e-08 2.188434694835585e-08 2.9068041447856613e-08 2.2154592030267628e-08 2.103978237091478e-08 2.295303661721862e-08 2.20329514293633e-08 2.4255142915749736e-08 2.3355367951961097e-08 2.783246105876183e-08 2.5535290614749312e-08 2.047485702667838e-08
314 8164 1.0878479196449318e-07 0 0 2.279257899386422e-08 1.9681082414015367e-08 2.193342973209921e-08 1.942082368470115e-08 2.1520325798793476e-08 2.061566914528903e-08 2.0561933831666123e-08 2.1012025298437945e-08 1.9392108329464424e-08 2.0614951223593243e-08 2.7218668113343024e-08 2.09737667988977e-08 1.9949537227399578e-08 2.1653343578966113e-08 2.0812019977878485e-08 2.3062652383789763e-08 2.213395950332712e-08 2.6241648840383833e-08 2.405750396100208e-08 1.940266587894028e-08
315 8190 1.0410557990872716e-07 0 0 2.18573169333247e-08 1.8830727181727866e-08 2.091127168217897e-08 1.8324050538234727e-08 2.04128378151633e-08 1.961491482035618e-08 1.9273996683582902e-08 1.9855237411121997e-08 1.847277807218026e-08 1.9828442714678533e-08 2.6170188935210257e-08 1.9870935848918597e-08 1.8821738279992585e-08 2.0657853677486354e-08 1.9635079675467614e-08 2.1971561750324412e-08 2.104113911671874e-08 2.495273235760145e-08 2.3080243031433902e-08 1.8594579810358442e-08
316 8216 9.598063534732696e-08 0 0 2.0096663985493982e-08 1.731144076453222e-08 1.9102577887512318e-08 1.683163618520575e-08 1.86480905674633e-08 1.786927156101744e-08 1.7665299042609584e-08 1.7948798646644532e-08 1.6944958472465204e-08 1.8208528138922555e-08 2.417824871767847e-08 1.8101198342750514e-08 1.7167069500534794e-08 1.8951406443040046e-08 1.8130878111819357e-08 2.0069832856642817e-08 1.925682731179058e-08 2.274733560913223e-08 2.0775427090786152e-08 1.7242778363113058e-08
317 8242 9.039075480084305e-08 0 0 1.870416838928928e-08 1.6229188627104088e-08 1.780565952389229e-08 1.5782953049681223e-08 1.740801362905006e-08 1.6781255108093605e-08 1.6663976043712126e-08 1.6709959213698772e-08 1.589592217748201e-08 1.7105586095748093e-08 2.300414912805467e-08 1.689688980390537e-08 1.628334041446978e-08 1.785816891177979e-08 1.6961934712630834e-08 1.9047761116031767e-08 1.8011194650100812e-08 2.123027336297112e-08 1.9412389814178548e-08 1.623900857980857e-08
318 8268 8.589233845736764e-08 0 0 1.7618413658494966e-08 1.5495895194800285e-08 1.6936260501306527e-08 1.4934500856680236e-08 1.6341976724655424e-08 1.6001114728323962e-08 1.5584318482895526e-08 1.5722314436951784e-08 1.511932106074381e-08 1.621243029532511e-08 2.1881311673493336e-08 1.592183509237122e-08 1.5388116145194407e-08 1.6807080494293715e-08 1.6077938127082947e-08 1.7915065708722548e-08 1.7173281678901296e-08 1.985166427168575e-08 1.842668633582539e-08 1.5354184120599782e-08
319 8294 7.901756341803212e-08 0 0 1.5983420074047223e-08 1.4265794452650009e-08 1.5437528701005272e-08 1.3656494166536137e-08 1.490835542323818e-08 1.4538517819183255e-08 1.4289395596064043e-08 1.4449117849153061e-08 1.3743955110822923e-08 1.4858857758815048e-08 2.0099334002342527e-08 1.4515426137354331e-08 1.4045229778659708e-08 1.542336387243764e-08 1.4740802045886692e-08 1.6233468186469804e-08 1.549761187679195e-08 1.8083106121831063e-08 1.6855803978274878e-08 1.4131355069031549e-08
320 8320 7.245874092946594e-08 0 0 1.4551935592387216e-08 1.3042681668320438e-08 1.3974182934811873e-08 1.2470652534871762e-08 1.3562874405781417e-08 1.3258977641674935e-08 1.286229570888413e-08 1.3118830503759363e-08 1.2668432137105873e-08 1.348310025488127e-08 1.8423846660439117e-08 1.3209328751872375e-08 1.2800967000630445e-08 1.4041287935609618e-08 1.3476653405418e-08 1.494273212668057e-08 1.4023410555849102e-08 1.6473596373989252e-08 1.5406250119197444e-08 1.2952161011840353e-08
321 8346 6.712081097022363e-08 0 0 1.3337405386406975e-08 1.1944580150454668e-08 1.2918052004755768e-08 1.1424219850181876e-08 1.2603584120696408e-08 1.2199066552267669e-08 1.1803937424395863e-08 1.207167217529671e-08 1.1782349969041419e-08 1.239198468922544e-08 1.711851426905904e-08 1.2049959381741377e-08 1.1995868477900933e-08 1.2796707211433469e-08 1.2405377202450761e-08 1.3916724104851222e-08 1.2929538479530376e-08 1.480818116972079e-08 1.4178005129254299e-08 1.1939291333275387e-08
322 8372 6.416331595466008e-08 0 0 1.2668009970701937e-08 1.1373030307429468e-08 1.2414745732955376e-08 1.099357852525512e-08 1.1992159294261574e-08 1.1707446061998517e-08 1.126181519249774e-08 1.1448939357074279e-08 1.114334035595595e-08 1.1896707747794172e-08 1.6061741089726672e-08 1.1444979413366393e-08 1.1285810334681675e-08 1.2401162567333561e-08 1.1685972925077195e-08 1.3290776003402142e-08 1.219055306134567e-08 1.4038923230386989e-08 1.345367820608554e-08 1.1331082671135737e-08
323 8398 6.139661859184754e-08 0 0 1.2043176561123955e-08 1.083288852035393e-08 1.1850378440091878e-08 1.049154503789422e-08 1.1390638971706724e-08 1.1192859712369764e-08 1.0618495567915211e-08 1.0950814900225922e-08 1.064968919316572e-08 1.1214612972714927e-08 1.5236020080794947e-08 1.1127837746809633e-08 1.0580291038108624e-08 1.1879701098682657e-08 1.0974122375244566e-08 1.2555717980687569e-08 1.170391691179875e-08 1.3381677971291893e-08 1.2885101418145128e-08 1.0898373966042578e-08
324 8424 5.7165874844528373e-08 0 0 1.1084698990933328e-08 1.0034425070778633e-08 1.0951914386941083e-08 9.762222671318066e-09 1.0596338933703502e-08 1.0378821105720724e-08 9.903923406070367e-09 1.0136693004031696e-08 9.771422544265713e-09 1.0414007556984958e-08 1.3949806189799659e-08 1.0284197386219985e-08 9.819142491205618e-09 1.0982112549064522e-08 1.0271401559002036e-08 1.1447405298279706e-08 1.093586537710571e-08 1.2329835834602301e-08 1.1805471799860036e-08 1.0091678616236285e-08
325 8450 5.250113839999383e-08 0 0 1.0053986828316718e-08 9.073180877490188e-09 1.0055474324188328e-08 8.829175010618003e-09 9.683583404607294e-09 9.334733648573169e-09 9.045419109073176e-09 9.311386557678302e-09 9.048098462904522e-09 9.451806159565193e-09 1.2878431612560661e-08 9.386493522603533e-09 8.994932237057702e-09 1.0088750975359671e-08 9.416787012786959e-09 1.0439812417065395e-08 1.0046310023861402e-08 1.1242682594655654e-08 1.0701265738590457e-08 9.321933176235016e-09
326 8476 5.0987991084777146e-08 0 0 9.663111050347689e-09 8.867686149889522e-09 9.771008652887322e-09 8.536027921027103e-09 9.339689649283547e-09 9.014848451818843e-09 8.72098404479007e-09 8.998228381599335e-09 8.717745951418077e-09 9.161098554883278e-09 1.259498055050037e-08 9.056849047419701e-09 8.641902487910983e-09 9.662998255053899e-09 9.017761621799551e-09 1.0045935128303563e-08 9.613654841900586e-09 1.0925351428483031e-08 1.033222016920855e-08 8.980732786378438e-09
327 8502 4.9528689930443984e-08 0 0 9.259620085524382e-09 8.562716363086515e-09 9.509598775190099e-09 8.144801789810388e-09 9.065629926040529e-09 8.680350275497385e-09 8.463801628707993e-09 8.737951777299942e-09 8.283586776440062e-09 8.774357483709612e-09 1.2147095010468854e-08 8.850837769627543e-09 8.388504391402643e-09 9.283216968138008e-09 8.754184849518103e-09 9.755328892749315e-09 9.256429687244923e-09 1.0628355617398864e-08 9.95119248780197e-09 8.519253592377453e-09
328 8528 4.514276626886581e-08 0 0 8.438252038736706e-09 7.77308829146211e-09 8.589378447149507e-09 7.380755194308936e-09 8.183836915739594e-09 7.892460021096512e-09 7.779181111656867e-09 7.943561958787103e-09 7.586505738768145e-09 7.957368336639692e-09 1.0898378076435261e-08 8.024217254437475e-09 7.44841665646168e-09 8.442485370699957e-09 7.868406007947818e-09 8.831683409236233e-09 8.347486311972964e-09 9.606017618192245e-09 9.045846569508325e-09 7.685640248046266e-09
329 8554 4.282538190076931e-08 0 0 7.904878196031266e-09 7.2929988935937335e-09 8.12779790125634e-09 6.947426097888967e-09 7.651265986711491e-09 7.445882091663708e-09 7.309688380010349e-09 7.519796219217727e-09 7.249735188260482e-09 7.513538081139842e-09 1.0312404522865512e-08 7.445700120230948e-09 7.044589064527521e-09 7.944748381096106e-09 7.467470687178786e-09 8.330082906177784e-09 7.764134310680881e-09 9.202420336276827e-09 8.499807407572613e-09 7.300703360865019e-09
330 8580 3.984202789130773e-08 0 0 7.348289196774862e-09 6.721116200407741e-09 7.556647820487836e-09 6.4662359811508565e-09 7.027135246770931e-09 6.974734298944443e-09 6.752469484681328e-09 6.916076727587755e-09 6.791038116808277e-09 6.933601843936084e-09 9.297379863996088e-09 6.937145161945268e-09 6.522356051683882e-09 7.30094081035417e-09 6.921214004488086e-09 7.696408108527252e-09 7.17524272026202e-09 8.559488523428934e-09 7.921830435447848e-09 6.7892440981480275e-09
331 8606 3.606300596008913e-08 0 0 6.677163833920748e-09 6.037336776102338e-09 6.77854823896767e-09 5.8287323495491505e-09 6.340555129735047e-09 6.3241464561202296e-09 6.005138882101254e-09 6.238949155916072e-09 6.112512639481733e-09 6.240740408419449e-09 8.333497468888006e-09 6.309968116053929e-09 5.804881724584409e-09 6.486434732584287e-09 6.2641704971750074e-09 6.968919228754207e-09 6.497434357373144e-09 7.613749172249355e-09 7.1319503286340626e-09 6.099878260804235e-09
332 8632 3.34540536667863e-08 0 0 6.17272263013447e-09 5.607642915950323e-09 6.193053705657309e-09 5.348544883460995e-09 5.882543918778502e-09 5.96981201222597e-09 5.501378611634812e-09 5.74054250614579e-09 5.649914995819271e-09 5.794102102398674e-09 7.770607665802654e-09 5.787119154046663e-09 5.320606762744553e-09 5.976102071479759e-09 5.729606894826381e-09 6.396627516815761e-09 5.94429110111161e-09 7.022567635691168e-09 6.6104198155909185e-09 5.593147683815191e-09
333 8658 3.164974007461924e-08 0 0 5.811546733064366e-09 5.249395452735707e-09 5.876028272150424e-09 5.022971568952717e-09 5.519994289112581e-09 5.639395116115432e-09 5.203793902667476e-09 5.365573742098231e-09 5.320376783567737e-09 5.449270045775341e-09 7.320699559185292e-09 5.352198645296748e-09 4.972582205098606e-09 5.5585912434215235e-09 5.39912783521044e-09 6.017298606678535e-09 5.639207649236693e-09 6.6433436502168635e-09 6.273464286231602e-09 5.3665699024743185e-09
334 8684 2.9215489367787295e-08 0 0 5.3528812020580355e-09 4.826036804463403e-09 5.367292137090867e-09 4.595911924023972e-09 5.038925580952926e-09 5.196833222232016e-09 4.729154832563048e-09 4.9164279870390186e-09 4.913100608966768e-09 5.05892784006017e-09 6.684325482142221e-09 4.922358248818586e-09 4.552146848117508e-09 5.172936096265081e-09 4.907388894732632e-09 5.526938232872927e-09 5.150944329730727e-09 6.107775540868961e-09 5.8031683711168985e-09 4.944339669262959e-09
335 8710 2.7573558662756457e-08 0 0 4.9948133919886824e-09 4.48903772199255e-09 5.006156878879113e-09 4.346835438490562e-09 4.750851612459348e-09 4.870916355792003e-09 4.4460731077560895e-09 4.559782635647478e-09 4.62118213630053e-09 4.765693989596443e-09 6.196511638205229e-09 4.609159027027846e-09 4.251030174868328e-09 4.839873592654411e-09 4.610312532235302e-09 5.2174772738347325e-09 4.875661970361502e-09 5.826119024493642e-09 5.3999671038408434e-09 4.675465657338956e-09
336 8736 2.5545949874308582e-08 0 0 4.603279047006119e-09 4.19091796773889e-09 4.5697627373622546e-09 4.039217487725416e-09 4.3076421610821635e-09 4.4935188604296714e-09 4.039888211742261e-09 4.2370921917637e-09 4.2618795423095455e-09 4.408062207003426e-09 5.732364361187149e-09 4.23739878457238e-09 3.90964099984938e-09 4.421919829775938e-09 4.255259101479805e-09 4.7699641912099355e-09 4.471093575301843e-09 5.35080405532527e-09 4.98645877924242e-09 4.317022260566521e-09
337 8762 2.3917435049532956e-08 0 0 4.319163121013715e-09 3.908249679635688e-09 4.258199587218108e-09 3.776557590863974e-09 3.998192386418331e-09 4.1926659882788236e-09 3.801397342725673e-09 3.961097661609098e-09 3.974834345839267e-09 4.08340094092106e-09 5.241047569204048e-09 3.95769297791444e-09 3.6403858474094817e-09 4.089112921092262e-09 4.002674195532563e-09 4.432392227038739e-09 4.171568959254234e-09 4.9935188447180105e-09 4.631468895098501e-09 3.997276693183069e-09
338 8788 2.2803001444806385e-08 0 0 4.095161286290839e-09 3.729344562932721e-09 4.019501548080367e-09 3.618793811814879e-09 3.805194495199448e-09 3.947862983103659e-09 3.6162234014990357e-09 3.743166136341026e-09 3.833492301033002e-09 3.866728861394855e-09 4.996115894868468e-09 3.747095254405442e-09 3.4144598494942694e-09 3.910376177626955e-09 3.783917923556526e-09 4.159455005264951e-09 3.96622731645922e-09 4.729232344701997e-09 4.371918162854646e-09 3.808658695038068e-09
339 8814 2.2276851478753e-08 0 0 3.9861327114198365e-09 3.6106492144536167e-09 3.886045893756637e-09 3.5595561187668447e-09 3.703143845772498e-09 3.816952815176613e-09 3.5113667750082754e-09 3.651380488911574e-09 3.75815963513739e-09 3.7052509441103004e-09 4.928492537025785e-09 3.6459577401015376e-09 3.3110301238051214e-09 3.784237056229064e-09 3.7226888308515453e-09 3.953287572614552e-09 3.836528327901045e-09 4.584931008843524e-09 4.270130626428181e-09 3.6574392579121963e-09
340 8840 2.0697597783138048e-08 0 0 3.6970295132703327e-09 3.345359377332419e-09 3.5948691184938127e-09 3.2600107663137785e-09 3.421451199261026e-09 3.5629670640807838e-09 3.2779685250226345e-09 3.3672673292833133e-09 3.4833094433769963e-09 3.4265120959445417e-09 4.603179206386913e-09 3.3990263586693178e-09 3.04069149688776e-09 3.4982588487099253e-09 3.4564420899884916e-09 3.6358422152624654e-09 3.5282039592192074e-09 4.25050297085546e-09 3.9469516365771955e-09 3.402515666427807e-09
341 8866 1.947371839445277e-08 0 0 3.4832727714314e-09 3.0660113776775128e-09 3.390117995918338e-09 3.0669006497270606e-09 3.201514182044119e-09 3.352472483551238e-09 3.054990718428493e-09 3.1772118022142787e-09 3.2373465967875543e-09 3.244494548320218e-09 4.3124186236683375e-09 3.257468374915882e-09 2.8622839707797044e-09 3.293895959622403e-09 3.2418867352959535e-09 3.3742993214788245e-09 3.300639561067929e-09 3.939708664491829e-09 3.679144815482286e-09 3.208729550015194e-09
342 8892 1.749211069140717e-08 0 0 3.092344278910167e-09 2.7722408741217846e-09 3.0003854439041438e-09 2.7383695655622545e-09 2.8667597393544577e-09 3.0120792150122594e-09 2.7477408247007952e-09 2.82187877886925e-09 2.8816617536469937e-09 2.8446459043207457e-09 3.851546652300302e-09 2.9133446005855703e-09 2.5575277574638935e-09 2.923060608117421e-09 2.8987689434682783e-09 3.045399251437747e-09 2.9688114851370565e-09 3.5341327638722905e-09 3.3043055546911588e-09 2.8602180824488897e-09
343 8918 1.6237171204254114e-08 0 0 2.8691201755306936e-09 2.555005572048681e-09 2.769977060010824e-09 2.5253153490567948e-09 2.6241668254530707e-09 2.7661692355689553e-09 2.507458384164702e-09 2.5972264983945573e-09 2.6787949052844325e-09 2.6128419353217744e-09 3.550429590167931e-09 2.6837572870917248e-09 2.3657729830611963e-09 2.693437960707577e-09 2.638717837950344e-09 2.7936733532815832e-09 2.771917735512377e-09 3.269859833801023e-09 3.044310032194643e-09 2.637521712833135e-09
344 8944 1.5445697409172286e-08 0 0 2.7076520735272125e-09 2.4193169922601928e-09 2.6175638188136694e-09 2.3748427231556727e-09 2.479137222671014e-09 2.587919264742823e-09 2.3891569485332304e-09 2.4416059622436265e-09 2.5334796483264214e-09 2.449386436174845e-09 3.3730918424227855e-09 2.5432872354206912e-09 2.228113154248561e-09 2.561385425166877e-09 2.496225242440494e-09 2.637657247934978e-09 2.6172185354389504e-09 3.1245183249545495e-09 2.8801778945847116e-09 2.511870909112203e-09
345 8970 1.520673083164951e-08 0 0 2.663831357206246e-09 2.37018598144985e-09 2.5641019837944268e-09 2.3446797736857785e-09 2.4004499696018337e-09 2.548964373252079e-09 2.3261310951777517e-09 2.392528454820346e-09 2.4699065630398017e-09 2.408761505649774e-09 3.292416958849642e-09 2.500274936196898e-09 2.223971404406127e-09 2.5351368533538396e-09 2.3988507603007644e-09 2.5898617238881354e-09 2.542656543515621e-09 3.0496256631793233e-09 2.8372685959864705e-09 2.4621310920487913e-09
346 8996 1.4743431969999816e-08 0 0 2.561016361197825e-09 2.2980580631680114e-09 2.4642877019400496e-09 2.2570500529683424e-09 2.2834677417468367e-09 2.4692494804739154e-09 2.221840440061625e-09 2.3048603250335678e-09 2.3886294438812107e-09 2.3327767267268976e-09 3.185807375444446e-09 2.426058072140311e-09 2.151294635346103e-09 2.43508329678687e-09 2.3348115720168403e-09 2.5109946483815534e-09 2.4437176655528174e-09 2.920113208566511e-09 2.746868323376544e-09 2.3851054165518915e-09
347 9022 1.395544180761465e-08 0 0 2.409067968287482e-09 2.137234445429397e-09 2.324444021168041e-09 2.1211655179522452e-09 2.1606950626904005e-09 2.290751392218966e-09 2.089171313596874e-09 2.1600611994633294e-09 2.2605854319716715e-09 2.2078481919757382e-09 2.9725592353299e-09 2.312869450954823e-09 2.021774847005766e-09 2.310888278277337e-09 2.192236000206546e-09 2.3978075160011402e-09 2.2875262048243443e-09 2.7308499539749783e-09 2.592542812672695e-09 2.2769145510031392e-09
348 9048 1.3356618507196844e-08 0 0 2.2906189213977717e-09 2.0692777431295096e-09 2.2134597284608656e-09 2.0263929914830397e-09 2.0579231959266835e-09 2.176342082042001e-09 2.0103348034959414e-09 2.050130554428895e-09 2.1398617612972116e-09 2.102830187246144e-09 2.8446539175350367e-09 2.204261267671497e-09 1.9392208988367625e-09 2.1870842345751135e-09 2.0603218734454434e-09 2.277339031373645e-09 2.163662636255809e-09 2.634006068892185e-09 2.480502466151278e-09 2.156880916613008e-09
349 9074 1.3104154934106332e-08 0 0 2.2106924017381016e-09 2.0244377273937534e-09 2.1526407647820136e-09 1.983596064752341e-09 1.9859249385024476e-09 2.107296779983807e-09 1.9957807538579792e-09 2.0183478084864718e-09 2.1066866352948708e-09 2.0514306264839533e-09 2.825216323811747e-09 2.141808640991092e-09 1.8992845094265112e-09 2.1196230912407536e-09 2.006481154712979e-09 2.1987413446335523e-09 2.110776955680819e-09 2.569793820186462e-09 2.424883087472731e-09 2.110492988816095e-09
350 9100 1.2484324482612386e-08 0 0 2.093628021518196e-09 1.916926674272794e-09 2.0385971413222842e-09 1.8855749971852145e-09 1.8815626819791514e-09 1.9847567931192316e-09 1.8670344901380534e-09 1.894980390018475e-09 2.005145792611807e-09 1.9487171035319472e-09 2.6749564590944452e-09 2.023550316327374e-09 1.8052101865162815e-09 1.996025878424536e-09 1.897080174418553e-09 2.068144635111054e-09 2.009146924687681e-09 2.4355584025266978e-09 2.28484072412506e-09 1.9947876359439626e-09
351 9126 1.1775515392104645e-08 0 0 1.9794877580291277e-09 1.8094154768731885e-09 1.9300367574870275e-09 1.7892294907729346e-09 1.7532604527038354e-09 1.8480499760358206e-09 1.7276846225910672e-09 1.7831421640857974e-09 1.907257456408633e-09 1.8251237117319863e-09 2.520613592684193e-09 1.918429202778099e-09 1.6954543405353346e-09 1.8680028897903974e-09 1.7900326289712146e-09 1.946065128323615e-09 1.8624931238588382e-09 2.2689936663600364e-09 2.1209124794416938e-09 1.8835430367900853e-09
352 9152 1.0964608794681762e-08 0 0 1.8411853558204372e-09 1.6854560359217781e-09 1.8116608256282348e-09 1.653026669784878e-09 1.6286317018506637e-09 1.6947823420824986e-09 1.614419271366118e-09 1.6641988934459653e-09 1.7943951177597855e-09 1.7025323255881567e-09 2.3381725279267805e-09 1.76876127222042e-09 1.561402112731451e-09 1.7212781737311479e-09 1.6520702686209e-09 1.7948023124392899e-09 1.746451573825723e-09 2.0880209678111527e-09 1.9523793448779426e-09 1.75971294061108e-09
353 9178 1.023217450032277e-08 0 0 1.7109103839756425e-09 1.5598392211572915e-09 1.6657258160127012e-09 1.5345962454573006e-09 1.5004066816182803e-09 1.5913027710113774e-09 1.5012389465888089e-09 1.5524594942469612e-09 1.6699549751180574e-09 1.5706008068318881e-09 2.1619285048554205e-09 1.644871616460251e-09 1.4669104079503633e-09 1.5912266398340043e-09 1.5267253997635357e-09 1.6362774817103622e-09 1.6282219954440674e-09 1.933133468645685e-09 1.8218128552484254e-09 1.6276124326090645e-09
354 9204 9.769429019231224e-09 0 0 1.6248549411026676e-09 1.4724257770194851e-09 1.5921411073668951e-09 1.4622301903946103e-09 1.4350947195251104e-09 1.5202399626343642e-09 1.4058915693397001e-09 1.4750114141715017e-09 1.5703159688834357e-09 1.5049951739544344e-09 2.0798028202646014e-09 1.5701839671636165e-09 1.4006186803401207e-09 1.5137239639418739e-09 1.4287436375437193e-09 1.5694945744381832e-09 1.537576020252403e-09 1.8377702587449063e-09 1.7066992669771276e-09 1.568726889329869e-09
355 9230 9.577415381696283e-09 0 0 1.5994047851786387e-09 1.422719692399976e-09 1.5393431466147995e-09 1.423964148204128e-09 1.3779584346792878e-09 1.4899922968033535e-09 1.3761742892023618e-09 1.440288362113881e-09 1.5315107278536369e-09 1.4659310142409652e-09 2.0323806151842598e-09 1.5138414549669032e-09 1.3757783436426394e-09 1.4785473754592674e-09 1.3904282395050901e-09 1.5440179012373536e-09 1.505101131999045e-09 1.8084621968970764e-09 1.6762073100439191e-09 1.5323185761421823e-09
356 9256 8.875674349931305e-09 0 0 1.4815637991012389e-09 1.3139096448726949e-09 1.412245193969641e-09 1.3237845749590709e-09 1.2808613262158786e-09 1.3680464021826473e-09 1.2617524231901694e-09 1.31950724282604e-09 1.402726042478177e-09 1.3538821207395872e-09 1.886669226476045e-09 1.3976974673379e-09 1.2851051989335655e-09 1.356247929588852e-09 1.2921921921687963e-09 1.4237771655776722e-09 1.3868888987829932e-09 1.6725244235533969e-09 1.5293720917725778e-09 1.4343468815549849e-09
357 9282 8.263566947040792e-09 0 0 1.37126662315019e-09 1.2258448979063489e-09 1.2985924133684841e-09 1.2266132903964101e-09 1.1901174186979988e-09 1.2776469924898598e-09 1.171905259593657e-09 1.2208954624899022e-09 1.288366011599539e-09 1.2520304993239176e-09 1.731255692165187e-09 1.2920180446840986e-09 1.1983951928499087e-09 1.257110147548165e-09 1.1923078618337808e-09 1.3137861045706101e-09 1.2898511269569701e-09 1.5393029079390325e-09 1.4085061279539827e-09 1.3309205173212581e-09
358 9308 7.85360163421245e-09 0 0 1.3010766252927843e-09 1.1461159743700543e-09 1.2196232189065033e-09 1.1602545429573117e-09 1.1326665589304087e-09 1.2052478438602762e-09 1.1162415070820455e-09 1.157171988439962e-09 1.2264451926057593e-09 1.1768232732308278e-09 1.654075022708225e-09 1.2283669536547522e-09 1.140784419533136e-09 1.1945152139464809e-09 1.1253550410273105e-09 1.2291374315639064e-09 1.22139606529857e-09 1.466047616795037e-09 1.3175269028936057e-09 1.2718243011663046e-09
359 9334 7.083864360580905e-09 0 0 1.1706112780478085e-09 1.029602720923354e-09 1.0914197881965379e-09 1.031726172939972e-09 9.990266503142639e-10 1.069432426365306e-09 9.95043834572969e-10 1.0361231235011656e-09 1.0986872455219225e-09 1.0534957626961736e-09 1.4902764295323631e-09 1.0861339076782557e-09 1.0317267912254204e-09 1.0707229804661008e-09 1.0134458781196591e-09 1.1176131201454554e-09 1.097178541691529e-09 1.3169256453088494e-09 1.1961009161549305e-09 1.1526569302545096e-09
360 9360 6.776359861331951e-09 0 0 1.1060046231717281e-09 9.741007599254217e-10 1.0405275789712354e-09 9.970128838458268e-10 9.597040670907926e-10 1.0027130593643302e-09 9.331928132326302e-10 9.81350623142613e-10 1.0463517172941254e-09 1.0114850968366461e-09 1.4312305706927732e-09 1.0395848248702426e-09 9.805430348535685e-10 1.0121037483443978e-09 9.722769631176232e-10 1.0648972673890602e-09 1.0452532448879654e-09 1.2543390149974604e-09 1.1301246302156943e-09 1.1003062202796818e-09
361 9386 6.470046053628314e-09 0 0 1.0569166770391825e-09 9.310121056756197e-10 9.83157340522312e-10 9.415436867091218e-10 9.244856088283317e-10 9.552366325117509e-10 8.837191920439625e-10 9.288885412762503e-10 9.858232383802802e-10 9.55497606664603e-10 1.3856465657284564e-09 9.871678209329284e-10 9.283641767389328e-10 9.65739186034337e-10 9.288348352347826e-10 1.0137596322590082e-09 9.987019254353978e-10 1.1887113835159883e-09 1.0701480881702854e-09 1.0327739288045717e-09
362 9412 6.130721161575824e-09 0 0 9.856099375746974e-10 8.822310117343101e-10 9.246652104064304e-10 8.881050676479379e-10 8.698953017225642e-10 9.059243402081172e-10 8.388105318718248e-10 8.767525572488401e-10 9.195561741442901e-10 8.977736625080413e-10 1.293114311843117e-09 9.22523168746365e-10 8.749444245761308e-10 9.195057232911624e-10 8.847694353184281e-10 9.511559122526122e-10 9.346095119509934e-10 1.1248612799808651e-09 1.0131377264783806e-09 9.772311018157873e-10
363 9438 6.072684122024743e-09 0 0 9.683946240461e-10 8.809370567287407e-10 9.125458415117022e-10 8.70707168703615e-10 8.569045811074203e-10 8.897295384292772e-10 8.282927701896735e-10 8.559240578900763e-10 8.97923592546662e-10 8.882574167055692e-10 1.2775489127843672e-09 9.141322078837658e-10 8.670697172528572e-10 9.058189952272136e-10 8.719638927443404e-10 9.43725333528871e-10 9.241522603642408e-10 1.108131507126954e-09 9.918224377822092e-10 9.67672507745429e-10
364 9464 5.6651139801831585e-09 0 0 8.966497061660143e-10 8.280792739992319e-10 8.517786493696673e-10 8.155230401182058e-10 7.938104606070136e-10 8.303562862257127e-10 7.707313213197374e-10 7.936273113599938e-10 8.306540075096155e-10 8.198195723357761e-10 1.1777387672036988e-09 8.406449868635808e-10 8.025458671997453e-10 8.341913792345702e-10 8.108430945739193e-10 8.753680852458156e-10 8.588566520113669e-10 1.0149499646521803e-09 9.189648811621691e-10 8.944491156551886e-10
365 9490 5.250779904261032e-09 0 0 8.326934638365429e-10 7.649584625341656e-10 7.844750194166825e-10 7.550454828468795e-10 7.337317689178326e-10 7.646844224551101e-10 7.159686264236855e-10 7.389656085633805e-10 7.403444454389218e-10 7.542941081939275e-10 1.0935358912873267e-09 7.809278137438186e-10 7.480829847838306e-10 7.732811494842972e-10 7.431728665410663e-10 7.957628960377698e-10 7.83930828603328e-10 9.234794112044201e-10 8.48598533468792e-10 8.242902282676978e-10
366 9516 4.856220078633152e-09 0 0 7.596218725582223e-10 6.971198548534236e-10 7.225328375561882e-10 6.970593981095485e-10 6.753756333488792e-10 6.978466358151246e-10 6.597520032709226e-10 6.864935061366323e-10 6.751487893284583e-10 7.091332629337579e-10 9.975805840282557e-10 7.249282289206398e-10 6.904199706268694e-10 7.062582126322306e-10 6.777763789370771e-10 7.274064352998955e-10 7.215353187724879e-10 8.501231899405124e-10 7.813732625246285e-10 7.565150978842392e-10
367 9542 4.604611981445555e-09 0 0 7.070034874024881e-10 6.630981262986805e-10 6.789738334093404e-10 6.638857699460676e-10 6.41067888389942e-10 6.594434140227591e-10 6.23823103990111e-10 6.338821016094458e-10 6.34077144353118e-10 6.696347634983067e-10 9.434092364995446e-10 6.887944093983848e-10 6.533628179678113e-10 6.688149916069932e-10 6.444329835613557e-10 6.844149836896016e-10 6.834850479233101e-10 7.958053821497975e-10 7.409402335758258e-10 7.045644991464051e-10
368 9568 4.424057997092602e-09 0 0 6.809120597781994e-10 6.336552806534946e-10 6.410971217585391e-10 6.408434538506771e-10 6.125584111695143e-10 6.437333621988297e-10 5.973354475924178e-10 6.028195160059084e-10 6.014957679597264e-10 6.353509201037378e-10 8.996543600418098e-10 6.629630652693455e-10 6.347581927225238e-10 6.28998499511971e-10 6.176719642375542e-10 6.572943548539082e-10 6.493101872904328e-10 7.731390939509259e-10 7.038550638781862e-10 6.705110691454686e-10
369 9594 4.1709437560516435e-09 0 0 6.264523499217673e-10 5.799453023798567e-10 5.979777208481092e-10 6.053715220064406e-10 5.736969303089833e-10 6.102285228455262e-10 5.624956609560609e-10 5.638001716734338e-10 5.621181158457205e-10 5.940969284283733e-10 8.483380785321208e-10 6.226314674325772e-10 5.933929101005107e-10 5.879851136286569e-10 5.800865703615928e-10 6.183747096298851e-10 6.06699207350673e-10 7.242920876669848e-10 6.648282123521593e-10 6.285012788952248e-10
370 9620 3.946351100828908e-09 0 0 5.843402853089964e-10 5.510226657153949e-10 5.651174747833993e-10 5.713351832552543e-10 5.362060171360299e-10 5.730633263279703e-10 5.296300275607282e-10 5.300957703808585e-10 5.325575330856367e-10 5.584714774477992e-10 7.90748140778638e-10 5.882307550579139e-10 5.576173907627416e-10 5.498282934287444e-10 5.422847115662352e-10 5.875876187874627e-10 5.710206529251744e-10 6.830589839312896e-10 6.274924114607018e-10 5.916820228011891e-10
371 9646 3.6277251104982417e-09 0 0 5.306023116124672e-10 5.091603871987737e-10 5.148879006826099e-10 5.217097670431067e-10 4.862564398942311e-10 5.255618586939717e-10 4.812555321941239e-10 4.853732210698204e-10 4.790591353179701e-10 5.117946878838361e-10 7.295562311881847e-10 5.345321667756516e-10 5.125912306110395e-10 5.037220843001137e-10 4.943499263573891e-10 5.299006671358798e-10 5.270917208164058e-10 6.257974705567707e-10 5.74766449611318e-10 5.382478392740788e-10
372 9672 3.3352700409365475e-09 0 0 4.876523675361873e-10 4.6226083667686117e-10 4.660119989909584e-10 4.80367207834712e-10 4.423934840190092e-10 4.811515251574443e-10 4.403714116367136e-10 4.439131596333204e-10 4.4102020355587673e-10 4.629509611219554e-10 6.717722586608389e-10 4.854514260950639e-10 4.637013504994439e-10 4.5904587274363064e-10 4.544377307431314e-10 4.813496591576966e-10 4.829361609257333e-10 5.700375071847486e-10 5.322439085932447e-10 4.830585842083822e-10
373 9698 3.1142843237599593e-09 0 0 4.532434850560933e-10 4.3264333413910334e-10 4.3533892239973917e-10 4.471204146791289e-10 3.9072759248777673e-10 4.47527811255959e-10 4.041207709098448e-10 4.118471299824886e-10 4.08410308477042e-10 4.279827474484784e-10 6.259298692735843e-10 4.4791354614885175e-10 4.3324762127699716e-10 4.237392402052485e-10 4.2303404240296257e-10 4.4757806995648115e-10 4.5308656478412813e-10 5.342950652141088e-10 4.948246063649959e-10 4.505441567377131e-10
374 9724 3.0439830320641748e-09 0 0 4.4311202281323236e-10 4.2190132340204403e-10 4.2471137315364043e-10 4.3473894675372634e-10 3.808056482648005e-10 4.2899471138648894e-10 3.95259165996582e-10 4.036877329069684e-10 3.9813060555232174e-10 4.156232813039835e-10 6.151682087878148e-10 4.2866106481542745e-10 4.232434279648826e-10 4.1510861431268633e-10 4.170976323597173e-10 4.3948761876778026e-10 4.4152368297799113e-10 5.160645985710438e-10 4.779146545737738e-10 4.339670115406823e-10
375 9750 2.9619530613242294e-09 0 0 4.3075332160455745e-10 4.0994293569266453e-10 4.133590022451666e-10 4.243220382704966e-10 3.7184001306063876e-10 4.1715805631060715e-10 3.8518435977466705e-10 3.9308999819178534e-10 3.796382490804013e-10 4.0648904595159726e-10 5.972801098465827e-10 4.0981298328616885e-10 4.097262750715711e-10 4.0115121883700325e-10 4.0272387512987116e-10 4.230822838235377e-10 4.2143607514895164e-10 5.022485377127245e-10 4.5742343838339696e-10 4.2288388866776876e-10
376 9776 2.7676330627581447e-09 0 0 3.9588137435624137e-10 3.8378928251116527e-10 3.8461674538479707e-10 3.9209044529999034e-10 3.497931814935466e-10 3.8852677814326193e-10 3.560324831435681e-10 3.6458389912540467e-10 3.510401929339076e-10 3.7984604853171375e-10 5.494394379080282e-10 3.8090185905539625e-10 3.844643672818073e-10 3.787903323326362e-10 3.752703673157019e-10 3.9706978980544355e-10 3.9086742464933857e-10 4.609668743420682e-10 4.2547646924634825e-10 3.9513068353220394e-10
377 9802 2.592863956733357e-09 0 0 3.7623741438890843e-10 3.59536524223151e-10 3.645647415806204e-10 3.56996525354521e-10 3.2268768238108303e-10 3.6032512873500836e-10 3.324565265975962e-10 3.3926048898595405e-10 3.311895952209721e-10 3.533966941279601e-10 5.078912477006152e-10 3.6180239915988985e-10 3.5874858410298056e-10 3.555160457734125e-10 3.484550012479375e-10 3.7217618342258535e-10 3.6331157932708575e-10 4.2997870046493423e-10 3.9242048278259013e-10 3.649933006728675e-10
378 9828 2.415614559597238e-09 0 0 3.5216051495176505e-10 3.305808457988962e-10 3.3706369562812693e-10 3.2940274099218104e-10 2.980411417378199e-10 3.332653099254926e-10 3.1152064697499577e-10 3.1549213319066614e-10 3.0311831937638005e-10 3.303966919798412e-10 4.684394678059598e-10 3.3807344643078407e-10 3.33097854149843e-10 3.3217824157536305e-10 3.228416378546473e-10 3.423540885553492e-10 3.3267971307630743e-10 3.980839044202484e-10 3.6215993010185883e-10 3.4036826842059626e-10
379 9854 2.2326658381820956e-09 0 0 3.2574802943584126e-10 3.0316658560988185e-10 3.08958610340543e-10 3.0453528602277584e-10 2.749288688083153e-10 3.065566971170367e-10 2.8733299356426306e-10 2.9329926201496247e-10 2.7783803069916527e-10 3.0608703468107136e-10 4.309880396677519e-10 3.0789355734311856e-10 3.050794427007786e-10 3.0400636161619675e-10 2.978295858578549e-10 3.093190851630893e-10 3.0809551545315826e-10 3.6577523526101356e-10 3.295386166375143e-10 3.113697629940191e-10
380 9880 2.089309933982408e-09 0 0 2.9818784752118876e-10 2.819878410243621e-10 2.855309760435004e-10 2.8392697732086054e-10 2.5793797647967915e-10 2.855733926684583e-10 2.662792791073415e-10 2.731390662290742e-10 2.5999342676476797e-10 2.8707396938043673e-10 4.0033345927694386e-10 2.8506005225823607e-10 2.8602593744845247e-10 2.840806081942679e-10 2.7546799645939547e-10 2.888352024743575e-10 2.894204396905867e-10 3.3953973307817205e-10 3.044492094002879e-10 2.9010020840810116e-10
381 9906 1.888987560820836e-09 0 0 2.688834977290058e-10 2.5411271067441384e-10 2.5723987247608635e-10 2.539256405510179e-10 2.3380321539074106e-10 2.574459563044909e-10 2.39267923432786e-10 2.4570689101095194e-10 2.34630325441504e-10 2.5719687950152045e-10 3.6258190756019235e-10 2.570175212380731e-10 2.5964102405568013e-10 2.569883170919145e-10 2.4659999183813373e-10 2.586129724645992e-10 2.611786823386442e-10 3.0156769458657037e-10 2.7117777682711056e-10 2.619463590653534e-10
382 9932 1.6923540408528934e-09 0 0 2.3725599762491153e-10 2.219271774102552e-10 2.2759861561501936e-10 2.272453438152604e-10 2.100507462337731e-10 2.2885792222118342e-10 2.167337699144275e-10 2.1695557004639422e-10 2.1079537874736375e-10 2.292585843312836e-10 3.2440159356806584e-10 2.2720615876785173e-10 2.3143029180727264e-10 2.2957555142833945e-10 2.2108051460658987e-10 2.299900511312924e-10 2.3321983255724077e-10 2.6821231458953036e-10 2.444007300232896e-10 2.3178690057925887e-10
383 9958 1.5798165724712582e-09 0 0 2.1975004797874088e-10 2.0639645024946404e-10 2.1535930274484436e-10 2.1214447580182746e-10 1.9473327115760662e-10 2.120267831279569e-10 2.0042954729369056e-10 2.0106373382550214e-10 1.9490204357280168e-10 2.1294015776738592e-10 3.033472934095169e-10 2.0973163602179212e-10 2.1495450294397414e-10 2.1246056463472448e-10 2.0604847756818793e-10 2.1120150888364967e-10 2.1562269868642717e-10 2.477696563603372e-10 2.243219307415203e-10 2.1566500291433832e-10
384 9984 1.458687507085094e-09 0 0 2.0296286854066504e-10 1.8879086483059424e-10 1.9771544252919085e-10 1.9415384491167206e-10 1.7859899165492832e-10 1.938025808519183e-10 1.855048361116831e-10 1.8244179462951583e-10 1.776788198608284e-10 1.9690367659278176e-10 2.7979087840693866e-10 1.9365350622576938e-10 1.976027958408034e-10 1.9489938016351543e-10 1.9107917863077061e-10 1.9172253105688198e-10 1.9762655232924264e-10 2.273262369905927e-10 2.048968813789286e-10 1.9916787986188013e-10
385 10010 1.3587263620771951e-09 0 0 1.896054399695161e-10 1.7561773561870533e-10 1.8105910843569187e-10 1.762589145825548e-10 1.6386205875653957e-10 1.80476100241372e-10 1.7183238501042575e-10 1.6817826322772594e-10 1.657704634148931e-10 1.8098357505505984e-10 2.5981829566768245e-10 1.7969587803525193e-10 1.8264794959076992e-10 1.8046487820935592e-10 1.7469948995378038e-10 1.774168197680325e-10 1.8429013993006614e-10 2.1182805464406343e-10 1.9029909319533562e-10 1.8433600708981194e-10
385 10010 1.3587263620771951e-09 0 0 1.896054399695161e-10 1.7561773561870533e-10 1.8105910843569187e-10 1.762589145825548e-10 1.6386205875653957e-10 1.80476100241372e-10 1.7183238501042575e-10 1.6817826322772594e-10 1.657704634148931e-10 1.8098357505505984e-10 2.5981829566768245e-10 1.7969587803525193e-10 1.8264794959076992e-10 1.8046487820935592e-10 1.7469948995378038e-10 1.774168197680325e-10 1.8429013993006614e-10 2.1182805464406343e-10 1.9029909319533562e-10 1.8433600708981194e-10
