% # columns="iteration, evaluation, void, void, void, xmean", seed=1014893, Thu Feb 12 17:09:50 2026, <python>{}</python> # scaling_of_variables: 1, typical_x: 0
1 26 0 0 0 -2.7569209052747135 -4.811159695254921 -5.682632964734223 -1.0649025935528722 -6.627097871206497 0.7407172710921854 4.520508660018434 3.7180299448337677 -1.4424610374660738 -1.6439753206080274 -0.5235399953318899 -0.37514960137620856 4.929718505885903 5.659002395273704 2.9336534756883723 -5.015252238898766 -1.0560141375989596 1.456007277481835 6.443857224107496 -4.753647975484683
2 52 0 0 0 -6.391926218406258 1.1604962387879585 -5.242133910669812 5.357386866324138 -2.691189945382606 0.8402068754779196 1.9583101548388253 3.358369289120494 -7.258501520795024 -7.570955581622629 -0.9107963796531423 -0.9297894499034256 9.03506985297039 9.359958553629726 5.233996629034775 -3.849727151318164 7.49763741622237 5.664063740650127 10.85235433998948 -2.1161305039104934
3 78 0 0 0 -2.369350377355361 1.1048825137163893 -8.399993171265368 3.3541519617062474 -6.243650118930379 -3.4670609654034195 -1.4666733639913405 0.7971272678971457 -9.038332647218798 -6.086656602602843 -1.7091946931766198 -5.107008767047297 7.962691949689017 7.057977643859783 6.277573092617774 -9.312076003758541 3.9041643777553543 11.940676956906932 16.743852846212746 -9.435187750959168
4 104 0 0 0 -2.9751391871467048 0.8861825032593732 -6.667253818800986 4.80919992702113 -0.14089631969606334 0.44938715205393154 3.3682362842556315 -3.507876525150417 -11.085416792612984 -2.8315543642692935 -6.833465672019182 -5.405744505011533 14.846255187821047 1.1810356826926052 5.8949708531375355 -9.25328189091545 2.802118726333032 13.185222336427225 21.63495478045777 -8.355492234602888
5 130 0 0 0 -12.765177375104171 6.292489154896701 -7.680527137402544 4.311144955089655 2.257908262228644 8.561293800522378 7.30310741685139 -9.40820604052411 -15.3801243250286 -1.6574045447010564 -13.91316990124764 -6.388852252511323 20.247060023827327 0.12950188988814978 8.12120806582146 -8.586451465435466 3.646017161309649 16.993651641372814 24.308564175965877 -10.832890123080617
6 156 0 0 0 -16.636393209924865 4.272859434216022 -10.242146325255634 11.90459587766256 3.4418801911803163 15.991306601765649 4.758249079713881 -9.589296649430695 -26.268313225107267 -4.772656741190458 -18.84735434916514 -4.244859859091495 28.572021647047173 -3.5481051860619535 3.5929840566806663 -4.512197220732085 6.649728517701111 22.497329507246118 27.897369767172048 -11.504075093200683
7 182 0 0 0 -12.435889310065086 -2.6260610895672962 -5.516673752782614 14.979650042946822 -0.41659431033604116 17.598285931962007 9.693567269488742 -8.220653172582628 -27.33866584122504 -1.5449409399195766 -17.881922869780922 -15.254483097517811 23.80909742394552 -16.520008652128773 3.9766812214835348 -2.6836621984075277 -2.2946191873287125 20.68423079582424 32.05478926303779 -10.061842194297258
8 208 0 0 0 -26.25681993395474 0.491975978751207 -2.4339330590260935 17.256010960130208 1.1411650420759114 16.962573733005787 17.76264029064016 -7.123608457654136 -34.55395733855225 8.392034716454265 -23.91181222463298 -16.62365237122256 30.03320170768242 -10.43006224700275 -0.055647679641339765 -7.518510075885537 2.6657163477398322 25.548278658041667 33.52499844590418 -13.863202347406421
9 234 0 0 0 -28.871453492817263 0.585376357159982 -4.148889668671446 22.119169708577775 3.0463374208770935 25.84774333062597 21.67889547813672 -14.003118841260003 -33.65764126429428 7.734672193939112 -33.60411221683802 -21.29286708313978 35.40594175356458 -11.216659025909479 -7.114037685919863 -11.831003116968072 6.959056786636707 29.902531101940134 33.08587526371208 -9.352740144892657
10 260 0 0 0 -22.0608459721071 -0.7092125093640296 -1.7241275275134733 32.89662706729636 0.9416769017864821 29.580465974118855 26.831765642196924 -12.913019859362771 -31.057400326239776 2.274237506537023 -28.075624966228503 -30.624591759608272 43.843603231288526 -16.31951237335046 -4.291024455278682 -6.187175861758357 6.403055929943201 29.184834214669202 35.5283275504367 -10.328203555848413
11 286 0 0 0 -24.83099970306356 0.0961356768816255 -7.045861050692396 33.89657083989482 -8.830743281141297 31.601274876583435 26.875161644864015 -14.078013439633743 -29.78228427247982 7.878344551434643 -25.111525445730095 -32.486164047307064 47.86645762278383 -20.381274650093562 -0.5935109132274214 -10.102058660691798 6.180183457114899 37.31600469209737 34.002407195453856 -15.344183284856475
12 312 0 0 0 -18.22848615790162 -4.212450442409844 -12.216823218332657 34.41058087241079 -9.156185706120732 23.692213932375445 24.69410950412334 -14.937240201475714 -31.090601731206558 5.7930720426190145 -23.589516894054775 -29.514663330462202 49.11944452606294 -20.723831682369426 -8.30537245570471 -9.403907355290938 10.200435328876402 35.846881983214864 36.818110119315925 -17.22864211277351
13 338 0 0 0 -13.09454815897624 -13.65012278132794 -5.577329605327166 39.73198713255448 -8.002878440121892 29.543596312717696 32.00285836081521 -5.205588326149886 -28.34718502005681 -3.418486085839138 -18.193558530811256 -29.71123115429021 42.06442265743302 -13.09287951421403 -11.172120214968567 -12.611534824353777 8.124763422855663 41.59454526697259 36.787094479621295 -9.943348078609448
14 364 0 0 0 -14.011953874809754 -15.661508832355514 -3.9940315105526145 41.971856884077305 0.7371249610261459 32.24842106841265 39.631247028993755 -5.618860003272203 -33.78375922712781 1.14730537810504 -25.82586871565959 -32.51023321438931 43.85491522968843 -12.914375991425414 -11.083535227028273 -9.15193048263798 7.219362822365951 42.671078088678804 42.41799852535322 -11.996811396061897
15 390 0 0 0 -13.771214754763886 -10.478868445410406 -8.96331133068422 27.14899257889197 -0.2562879752850272 32.14240016329596 33.27012486843178 0.4001265214802865 -42.68299652337653 13.225262753386064 -27.715298598751563 -31.52018213707199 39.2301936494446 -19.818689218746837 -4.101975788735175 -13.37591504203439 -0.09226275875097456 39.43154153109688 47.57309746313104 -12.16919157482292
16 416 0 0 0 -13.06773237917809 -9.240929616363264 -8.96733752074228 28.379121867720684 -1.3950644823320393 33.42559655998697 31.081880191019515 4.778582689154205 -41.71866784187669 10.544430849678957 -32.38449691669235 -30.059239765029684 38.46675397224015 -14.236255779070866 -11.123695341159271 -7.357242244833678 -1.1314565932576623 33.06660284127692 36.74005142146813 -8.59365524525319
17 442 0 0 0 -8.319709709078161 -5.71740158906136 -11.606139440959643 30.108292256063958 0.8388600198620765 35.89378556922051 28.258388647237453 -1.1169625397658058 -38.52842034248196 5.155856103599688 -35.47223887622995 -27.2822619861378 35.12900327711725 -15.950431908135856 -15.865018054632705 -3.6600624344686725 -0.43546636998089394 33.58467857480593 35.29338427279908 -9.926730338976007
18 468 0 0 0 -8.253435038033848 2.2204498536636597 -10.46666238171573 29.22867758428928 -1.4394592362583474 38.76673977209088 32.18946263488285 3.231834547209402 -36.40414908895841 7.027926451676088 -34.86371568581902 -28.621139658917585 41.37808553309499 -21.13554014662779 -9.7451224121853 -5.490075082318136 2.1535047131536755 38.72087262121426 32.43339242478653 -11.424423301011213
19 494 0 0 0 -6.813706565641975 2.4969431720118473 -9.07594858946431 34.44680385905105 -3.412129041986641 43.86976844953145 27.230104136601856 5.773610249984727 -34.26175533906418 6.419201009984067 -34.157640600950515 -32.132813400515374 40.642926289885146 -19.356767497579305 -13.356178824021436 -8.407346699805636 4.993740642938502 33.81876386055408 37.587671893061824 -10.778556044400974
20 520 0 0 0 -6.769164191228375 4.668793022765916 -7.803243050254019 36.4979298825249 -2.215110643613932 36.11305209143406 23.806330703034735 5.037673865113956 -34.1384153998487 4.609315165927797 -32.247258514146736 -26.449718975172253 40.51173941470956 -20.874232955236714 -12.732319047623 -9.250997434689024 2.224689316184305 36.10007691004169 40.057657747027356 -10.615377729769493
21 546 0 0 0 -9.064864784611757 0.6557571669884799 -6.219043666741912 39.4161833464874 -0.8081784917650614 42.121298833063626 28.461093582947925 2.082951995656985 -37.71385345439463 5.491242242664844 -36.07401995123151 -26.533657902228338 41.863218470446284 -20.101992877131995 -10.744051527257923 -9.638616787788568 2.5955969087349016 37.3120372281186 39.411429695751806 -9.210135667045881
22 572 0 0 0 -10.856916590944122 -1.1508501534114588 -1.2421282228376145 36.557155550060116 -2.8314981098110255 48.33170842064172 21.843772345049487 2.964488228042766 -33.46217397035533 2.522976466690491 -36.731758629655744 -27.072453743195467 40.49401644614307 -20.48642400886921 -8.056371304218828 -6.34922380277101 -0.7951289108568943 32.59497950147125 35.687774122104834 -9.800986843534217
23 598 0 0 0 -7.367042552703525 0.16802758715151067 -0.16530008424907236 31.624874816355245 -0.5956432539324619 47.47864565594571 25.152523131477505 -1.2680605065751565 -34.081623674926014 -0.13041532418847107 -36.74964048166068 -20.774303649733366 38.586533411103694 -21.293844599298946 -9.021876180734512 -5.95531909609814 2.197803467216945 32.6322035814181 35.472651963456755 -11.449820776554487
24 624 0 0 0 -4.027041927312336 -0.37242565452489407 -1.4692022802392979 28.83976267918013 -1.03828205361141 45.76196403829312 24.097119676716982 -3.829788647807783 -35.04011294082878 -0.16907669074854792 -35.23836205109102 -19.94061526428199 38.050921705222976 -24.23016932033842 -7.543932696989815 -6.462854452968947 5.492503614548919 35.43824983659689 37.723625772041814 -17.22247562960912
25 650 0 0 0 -4.822698339406642 -2.714465757468246 -3.9087930963347763 25.231970397716864 -1.6991167854211446 44.70272771607098 23.362578089220346 -6.23434175400185 -35.54735577693277 3.0012249136804945 -37.4736664827417 -18.980341739879066 39.39039650932438 -22.91964151254294 -5.794155436575699 -8.78695181636195 4.261759471843985 32.07124789491738 38.178699307520546 -15.870428200796308
26 676 0 0 0 -4.413086022725488 -2.3630140342703925 -5.029630741988607 26.111106715602187 -3.0961831049297617 38.19828699086854 22.914383930266435 -4.955343555875609 -37.2201108792367 1.570853963165116 -35.057270659694865 -20.88814964436312 37.20430998319571 -17.411613361051398 -8.31413725210638 -12.857932053786154 4.136851558974258 32.506306623915876 36.89553928307714 -14.489568388861382
27 702 0 0 0 -7.243015690226986 -2.6214940640476603 -3.7278998981252913 25.72683370125971 -2.6023203058037203 39.534198624926816 22.810549280822645 -4.727022977620502 -36.33067501465923 0.40431811006327084 -36.00512438493462 -25.034477289313987 37.84259134287749 -15.358005113576947 -8.698527879511198 -11.853663627304499 2.9940007825673383 32.96924344846595 36.79056201723869 -13.99736781431004
28 728 0 0 0 -6.339915133361597 -2.3985801950034205 -2.993454476913931 28.714023718735284 -3.018969510555144 40.066927718048184 21.397058653987514 -3.7257795360700734 -34.06241275252287 -1.7747268017922988 -34.36113079505141 -25.2274676356647 36.983945788983945 -17.076863820952013 -6.425614866458759 -11.010224556891096 2.936072924923509 33.17264051210953 36.204020740019686 -12.30951116843854
29 754 0 0 0 -4.970335381252176 -0.3326871559101429 -3.629385537362539 26.514417494893266 -0.8592998098529543 39.41484073554838 21.029599586696854 -1.2857652318215054 -34.361314701391485 -0.34950450904001856 -35.630854659223786 -23.908325315119964 41.00705355572857 -18.407033351489062 -7.705045920874427 -10.499108067055323 3.4246119308204803 35.30316767017977 36.27832401804584 -11.289610239666501
30 780 0 0 0 -5.091722482589168 -0.4575563785722863 -4.586081039174825 26.23762684546194 1.2158079196246312 38.70546094968144 21.726585313224398 -2.9186071197135077 -32.825009282944826 -0.011303169328666932 -35.73231784356476 -23.168322981271437 45.10609327545501 -16.585442027888668 -6.455889608248581 -11.540179443498827 4.287200156149845 33.33560037252845 34.301108852605296 -11.595485834439309
31 806 0 0 0 -6.263715187656086 1.2697779451890707 -3.7194334992844214 26.952219241979222 1.5696822731300135 39.46560550910171 21.215068817739198 -1.1328474889854294 -33.57076773344873 1.1353806432653648 -36.299430609275774 -20.9205732080288 46.77306260316853 -16.525584556470704 -7.010748963781076 -10.83436345973464 3.9115085030669516 35.150289298983814 34.79255400855639 -13.267113056013024
32 832 0 0 0 -7.719283629850798 0.27234733032477687 -3.9558695232764762 25.14819691307352 2.110717669045465 41.790202022452455 21.003349112303752 -0.7197492505202662 -31.389708299180906 2.6305884109405753 -36.49663074801502 -21.255063425223195 45.50913374010743 -17.487061090076846 -7.635713027509942 -11.03610353454307 3.7698684257775117 35.19620049307615 37.181719670410104 -13.755263308092506
33 858 0 0 0 -8.358164997260642 1.435295735518994 -3.8913129145306327 25.150502987328842 1.5456098521316013 40.426335326243894 21.392276865059685 -1.801017934735843 -32.529178396370746 1.5535193158812857 -35.35173539971224 -19.582144929473483 45.84839921037585 -15.57073256767422 -7.114371520020059 -12.00329259494951 3.5317223816497516 33.910885314387805 36.08395742679066 -14.936098223985605
34 884 0 0 0 -7.511096962113199 1.835472071404881 -2.964073381945297 25.792964199845674 1.5703437390231536 40.66303729722208 21.506385585842704 -2.565135893193699 -31.05863063226241 1.5336085761442944 -34.96907262087917 -19.3107439483369 45.86007533192653 -16.946582010284644 -5.45751457083201 -13.581829834764026 2.2691651855628034 33.58281610242941 36.69840841354231 -12.416337865201559
35 910 0 0 0 -6.145289373486201 2.130543003960822 -3.026924784290818 26.930298695207863 1.949121379620983 39.063976663606354 22.268407151115582 -2.8706580555410417 -31.153149367046208 1.1562302382362326 -34.14831997781394 -20.05104554362801 45.33272510168724 -16.916733302847838 -7.2264022840493976 -11.914381595697042 2.4350846010300558 32.913077163672874 37.73654602493783 -11.816155582946976
36 936 0 0 0 -8.039559996533317 2.878672022134253 -3.257697878244672 26.490651042212487 2.3910593159703564 39.49944632438621 22.623743405267483 -3.607215396152934 -31.1009186970496 -0.21633372446964316 -33.478786089550574 -19.273793617267454 44.255696722681236 -16.83574957119345 -6.437302443996744 -12.152225144401363 1.9878274540547958 34.13851373368416 37.98228467025537 -11.69277925595905
37 962 0 0 0 -7.509946674951169 2.6406927152916984 -5.6739823360587955 26.121007650489872 2.2115538533160053 42.058079969510835 22.458907872397187 -2.107535620403811 -32.648655365120916 -1.0651285585256987 -35.469322304931744 -20.6158472648075 44.14462675638331 -18.51130395590583 -6.6476572313017845 -11.042502991783747 1.8422664520154433 33.33646784197279 35.552744217093725 -12.002150334390011
38 988 0 0 0 -7.185086276291666 2.9162132084374965 -5.520219707393481 26.901197541549646 1.5214153361395677 42.43986137957259 22.645609906366953 -1.5930927788804763 -31.723983674686714 -1.8686294345635703 -36.910457013890415 -20.54674687917163 45.323140861075736 -18.676171742543158 -6.232513043994627 -11.878855772333726 2.106585153526905 34.490797612229 36.79808413730381 -12.418282687579667
39 1014 0 0 0 -7.349311437491169 2.0686391769791035 -5.941572382328443 26.90192191142521 2.288048067272862 42.91407845876668 22.762366914743748 -0.28835522599407687 -31.971509722557947 -1.236386490393741 -37.07471141604321 -22.11998307331071 45.7182770169351 -18.227556115048102 -7.219575804684058 -11.151169412522167 3.6631997390074478 34.07322674784364 36.230324464194744 -12.832507972642349
40 1040 0 0 0 -8.422847946782998 1.7010596162705887 -5.5770385513682 26.516985532844423 2.0403969254490106 42.3464464649928 23.22434211138552 -0.8915986092942192 -31.612930547145403 -2.336011978486991 -35.81465529650428 -21.61176307123559 46.24515582870342 -18.086891036165465 -6.613821918758656 -11.109892420898133 4.0585908765427545 34.62919924821924 38.80124617581587 -13.184730907248102
41 1066 0 0 0 -7.631682407320949 1.4510028718645465 -5.232680179465189 26.738245897622956 2.839625490474118 40.99051966649435 22.75890936290622 -0.14910340803215263 -29.964053735630177 -2.0872495804329327 -35.29908543677118 -21.25893750230226 47.274149343865446 -18.085223862741465 -5.38354210318108 -10.46212348758287 3.3875283262087565 33.86383698855247 39.18535199665478 -13.276320735099855
42 1092 0 0 0 -8.265603110540585 0.27737836380363984 -5.177471087913625 25.35740651652416 2.354807130786755 41.05839917676667 22.891857267922752 0.5253796790070232 -29.24815163963653 -2.4420412669380775 -34.30804838944979 -19.88846167142336 47.759377331705274 -18.183716204249404 -6.334352441078421 -10.599407527535286 3.5735679443908395 33.799101923217975 39.188347812503956 -14.215241877886253
43 1118 0 0 0 -8.59697959473937 1.6728768495765067 -4.739233165011998 25.73424553605923 2.160226985935677 41.373259048771615 22.687486164896914 0.34961451579504604 -29.895272867583863 -2.6417296418937717 -34.75103415989982 -19.981308900708544 47.764697422435205 -18.611966474488224 -6.233118971956689 -10.332726516235883 3.776215997892581 34.908609060962895 39.51411451362159 -13.94245200249978
44 1144 0 0 0 -9.314105620410686 0.9356227479234593 -5.235764245301327 25.391827799065236 2.7702620587208737 41.08902907888737 22.162865855302538 0.14624377248522785 -29.37303597735022 -2.6715515189624504 -34.13525710653494 -21.201290714624033 46.44094582041718 -18.636202147214675 -7.4545785001341 -10.118246836025182 3.4728343725680615 34.56054506117151 40.03294460578815 -15.047027517257343
45 1170 0 0 0 -9.029582501266214 0.9819858314736483 -5.565169574382225 25.510575333663727 2.163479363300123 40.94713656489878 20.297744765726403 0.37557542564611146 -28.070729980484483 -2.8202748718289117 -33.3166604321613 -21.39580269733133 45.8486993665267 -18.135698968488416 -7.617847978154886 -9.392913965848548 3.01053526781413 34.584355936104856 40.5023168445216 -14.996319453149628
46 1196 0 0 0 -9.506644321954793 0.3851300957447597 -4.75797698629336 25.046108840634982 2.462255025982854 39.82942211740148 20.71990021524043 -0.32000758203310026 -27.966361826678465 -2.682589553517406 -33.002767750663814 -20.645996733971632 46.53729716902502 -17.18511888686743 -7.176489122156456 -10.409620964817917 2.2716614676973133 33.57649217294922 41.7602839801125 -15.090868739636937
47 1222 0 0 0 -9.085556695870734 0.7892808170806009 -4.9310795009070425 24.724036713160416 2.2901708236957408 39.280216734396184 20.48095016693322 -0.3126969899284521 -28.003092972886385 -2.3592767901974816 -32.941750371382284 -20.512951540133297 46.720137877565264 -17.69024221691067 -6.160600196966894 -10.603181773394338 2.363718153438403 33.951998976420626 41.3982293131068 -14.331240896060198
48 1248 0 0 0 -8.415099885195678 -0.01953351729605204 -4.977900740949886 24.452491109503224 2.5069875617522497 40.42111888950447 20.12226597781004 -0.25007382025937297 -27.62719538693856 -2.8358410816452846 -33.82117994781125 -20.72747300879869 46.78493874548612 -18.16028603475724 -6.613310367035347 -9.950879565898385 2.483201805368786 34.404019547448314 41.495483874832026 -14.806594686914417
49 1274 0 0 0 -8.329953221317428 0.16373764549548675 -4.686577234503097 24.31138658285821 2.539787936310668 40.376061881859485 20.219993124971392 -0.02126712845531374 -27.490177321050712 -2.928972296560092 -33.63264757664602 -21.184913142525073 47.02497839046583 -17.67990816183275 -6.316630611328982 -10.208568548255238 2.723375352156886 34.2568565269043 41.11755458772211 -13.93894207514516
50 1300 0 0 0 -8.775155412293982 0.765083275663971 -5.152470034789779 24.792161108007825 2.1859987184286327 40.16977895143741 20.30165786844205 0.616471676452449 -27.684991809464538 -2.6396090642003673 -34.29530615333519 -21.032600207699176 46.10355044003862 -17.76445212406464 -5.8457600546684585 -10.089367961477725 2.9421229203565606 34.747894449881976 40.076961858612016 -14.337943481742274
51 1326 0 0 0 -9.311068716953018 0.4678094937262985 -5.554649444856903 26.0642117824718 1.9864099708412015 40.00751147307865 20.930402348881763 0.11639700919908218 -27.386551543139685 -2.758026415857492 -34.15977336325196 -21.216415182846355 46.732486174312854 -17.007564467187844 -6.088982196084505 -9.909686283932643 2.382391543436495 35.001858798145484 40.811999581474 -14.357628929867303
52 1352 0 0 0 -9.095730100268895 0.3318661408195184 -5.35006766067109 25.804870015299905 2.1986477590021902 40.41059932020261 20.779813607053562 -0.22799783148010308 -26.60636032817172 -2.6200417063556083 -33.872161846581264 -21.527785600556566 45.39030065745522 -16.653181923725267 -6.393723746015971 -9.31838819806667 2.455569315488811 35.3737731069732 41.11070291349155 -14.79949785505613
53 1378 0 0 0 -8.700359225273942 -0.01185627268571987 -4.965676855897847 26.14047369783047 2.0989487583462805 40.6885133321307 21.05689670258593 -0.2476622519046145 -27.182116194232876 -2.398817497693431 -33.67614407433253 -20.773255521890643 45.57436552916465 -16.924450598579295 -6.171809620796188 -9.004744291687246 2.731527055567503 35.13860457124274 41.28525407091433 -14.985705244940508
54 1404 0 0 0 -8.796879496005069 0.02444675232213271 -4.736328572476042 26.012171073614873 2.3175379364578554 41.036009950778805 21.1574758955656 -0.30281154518613496 -27.247948361401686 -2.1832281174982895 -33.907847396003014 -21.316091190006198 46.23771560742841 -17.457694198865173 -6.318292975454835 -9.245756870091942 2.7898395343317284 35.28691121165461 41.56446581035549 -14.371048826442813
55 1430 0 0 0 -8.921585416099663 -0.1318528674621847 -5.155034325149281 25.434608633227075 2.355895897271079 41.128310662111474 21.47718711437226 0.11910706054549695 -27.202371966712157 -1.9555512451524837 -34.11699461323988 -20.889512842782555 46.226296901677784 -17.826107612382884 -6.475747826533818 -9.49481325695669 2.848013170001111 34.95805036111441 41.5382547209781 -14.55883792062535
56 1456 0 0 0 -9.451943145235623 -0.2958143296412092 -5.18390397808829 25.39259250464991 2.4371427415345224 41.25929413162272 21.319003465860273 0.02412484517402985 -27.668051914888014 -2.0587536967644415 -33.918723380904474 -21.011578983643144 45.95373540470456 -17.613363406926315 -6.31501312851765 -9.524294729721897 3.2371946196703743 35.150165837097724 41.26497511335625 -14.68285066828642
57 1482 0 0 0 -8.916628081640331 -0.2285930502257972 -5.000279693172092 25.59945606716701 2.486220462229254 40.73579609354809 21.026059134642665 0.11143488082592219 -27.608225370474592 -2.589054569008576 -33.73433409967508 -21.181475750550593 45.92277168198854 -17.361675887663996 -6.420499419063138 -9.844348947226289 3.166658631177935 34.84994970629484 41.17911476188404 -14.827373674719569
58 1508 0 0 0 -8.856528703636101 -0.28047422965799085 -4.802563549695817 25.442276214739785 2.382085698980016 40.64256597430776 21.37196365056773 -0.11071691915164847 -28.084726106899172 -2.4575869857200567 -33.210722817494776 -21.40452813803101 45.93978789788843 -17.429909052646533 -6.3879440590908825 -10.144231043157657 3.023427633677323 35.770110499863975 41.4441094001958 -14.921087183205762
59 1534 0 0 0 -8.765504772134818 0.23480078789337996 -4.555521034153529 25.258367420118546 2.385551323633435 40.42174043299231 21.158933081571828 0.11298120751617717 -27.76870833208311 -2.575466820632735 -33.52754940106786 -21.278879854330917 45.88707208282477 -17.694550999967177 -6.251768623201595 -10.081791640730769 2.863964305389225 35.44613393028376 41.341963114930245 -14.65712964403708
60 1560 0 0 0 -9.087298989421999 0.44980335236532615 -5.0357867538889 24.962571329870794 2.154058428436204 40.07594897414059 21.100521262536045 0.05275893909501575 -27.80689055061812 -2.7240441970937312 -33.31654032797957 -21.359044377776325 46.255398649689404 -17.5444186837523 -6.426173383089148 -10.114657204372666 2.9326898081014225 35.74712984034013 41.05298304906911 -14.674616898390722
61 1586 0 0 0 -8.88137481078133 0.562399154617592 -5.172351298887994 24.85720087819641 2.4083273146494086 40.11748762637418 21.007035967030347 -0.16838117368755315 -27.53643322001554 -2.9993453852544207 -32.960505139187724 -21.326383673852774 45.92020285328962 -17.104716016681483 -6.796126944328985 -10.070397591909375 3.028368276140088 35.53278193642318 41.16831603531545 -14.75827793000942
62 1612 0 0 0 -9.0661810176609 0.322790286206278 -4.847526780221012 24.792488746425235 2.313196589596908 40.32718266874966 21.14461843622154 -0.16143223961860131 -27.72800074765823 -2.971737218982781 -33.16180376531252 -21.212353229656088 46.18065519934048 -17.19822482334008 -6.756835142713103 -9.984545152132247 2.848810483892027 35.44133191461939 41.145495658822696 -14.762765601029539
63 1638 0 0 0 -9.047667540038354 0.256089854118981 -4.93559134214562 25.05767919765267 2.1200505792692423 40.384876368792476 21.127775737727294 -0.21003059194949192 -27.689217041328533 -2.8219982866386 -33.166505625668115 -21.277737289884392 46.400752849215856 -17.12668624667198 -6.676559154703492 -9.995831382299098 2.657425086397548 35.69021769285999 41.338840817181385 -14.902523084770246
64 1664 0 0 0 -8.957237600014965 0.22596020446518314 -5.063217477582333 25.20479493872275 2.2558503195436552 40.26632331165945 21.346156044727852 0.07099606197895006 -27.630014426177762 -2.6734880277532636 -32.74857128844889 -21.32595360679216 46.33809135806959 -17.02379947980447 -6.606057062659831 -9.949875713582264 2.7162299741085496 36.027215972959084 41.69095305822249 -14.796592486963913
65 1690 0 0 0 -8.86699490149109 0.4284667456662198 -5.065995374585602 25.142659547975285 2.2594183572299715 40.38154340818689 21.25694666164482 0.11745453800250588 -27.477973131168326 -2.5371670576620593 -32.643531071908576 -21.278066831258855 46.15098885576657 -16.9698850816314 -6.632575397454393 -10.275275168866294 2.5626182111776217 36.14862499996121 41.58962792127271 -14.699844441417277
66 1716 0 0 0 -8.733977003177971 0.4149637887924859 -5.092396512987597 25.48368900171401 2.4573625740985787 40.23314439139248 21.379218100061518 0.042909347548808145 -27.585925733977955 -2.4670045897486914 -32.49810207239358 -21.057277067502383 46.2244818877905 -17.1638948853995 -6.537142009908938 -10.429745171864298 2.588160946906124 36.17607726363685 41.544298518159 -14.815232127685872
67 1742 0 0 0 -8.64788454403075 0.4145802104695284 -5.211143453040711 25.507827273515765 2.245490134597333 40.167490508962274 21.25366531434663 0.18325360120260942 -27.706363611518835 -2.4672698987640014 -32.223684552675145 -20.938617418591928 45.86248254538207 -17.26930793011704 -6.843596845882406 -10.713156882955355 2.5734006594153587 36.345136893688654 41.341854486354976 -14.856723501158209
68 1768 0 0 0 -8.868345712077877 0.5872905707162069 -5.057235549319424 25.420885635815086 2.454492507629234 40.37953681465147 21.170379191492707 0.16686011069704104 -27.722984404593866 -2.424947808915027 -32.35511940948036 -20.598930197745638 46.043864755385734 -17.308581140655285 -7.0802825711901995 -10.631673066462088 3.0037117477195627 36.69287919962502 41.273110382547095 -15.067112030502182
69 1794 0 0 0 -8.655618878684876 0.4275410624125121 -4.777226523325485 25.42380426308321 2.373165849058467 40.40705745314882 21.206169545425592 -0.01827541041725623 -27.776089121169637 -2.3553978059203176 -32.44427043302939 -20.503230517440915 46.07824428576652 -17.25053816190224 -7.086940789776832 -10.451268594716364 3.0332312321509662 36.53957142533035 40.99904710871424 -15.107261787050962
70 1820 0 0 0 -8.507349090919556 0.3472890312246681 -4.955800047015148 25.53503518116741 2.5601638082646936 40.455889043020015 21.158061878825727 0.07450009001578689 -27.86422875803235 -2.513080215311005 -32.31083122186422 -20.46197891625209 46.000969530807566 -17.53494433029477 -7.027126711390826 -10.443017989846023 3.1788536051113776 36.6439163791352 41.28074486575266 -14.907563568926012
71 1846 0 0 0 -8.310531185138082 0.22022477304098567 -4.956262598453453 25.392933249603615 2.392935317507496 40.64132722393488 21.143849548351184 0.0723369852999644 -27.8573796271343 -2.4461307388091793 -32.30894679464993 -20.650052551285835 45.880039919826075 -17.316092449183706 -7.01144915055593 -10.551970952281932 2.9469268757855493 36.914828035750745 41.2417774572111 -14.826364309283212
72 1872 0 0 0 -8.487085854267118 0.23404489948707619 -4.988913882465638 25.39497241717685 2.324902598677049 40.658834456782564 21.061025156061746 0.11333643752613246 -27.713963386322604 -2.785427940663177 -32.12780071204807 -20.74266696185021 46.083060779042036 -17.351649011444167 -7.291741050718184 -10.529228473157396 3.034675515185624 37.16269611138928 41.16461173025381 -14.92276430028388
73 1898 0 0 0 -8.463230354536101 0.16039524238564692 -5.059316420566805 25.589742295738112 2.3223522596652946 40.73037177950842 21.07594494382127 -0.05978305947551203 -27.661333241275962 -2.9457230777827084 -32.20681643798826 -20.918581605428635 46.10595327726781 -17.481425363553814 -6.904890854352096 -10.60385814192214 2.7841737698955 37.43343517292691 41.189067764261516 -14.791043535989902
74 1924 0 0 0 -8.55177734540515 0.2014180732742047 -5.112919257981936 25.45013296551363 2.291108992568873 40.6584156771789 21.078606271731424 -0.09234283241191105 -27.712795595484376 -2.90049116892288 -32.30180468766478 -20.723660606395534 46.09581104329773 -17.673643699865337 -7.187028776863768 -10.349993334202098 2.9084767129972535 37.496817517536876 41.25112253846948 -14.9978855979333
75 1950 0 0 0 -8.683369170661567 0.2021900471011712 -5.11637909400504 25.427547317206077 2.38859605152601 40.58527414225275 21.21950399019408 0.037533060937932135 -27.52990823985497 -2.556090939298285 -32.45147613920624 -20.66545055383529 46.18973248434375 -17.71637407036674 -7.12373809139854 -10.397911806461194 3.031832810594168 37.08467712245139 41.33213110217751 -15.002715945593646
76 1976 0 0 0 -8.628601896604865 0.2362882842107152 -4.994164215704328 25.43605746780505 2.2474742410826574 40.578291302448854 21.241662465882605 -0.08051350062624948 -27.54131524597523 -2.5990462805603047 -32.422880075557416 -20.794015215389535 46.11670603984503 -17.98325545929273 -6.805633591454714 -10.332142904625442 2.9695940205291738 37.07317947800382 41.23989222728157 -15.00620647833678
77 2002 0 0 0 -8.637680872139631 0.28910625810551827 -5.096500749744615 25.210985736390768 2.2922108740515297 40.56076739216299 21.086025069003174 -0.13017822313485733 -27.48034112163652 -2.601053700244553 -32.419602278256974 -20.90189845396749 46.027542747977705 -17.873335714617177 -6.785306376796027 -10.477442035044163 2.888251213208214 37.0421387909084 40.977577290066286 -14.978121912580793
78 2028 0 0 0 -8.80040553376484 0.41604125570846906 -5.126352161211279 25.299544005793216 2.2839544263412743 40.5275410140044 21.188002585306254 -0.08956912315390804 -27.504611155906588 -2.4027875825797236 -32.42147200987651 -20.914741317184074 46.11029752088983 -17.848771358332463 -6.852246669798779 -10.29311754303268 3.088245227668351 37.20285436662199 41.12729376832026 -14.847994012913693
79 2054 0 0 0 -8.825602517380895 0.28306617574766313 -5.077322033671998 25.384242096987325 2.2710608377199932 40.57625621897765 21.175471420534485 -0.2566922944315703 -27.553066146696338 -2.238548393900585 -32.430530049659176 -20.969783248068914 46.08261411697233 -17.648205202094157 -6.889068360930889 -10.074361214746004 2.998284969542362 37.205918729759226 41.209983772347115 -14.93460313026843
80 2080 0 0 0 -8.670504798983925 0.3034857587048332 -5.175316313540098 25.478732032723677 2.4266284392143325 40.62293672430051 21.15484225797303 -0.04740547613869187 -27.66393816681141 -2.178105873841539 -32.43536058938069 -20.964602517838312 46.12967031303227 -17.633213064548205 -6.883409148049065 -10.1475077397972 3.1279149080312605 37.203537139167814 41.28972490413004 -14.979648913089246
81 2106 0 0 0 -8.692045517894265 0.31537780646471414 -5.2153628152822975 25.448536875014323 2.3544258608233064 40.6314485884688 21.218612905682757 -0.09301857841579106 -27.677248189865768 -2.1867958062988047 -32.5693811433257 -20.902248701724382 46.29758968579045 -17.832630197270582 -6.883953527808905 -10.246561420743848 3.151108103516313 37.205265971816935 41.20844044339691 -15.063405400724816
82 2132 0 0 0 -8.713225201576783 0.2743814821147323 -5.195065341489575 25.273408564388593 2.360507508972103 40.592415792439134 21.079405062086003 -0.1802563772858531 -27.60095443281247 -2.210160191648258 -32.31292677090111 -20.897358994351915 46.07184625277361 -17.711771653554063 -6.930169827631768 -10.321105397233904 3.1677066970073535 37.12445304217165 41.12492037900585 -15.160818518278502
83 2158 0 0 0 -8.641844638103356 0.28670058113565966 -5.262244872552846 25.326664360789234 2.3140565970005804 40.56221065253243 21.152945259843523 -0.09753848682374937 -27.71484955473688 -2.164166543413483 -32.25330553153726 -20.970194991206707 46.048979698576424 -17.595845844499127 -6.821100819543384 -10.383786257919553 3.1142279332925624 37.232422978879725 41.051626032903634 -15.023073483149826
84 2184 0 0 0 -8.66040348018765 0.27697793812260263 -5.185184655245841 25.45667208634222 2.4069658808400667 40.565790291296615 21.132311301051327 0.007602748398531952 -27.69257614424784 -2.1829546584810706 -32.335503115495186 -20.935493313792698 46.1039156350776 -17.640410308580563 -6.862205260011243 -10.299450759974784 3.0804991398279116 37.12761515204206 41.04541925400243 -14.962239560287719
85 2210 0 0 0 -8.653809690298486 0.24496847063820282 -5.11502956246738 25.397016035747054 2.4049627499982993 40.65938654755688 21.032223622805873 -0.06757555805426249 -27.754209135808026 -2.193059009219935 -32.351529150230064 -21.06351031603403 46.07412389399734 -17.6665819015179 -6.902223082209339 -10.34272505829078 3.0771942322973156 37.07763850599192 41.10134971206389 -14.97157663648136
86 2236 0 0 0 -8.68926289218519 0.22461020925603434 -5.116849871821066 25.401679820657456 2.3971269845431777 40.58298206803262 20.993894676407596 0.024206207157897553 -27.754505358530203 -2.2323238069406153 -32.29415913393506 -21.090379762789144 46.132830085553906 -17.691831594000746 -6.956310502916167 -10.32913212059554 2.9886240177440593 37.086315940553284 41.03987700143257 -15.007650029206491
87 2262 0 0 0 -8.682156940170087 0.15045491544797365 -5.061008915079921 25.432540277339637 2.385857992102839 40.538403431934036 21.074681865706676 0.0754333901187616 -27.839297454208147 -2.145011862275119 -32.18983040595878 -21.087417785500403 46.167082960316996 -17.70619360141461 -6.943060459279039 -10.43721346065057 2.9670733887279086 37.10624258450476 41.10579330936481 -15.055344188790352
88 2288 0 0 0 -8.699219556977033 0.15213231173401728 -5.125155958222842 25.470801555571644 2.4554143863728886 40.55942664736597 21.113591412490603 0.11293610648256765 -27.753757957809945 -2.128336018387995 -32.129173971922015 -21.084925055717687 46.24080051139122 -17.680680091062143 -6.968613288612047 -10.411880516263684 3.114976600136333 37.11507058823514 41.098617858548444 -15.018880152938875
89 2314 0 0 0 -8.633550835414688 0.16507840758984163 -5.0934241826727815 25.43374449649161 2.3828620659507314 40.579232376627786 21.121396606314832 0.06794318672030103 -27.817703205293455 -2.09046823140815 -32.13462779792148 -21.149132389507585 46.188757274220606 -17.646745525442682 -6.970446174297045 -10.430904203809048 2.9465885097601228 37.11785156784493 41.057347056727416 -14.943580944082836
90 2340 0 0 0 -8.644231504815822 0.20606445087533268 -5.119087423256387 25.49884515021906 2.3853787671509465 40.53367031723559 21.079772059888658 0.10226621017428325 -27.769913302714727 -2.1238466828581206 -32.14498924910275 -21.09408712120406 46.16654016140877 -17.657245961960417 -6.945945140229689 -10.475887903156323 2.952031626324312 37.01403783276985 41.06364160598412 -14.96992526364658
91 2366 0 0 0 -8.641735601805342 0.21319761074455168 -5.108810375852046 25.41698599868002 2.379411128037893 40.51476569966255 21.07604797417311 0.13344432988085095 -27.73245449742217 -2.1559014754704395 -32.08543546037915 -21.082307147912623 46.17869255153518 -17.579806411786414 -6.989713244936286 -10.450992963319043 2.945941595810203 37.09466909248856 41.14105269314801 -14.995477399188061
92 2392 0 0 0 -8.681150358157836 0.29073340592780034 -5.054274952406976 25.351510685646375 2.369456097755499 40.5292898716084 21.08549977897738 0.0944968570573094 -27.74324106331223 -2.122136094307483 -32.203323566849264 -21.120750474119642 46.26511254199841 -17.611970374560027 -6.957350470951764 -10.410018990312484 3.0340237175972518 37.219721222387825 41.18617491958173 -14.951826730408822
93 2418 0 0 0 -8.673366675404624 0.31036051878861015 -5.034643077433711 25.34838093485663 2.3847039517917192 40.52405239137084 21.073851172730706 0.13111716918420266 -27.718580014674227 -2.0606313799635454 -32.20160500309149 -21.10151123005177 46.22741505378087 -17.617515555918782 -6.963746980589331 -10.38451075078782 3.000399483845425 37.20503321238077 41.16445710999747 -14.912497056962101
94 2444 0 0 0 -8.644298871776659 0.28380615852733193 -5.037541105069479 25.36367901993932 2.3661679185754068 40.51878059249842 21.067502099629348 0.10543884887293622 -27.737941481347423 -2.06228356921244 -32.196621417033754 -21.035873181511914 46.204999126795826 -17.65905655539545 -6.98458249314366 -10.400714873640577 2.999609470703588 37.20709321897386 41.18183421168643 -14.930386357596987
95 2470 0 0 0 -8.662551083630667 0.255287267476467 -5.096630394920122 25.313813357359635 2.3901044495177386 40.48883877711143 21.03989219775993 0.09338721833191181 -27.733695885599293 -2.085526650449163 -32.159876464248825 -21.01660376175621 46.18534248853648 -17.656468305985932 -6.975232133213186 -10.426251216301706 2.9737278383042876 37.2326407970498 41.16083811256268 -14.86156547555666
96 2496 0 0 0 -8.656677020700402 0.254332310176792 -5.103964265146506 25.321002446014596 2.3993759818301497 40.452691444434365 21.061983302300575 0.07438253918053381 -27.76515783162955 -2.1309640272965167 -32.199096854868955 -21.043993640674344 46.21704151798044 -17.622152433976947 -6.951908269068128 -10.445213841717461 2.9775605408506043 37.26593222861066 41.110566592407764 -14.855983358927052
97 2522 0 0 0 -8.652248667112213 0.2741628149356783 -5.092209328788146 25.374489003048527 2.4213917933539677 40.45725706292728 21.064496865174682 0.06921341291154713 -27.802590706283556 -2.154142090256075 -32.18308820865173 -21.07356671573209 46.20879545705137 -17.666009189012424 -6.914599117532546 -10.41996212698667 3.016529814788573 37.26903954650711 41.09615662421127 -14.872991928095512
98 2548 0 0 0 -8.677355907179633 0.3056448160711788 -5.097204623854951 25.380933539099065 2.382147894105939 40.483932549034975 21.04726996886526 0.04838694518900833 -27.76120958607093 -2.161143405631904 -32.13918944948437 -21.07128968145577 46.25092135176267 -17.663198730384515 -6.874696417740386 -10.383028596175244 3.0500450652363718 37.27783229436271 41.114108709831086 -14.872347893082852
99 2574 0 0 0 -8.663350021486549 0.30377776461368705 -5.103570684195182 25.363961603374072 2.4356366433961836 40.4772812334044 21.055728290029144 0.059691003030312086 -27.745361528798966 -2.1979403828231208 -32.1390746834138 -21.071760543744823 46.264198202495706 -17.679523962469563 -6.882625737280133 -10.352349648800942 3.0631065112048517 37.232138158177115 41.104740877999205 -14.89598652258081
100 2600 0 0 0 -8.655466334306597 0.29219963153853834 -5.077778908315771 25.352102524305415 2.4584348787132675 40.49485246848345 21.07514388218323 0.08100659262888872 -27.74201781800859 -2.1920450470865678 -32.08905784754721 -21.119685772936272 46.28610102423556 -17.690330304543327 -6.908027937728873 -10.38645276175842 3.0888883934664646 37.198330134438585 41.07870221532119 -14.923505755300937
101 2626 0 0 0 -8.63887073511401 0.2895368501092708 -5.029057662243336 25.37541215953723 2.4239145215718465 40.485662758931745 21.113423877856977 0.06463937160575377 -27.76529832371948 -2.1796982146366917 -32.120641066900156 -21.111647311028428 46.28579729680359 -17.710353807261257 -6.9278580825272975 -10.394972368702476 3.0822675954077243 37.162742626559044 41.09518891484284 -14.89038045332953
102 2652 0 0 0 -8.633313310685073 0.3030170960878532 -5.020456381942012 25.38232087557236 2.3791488024406098 40.478791171515866 21.126764771889604 0.062048579288323615 -27.74050118813727 -2.2002217091593272 -32.097590828925306 -21.11766133944173 46.26285825015247 -17.690023360510594 -6.9450795902784455 -10.381034110805825 3.0855562484716557 37.206350128409014 41.1166511376088 -14.863714863533065
103 2678 0 0 0 -8.611925329936184 0.3111646585175986 -4.988923149713449 25.400212302359247 2.38798973607406 40.45637553227482 21.13738695726751 0.04409046023032551 -27.766151061705937 -2.1923022029345574 -32.11168572020118 -21.129854716382706 46.29315771347784 -17.68437513932217 -6.938799352000595 -10.414284653912967 3.0729223747321543 37.19326606818101 41.10847764708201 -14.886928980742486
104 2704 0 0 0 -8.615365074452283 0.3186009588083264 -5.024520811248016 25.3672551970766 2.4050006528107613 40.44851878208229 21.112833064739657 0.06705065051586313 -27.712479725429077 -2.175900167838577 -32.072095321427 -21.13754905750256 46.23491716216181 -17.683446325866836 -6.930340211747603 -10.399631695393955 3.0614220399218417 37.17443738017703 41.13068271246283 -14.913408631733363
105 2730 0 0 0 -8.609591733875208 0.29903219418753585 -5.029425892738855 25.371746313441097 2.39687606189378 40.45497912008199 21.129918684910702 0.06450409829303876 -27.722316493879287 -2.201745096755533 -32.05651466293397 -21.140879496597105 46.2697109075446 -17.714841030796048 -6.90702917098143 -10.391574102831004 3.072951848226538 37.206819844003476 41.14449953569477 -14.939340181931728
106 2756 0 0 0 -8.600894734691211 0.2797185110211991 -5.043824447918133 25.350804324189166 2.3818166017588127 40.44030811227621 21.14290379456125 0.05540631226074904 -27.693996995960724 -2.194160631013762 -32.06528155001312 -21.13543501125988 46.25012407250861 -17.72784787031598 -6.918536801451872 -10.390824309080456 3.0537324474026333 37.19599307712302 41.15270148917084 -14.942755772794207
107 2782 0 0 0 -8.605950806618493 0.27482087677748124 -5.014317954644576 25.346516134578184 2.407330254848152 40.447502308890485 21.158450486173333 0.042506235904062016 -27.74426503872044 -2.1771343167142803 -32.09527383054394 -21.140836393532307 46.26061817506889 -17.70455835462874 -6.918230562847515 -10.36619883220966 3.021138638188718 37.16056884066807 41.152310090522036 -14.901109865941411
108 2808 0 0 0 -8.593732232375052 0.29185941568768303 -5.023120808625742 25.362393805705228 2.4102074571355794 40.47695290763516 21.143649347219174 0.02909822866368812 -27.745314722532044 -2.1988068259150837 -32.12287402909062 -21.123921797290443 46.24634225008361 -17.687283659563104 -6.906992383268423 -10.361811839690327 3.0416507149274956 37.15270639055507 41.129178496654205 -14.905823382488013
109 2834 0 0 0 -8.595744645790509 0.28641522328980407 -5.056984905481634 25.352523291751307 2.4173238927803578 40.48443162775325 21.121367822064933 0.08148086163552809 -27.742014884749622 -2.184843854111361 -32.0983792201102 -21.128748190373614 46.249687919954795 -17.678810008570814 -6.91423888750837 -10.37801805657334 3.0466085997115693 37.157326558597205 41.12593181131716 -14.919042564794795
110 2860 0 0 0 -8.606579029096967 0.2732041065565358 -5.033113518774738 25.357682206503014 2.4155923598324165 40.49043405034615 21.10766067184072 0.049892772098477374 -27.744409387011903 -2.1767453421859853 -32.10163312983272 -21.121390967153435 46.245634704247045 -17.666016031360286 -6.93319194833478 -10.372994530538657 3.059207124210638 37.13417682917797 41.09842892176955 -14.921756312017308
111 2886 0 0 0 -8.622490379422723 0.292925667508998 -5.022600086797669 25.340489609025745 2.4285133879805447 40.476476781677654 21.11303054970347 0.04372428766872719 -27.71691872123693 -2.166623349567702 -32.08871596170367 -21.131745083733467 46.24718639114399 -17.666907381764258 -6.939698580726352 -10.39153364080055 3.0761272971866975 37.11101094391173 41.09334501252612 -14.920335398766767
112 2912 0 0 0 -8.620479352374034 0.27432901441432356 -5.029568415443425 25.348209421221906 2.4252510247328174 40.50336247616785 21.131651700225472 0.02605178772186668 -27.72053816806567 -2.1909851919846277 -32.1034921661949 -21.12537281952366 46.25837594548981 -17.6763470139515 -6.944371447098107 -10.419978817030128 3.0813211454739817 37.11210229076752 41.10347107965313 -14.922892709341845
113 2938 0 0 0 -8.619068431446488 0.28404915479690057 -5.0559531194911855 25.365878543986305 2.4284735459798243 40.49729765025902 21.13431952625358 0.02059628604548615 -27.74532690397611 -2.1843831481569946 -32.135862407100184 -21.128114548412398 46.24881683455529 -17.694325649207126 -6.948600655949648 -10.410953770066023 3.0927887230293774 37.12248892187164 41.11473862895365 -14.950514702862181
114 2964 0 0 0 -8.618860140972213 0.2911314782477571 -5.051340720139977 25.365759146477878 2.4196113522925624 40.5003106696577 21.13882219571109 0.028642264897761466 -27.733055785390036 -2.1800640717744333 -32.123657237919026 -21.13358509248654 46.25138304509084 -17.68068653356951 -6.939997939587773 -10.405460735455453 3.0760916403023253 37.1462565989991 41.12479052945423 -14.95008563283729
115 2990 0 0 0 -8.595497739208746 0.2882453145310704 -5.052940020953665 25.373618166440128 2.430510464943538 40.5064108352232 21.14385200649529 0.009709069505666107 -27.74189378367891 -2.186205700273601 -32.116928084349595 -21.121846615471064 46.241112403046166 -17.67463477810854 -6.9473716620069785 -10.411345544718225 3.063194162974479 37.15053572163244 41.11640415054571 -14.942683362124598
116 3016 0 0 0 -8.588789463620998 0.2757759242482536 -5.049939305535205 25.388904336953406 2.429739834839271 40.50379286932352 21.140768133039405 0.0033028998922414324 -27.736050726477256 -2.195058585470602 -32.13317504671695 -21.13315667443836 46.247240565159395 -17.680801320335767 -6.950403158774178 -10.409479219711903 3.070616102974253 37.15150795393743 41.0995267885018 -14.952067079810567
117 3042 0 0 0 -8.59749987410383 0.2829352928204282 -5.045920004618933 25.38013200738417 2.4307359970531603 40.4958628274589 21.12615464511449 0.0015822614869936114 -27.743239351138122 -2.183507342242898 -32.12528096599479 -21.118184786427058 46.24439285720996 -17.686614376112626 -6.938407411951497 -10.395623759196623 3.067561704887902 37.15514266187587 41.11123996131415 -14.946746608117005
118 3068 0 0 0 -8.600207034348655 0.2834041542220359 -5.046091981477581 25.376223840989066 2.4327708247930175 40.50032484452606 21.111299819623216 0.012321704311594734 -27.747173355488627 -2.182370372795842 -32.131300592767786 -21.11886085296793 46.254040558516216 -17.68848660370618 -6.939707784523937 -10.403630405360426 3.069618008465882 37.156822995376466 41.1220676407284 -14.935510440236266
119 3094 0 0 0 -8.605772570166483 0.27755751404704404 -5.041647182830497 25.37037275538979 2.4441021234956355 40.49683677084165 21.104611824024403 0.007910854280237035 -27.748019774392503 -2.183299747651991 -32.14500316198869 -21.122967025306956 46.25767416712908 -17.685510570431294 -6.933969491428194 -10.3910905084003 3.066398776729372 37.16467004377404 41.13164761404091 -14.940492116358447
120 3120 0 0 0 -8.602454583605601 0.27980513526034223 -5.039352884762636 25.387275368335825 2.4298086169116186 40.48682939494296 21.098871624260234 0.020313344081710465 -27.745470886670002 -2.188520586897026 -32.139929727689136 -21.11412642004254 46.24927242256239 -17.687125171071113 -6.933792418637728 -10.402963326509607 3.075281855001041 37.175553430662724 41.14063769368139 -14.953740468358975
121 3146 0 0 0 -8.608677631199093 0.2806376489105089 -5.042856287208028 25.38804945187393 2.4376048612685035 40.49095396278802 21.106061717381902 0.02843283195454981 -27.740037264777175 -2.1925659544527685 -32.13144275471144 -21.118955650702546 46.24748167946526 -17.682119585894903 -6.948518020887665 -10.407223471057772 3.0734996059350337 37.172183590549494 41.13180528497264 -14.944234527443747
122 3172 0 0 0 -8.607728073860626 0.286963145183608 -5.039719579583487 25.39910794292139 2.436513072609086 40.50325454456997 21.103627444960686 0.023035481077480824 -27.734589379332924 -2.194030962112183 -32.138246637112424 -21.125467130650005 46.2431037194625 -17.67906643360779 -6.949233065683616 -10.400527661312848 3.0694319012254465 37.160233907659894 41.129658285628466 -14.943108484629821
123 3198 0 0 0 -8.608126099714033 0.2814212899254837 -5.039847021835431 25.39575476121161 2.44348693388744 40.495301842334115 21.105870060268156 0.016681707938338612 -27.754240378782757 -2.1956569477099244 -32.14573569370585 -21.129821751666213 46.25132605611165 -17.67644814351663 -6.937675351634466 -10.399600085485698 3.06858492630517 37.164824948486945 41.126894766194305 -14.927376347483337
124 3224 0 0 0 -8.617162124290424 0.2805171766088128 -5.043275820847834 25.389430029589874 2.4384886514990254 40.4972035710765 21.10628176472525 0.02997919393013013 -27.742121357596822 -2.1932578934677665 -32.141032930810546 -21.129509537661782 46.25114562709558 -17.670103278522635 -6.938617773473506 -10.395868183965206 3.0720319255906468 37.160992675587394 41.13778932750937 -14.926075561101825
125 3250 0 0 0 -8.612812426560263 0.2856885921950772 -5.037804533362487 25.377971207878538 2.4430456497658812 40.498010467526186 21.104876659274378 0.01472568130744556 -27.74141615689487 -2.1921644991032934 -32.14558614315459 -21.131713414838632 46.25261612209388 -17.674762766496666 -6.937525193409866 -10.39743883332516 3.0758550131352114 37.160511419916226 41.12857448460143 -14.92329735909332
126 3276 0 0 0 -8.612021299152183 0.28015455337713646 -5.036358536568607 25.39061083760897 2.445725029323906 40.49826924296619 21.10282400969396 0.02826459654289213 -27.739202011337778 -2.1927271993668076 -32.145026229652586 -21.130514771909564 46.25294130749345 -17.66877704473062 -6.936025141680056 -10.395897105573892 3.0749402324115875 37.166349352253434 41.122628256770525 -14.918004168595955
127 3302 0 0 0 -8.613296367369824 0.2864382309680117 -5.040328638997093 25.390510586763632 2.4526363383765326 40.496491876758995 21.103765329075042 0.03163504982490956 -27.734695485435548 -2.196008444723511 -32.14800874613461 -21.132107086273145 46.248525296537224 -17.66499028595933 -6.935309625782278 -10.400267865769917 3.0780468959020704 37.16981477433321 41.12902849680655 -14.913650639032157
128 3328 0 0 0 -8.617641462149178 0.2841647484480763 -5.043253936218747 25.3858584702404 2.453464645467483 40.49658016964993 21.103739861007845 0.03195154840601076 -27.740215686220992 -2.1966955999215454 -32.13795907039005 -21.130953104154717 46.244897889127365 -17.67877543587954 -6.93211207556018 -10.397981869593698 3.079219039563344 37.16936576934083 41.1277442883674 -14.913203790494212
129 3354 0 0 0 -8.614557220439206 0.28271855981695526 -5.044020074609728 25.386397485444117 2.4538932160447553 40.49477526752189 21.10487650563571 0.03395365846574075 -27.73927248738016 -2.195499995652361 -32.138240284837124 -21.13332005416311 46.25453150502395 -17.66923864869102 -6.931190992559533 -10.39971139899562 3.0785916981219015 37.16561586959275 41.12767570104622 -14.9153983769584
130 3380 0 0 0 -8.619189900393785 0.2772605926098778 -5.045028935143068 25.38800788010597 2.453839324154668 40.492469157547035 21.10097328071806 0.03381435426611375 -27.74196696662643 -2.193431169635259 -32.13597375614093 -21.12969165203925 46.25663197694349 -17.67334904629793 -6.934177353751352 -10.401224116152438 3.0734178704874346 37.16113504954372 41.126041512351904 -14.914974754979225
131 3406 0 0 0 -8.619658519226224 0.2789461720457965 -5.045750950772688 25.390021735719813 2.451907433047514 40.48908975774501 21.10294469360126 0.03597213013624952 -27.741790160372283 -2.194733721700021 -32.1388200765663 -21.12987658993825 46.25739542524224 -17.672421858699984 -6.932324524854445 -10.406862785484256 3.0704679673453024 37.15969558706527 41.12444175022208 -14.918051004061764
132 3432 0 0 0 -8.617544008795267 0.2804029766841205 -5.044620731922905 25.3928034537812 2.4454385845407844 40.4886977633883 21.104259291497367 0.03437391438417187 -27.744867702991247 -2.1948592394709805 -32.136911617251506 -21.133806695854204 46.25696596762747 -17.670603786428625 -6.934856776853363 -10.40895349857473 3.0773142982746893 37.1656532272641 41.12333556643992 -14.916775729083682
133 3458 0 0 0 -8.616883055538842 0.28163226347172965 -5.04202214647524 25.396423492914447 2.442242552632471 40.48740084101451 21.105884467264666 0.036694579993800436 -27.749113295560917 -2.191645697428817 -32.13755738288798 -21.13869556000993 46.26093034802959 -17.66548283971563 -6.931845341620573 -10.404638273964322 3.078808006510372 37.16696894011536 41.12609003011994 -14.918670989343818
134 3484 0 0 0 -8.61782930702569 0.2780194168645589 -5.046206760830608 25.39368764923845 2.442916477838575 40.48359797805523 21.10641256328069 0.0363497811198339 -27.750036033394302 -2.19603903994313 -32.13160168508521 -21.132865396158305 46.25517587350545 -17.666768966416974 -6.931785559723001 -10.405190040534547 3.080283778548394 37.166513259375606 41.12581939307888 -14.920255277505266
135 3510 0 0 0 -8.620158784054668 0.2807027754690261 -5.042567798012547 25.391402400456265 2.4435984252595357 40.48543875048125 21.105747812410968 0.032832340986068125 -27.748127402478275 -2.1929972800074666 -32.12838902759619 -21.13318958789156 46.25409925518364 -17.67101811896439 -6.931537209228852 -10.404674839826065 3.081328275782853 37.165505994185814 41.125757343302006 -14.9202816350535
136 3536 0 0 0 -8.619340780710733 0.2798733807496888 -5.039113384899027 25.390445666678918 2.441474315755179 40.48735618101554 21.110222702625915 0.033441198009203914 -27.750141510125324 -2.193843621578574 -32.12857152064553 -21.13850170348899 46.25150110527347 -17.672475021549246 -6.933140250328215 -10.406643192004688 3.081832999228361 37.167644805997504 41.12344646640762 -14.91810258138823
137 3562 0 0 0 -8.6188779806081 0.2753554972078293 -5.0424775766177055 25.389016731610106 2.4394325137339186 40.48682771986721 21.111331273984266 0.03348856004861055 -27.74458296471922 -2.1913208003158062 -32.132103388214695 -21.13506423029487 46.25359749820056 -17.672537339217563 -6.934587119456286 -10.403207219200771 3.081564359121917 37.16497290944164 41.12440861325101 -14.917203451693968
138 3588 0 0 0 -8.619794624514284 0.27526594639971497 -5.039563459949537 25.388878552433916 2.438949561897348 40.48906115713001 21.110746746663924 0.031021867650059393 -27.743698245480115 -2.1927291073501483 -32.12938827815603 -21.13364874400272 46.25122898018923 -17.672401964359906 -6.935866060692501 -10.40039360020574 3.080454345112754 37.16657608778337 41.12711113753767 -14.917378082956462
139 3614 0 0 0 -8.617830203053828 0.2787854817371378 -5.040677980064969 25.388688365467768 2.440453932194855 40.48713570444009 21.110308415849502 0.030276587852472798 -27.7473178971398 -2.193039617721721 -32.1319173482648 -21.134601844502466 46.25184542775236 -17.67041503465163 -6.9346477438918335 -10.40379975446947 3.078001171912707 37.16485231054037 41.12922674368226 -14.917176438161208
140 3640 0 0 0 -8.618925440200767 0.2788798159514615 -5.042327252870863 25.389658892569106 2.440414470579275 40.488197801217794 21.110756816256533 0.030811667428228676 -27.744896018148978 -2.1930705666031334 -32.133752729639326 -21.134563109613335 46.25218499387244 -17.67067347020061 -6.932854432189538 -10.403758901454335 3.0780012069671603 37.165032714479025 41.128698978017546 -14.916068031195156
141 3666 0 0 0 -8.621247139832208 0.2766101702753798 -5.0414699956628 25.39007688312993 2.436657961464917 40.488800602761486 21.112298786990955 0.03133527586098151 -27.74551796469253 -2.192928321335198 -32.1337710073755 -21.13397832015538 46.25239223789048 -17.67071343442117 -6.934770519167859 -10.403000943386516 3.0796296937786733 37.16508728856386 41.12982068821951 -14.914409722497616
142 3692 0 0 0 -8.621057910375978 0.2751698069000154 -5.041238637552082 25.389888576728776 2.437591657584302 40.48990388250648 21.11315715229689 0.03284525258937586 -27.746306913255 -2.1912171389702504 -32.133003218305404 -21.133630210077328 46.25145613119785 -17.670208403835787 -6.936145314436671 -10.401352669957243 3.0794183606061662 37.16415813574754 41.12845512771799 -14.914823665773623
143 3718 0 0 0 -8.619533823149787 0.27768856755777377 -5.04342750731442 25.38940010521307 2.438718323938178 40.48923824043808 21.112676554886473 0.03350539229823468 -27.74761605560768 -2.1922824538910084 -32.13333633134762 -21.133797608269372 46.24990783793785 -17.669295070511513 -6.9361486952936975 -10.400671668779683 3.0803787577788597 37.164244832392455 41.12864047328605 -14.914139865198996
144 3744 0 0 0 -8.619128701006186 0.2781412096110955 -5.042092536440979 25.391666662070776 2.43753050871654 40.4876978545546 21.112230645406544 0.03227783126029283 -27.75029234226254 -2.1916735128650733 -32.13363417323704 -21.134298789834435 46.24934614655888 -17.66913628293854 -6.9359866304966715 -10.40122374372876 3.078045248273894 37.163324082281484 41.12619856681035 -14.914317314951484
145 3770 0 0 0 -8.619491000630754 0.2781169907146264 -5.042240955314064 25.38921174665837 2.4361089498609028 40.487591850053455 21.11106483317046 0.03264101587959721 -27.74987959354092 -2.1920948265529967 -32.134112003757444 -21.13316677826028 46.24987977222567 -17.67146676138508 -6.936061160131605 -10.402420292839748 3.0780706674905853 37.16487605324026 41.12838241147569 -14.91504353644021
146 3796 0 0 0 -8.617710491828179 0.27820038815712167 -5.0414639881562 25.389983609917824 2.4365626950302373 40.48559849673673 21.112007762772837 0.031774912646542315 -27.748981897581647 -2.193701172062163 -32.13286906930623 -21.132673078827718 46.250476446105466 -17.670035150253078 -6.93532096307057 -10.401483729622186 3.0762099880351177 37.164956116209765 41.12771941631056 -14.914380901707558
147 3822 0 0 0 -8.617382590531859 0.2795764384973998 -5.0413623586601926 25.390141090631932 2.4384590433070543 40.486875962131286 21.111867342675293 0.03180912837528671 -27.74833390981231 -2.1929835225980274 -32.13305027794569 -21.13235238838136 46.250803753623984 -17.670350285714182 -6.934224476575555 -10.399698588136387 3.0769409795257845 37.16476797423605 41.128083226680644 -14.914714681317863
148 3848 0 0 0 -8.616565791466188 0.27937179993917943 -5.041345833973943 25.391229914296026 2.437555471915827 40.48662985565861 21.11199399399386 0.031252058633566074 -27.747198440914776 -2.192679244861608 -32.1323950881655 -21.132558457436346 46.248930699054426 -17.67010440946039 -6.934564536010133 -10.40078240196111 3.0772192751468266 37.16357401748066 41.1271510615885 -14.915035862467848
149 3874 0 0 0 -8.616577782886015 0.28101244887018295 -5.041966603677954 25.391903033688727 2.438552606403578 40.48689206844584 21.11135416378562 0.03163412892273398 -27.747055153554694 -2.192664816444248 -32.13330353217335 -21.1326756184102 46.24910721889555 -17.66805974547898 -6.933939765327186 -10.401359685902378 3.0768679984445457 37.165194326245086 41.127094815536985 -14.916208972452557
150 3900 0 0 0 -8.617457194267846 0.2790675575709763 -5.041769131771086 25.392377980936168 2.4378755825572567 40.48772786825517 21.110009795792443 0.032362365732546645 -27.74603946751432 -2.19266548272194 -32.1326671543755 -21.134207059599063 46.251046756764715 -17.669026628281816 -6.93375562769006 -10.402237090860513 3.0783238670729562 37.1632505296726 41.125813808855895 -14.916630107572901
151 3926 0 0 0 -8.618021313866224 0.27836197369005916 -5.0424680975382286 25.39296110341891 2.438348634814895 40.48787642906027 21.10971916133703 0.032231239175831705 -27.747521475881207 -2.1923130967632223 -32.13188119581846 -21.13295353427992 46.24950478972656 -17.670721604814155 -6.9336779676723745 -10.402279295071528 3.0786462082659427 37.16310145688668 41.125924590877545 -14.916588532373066
152 3952 0 0 0 -8.617980183391753 0.2779918463783955 -5.041162900966728 25.392044657511356 2.438391603383018 40.48829167731568 21.111225577647605 0.03064555915159529 -27.74978100137821 -2.1916430246682674 -32.13173928785725 -21.133717228110594 46.249100619330186 -17.671255886760033 -6.933615460634116 -10.402873565731019 3.078050012323365 37.16538759559741 41.12683924581967 -14.916528120714386
153 3978 0 0 0 -8.618866992156942 0.27826917399616397 -5.041032833557215 25.392008585409567 2.439146874378407 40.48891438186264 21.110790743574945 0.031172578888528837 -27.74899999647337 -2.1912409514488824 -32.13115187744076 -21.13331178517848 46.24882486771219 -17.671400949296686 -6.93350026753296 -10.402936831472594 3.0786742300669516 37.164217777108156 41.12604067997401 -14.916031180541182
154 4004 0 0 0 -8.619989816668074 0.2792991319775434 -5.0414838406238545 25.392224749947715 2.439564245889044 40.489168772343874 21.11107917002223 0.031064509088141137 -27.74824251212922 -2.191277806253178 -32.13051874581276 -21.134182544143986 46.25011117141679 -17.67092079443276 -6.933707180139573 -10.403065150739643 3.078518525396941 37.165010544339566 41.125848591585246 -14.915725004494725
155 4030 0 0 0 -8.618502374857082 0.2792810379995557 -5.041054556755894 25.392339231707634 2.439006720671511 40.488962693086776 21.11203215468682 0.030989121261914478 -27.747920245733514 -2.1909827672347975 -32.12933487484932 -21.13474860054968 46.25089036350995 -17.67053643502857 -6.933797165930732 -10.402629103721521 3.0784013693305514 37.16456520060458 41.12559331657111 -14.915351397718384
156 4056 0 0 0 -8.618714952855509 0.27741434057531345 -5.041085560686889 25.39242791027685 2.4395234913011894 40.48907969775202 21.112382636014438 0.0306236398577575 -27.748516170328962 -2.1903870082408954 -32.12905467173107 -21.134154481374804 46.25072367999531 -17.67005481532441 -6.9332856024353555 -10.40254055311402 3.07791328281166 37.165519584877906 41.12654629134988 -14.914678043143445
157 4082 0 0 0 -8.61793549829213 0.2782321683214738 -5.0400412609876355 25.39142137291046 2.4393828788321033 40.48913231983438 21.11247100193491 0.030627833022179658 -27.748816950135815 -2.1912582080507663 -32.129530407057935 -21.13365848375909 46.2505448918337 -17.669989216406766 -6.933803373476536 -10.402579505509575 3.077492932222515 37.165021329954655 41.12688106381624 -14.914368900269585
158 4108 0 0 0 -8.618307541579657 0.27831026312467616 -5.040418559008262 25.390415127593112 2.4386462371766764 40.48837086961285 21.11240791357369 0.030400961492986798 -27.748342524313006 -2.190892152005594 -32.131040344633895 -21.133894114277993 46.25048961780602 -17.67004297146956 -6.934028233022246 -10.401368768631443 3.0779700662943523 37.16598723727932 41.12620149205538 -14.914207978823553
159 4134 0 0 0 -8.618401020917354 0.2779833067883734 -5.040273208813211 25.391060007426532 2.438095656584611 40.48813068334956 21.11152080272898 0.030530927810072387 -27.748639600573913 -2.1909016265961774 -32.132032190600235 -21.133967218232996 46.249769518653146 -17.669846056318413 -6.933739364477691 -10.401912499554541 3.0777509066519335 37.165006075375636 41.12625993480641 -14.913919530931498
160 4160 0 0 0 -8.617846917695067 0.278175454551189 -5.041175182275191 25.391659722506816 2.4381211020840885 40.489048390838285 21.110688205605566 0.030645650412070513 -27.748751672403912 -2.190595329269079 -32.131638462422174 -21.13384995079893 46.2507620495738 -17.66940490975928 -6.934012068894949 -10.401224469271892 3.078045400215238 37.164839995528055 41.12712402011388 -14.914853809131204
161 4186 0 0 0 -8.617608252362029 0.27860627038953234 -5.041437580649481 25.39165651039255 2.437997273536175 40.489189173266944 21.11102553030264 0.03132907489092358 -27.749033248529308 -2.190660601871403 -32.13161759385984 -21.133803654143396 46.25028970949745 -17.66976507398386 -6.933567569471734 -10.401803104859127 3.0782283934384442 37.165305979029874 41.1266279421377 -14.915160441640378
162 4212 0 0 0 -8.61741338088633 0.2791898676929991 -5.041669992343566 25.39145895653077 2.437888341848114 40.488903793016576 21.111269903730268 0.03085196834664352 -27.748870106259943 -2.191356964112561 -32.131420599275515 -21.13421730413057 46.250125551032625 -17.669974117437704 -6.933030709884306 -10.40221330380991 3.077654505720929 37.16497994009358 41.12623098765449 -14.91507227498278
163 4238 0 0 0 -8.617602692305427 0.2787171851479956 -5.041932106714995 25.391295041889506 2.438217359508389 40.48898740550457 21.111268662227165 0.03141409850993856 -27.749170659638043 -2.191042074409772 -32.13163334496901 -21.134114878233326 46.25028917919877 -17.669588803658275 -6.9330827477120955 -10.401955102307314 3.0775962887746493 37.164784373425384 41.12593829335875 -14.915292561079472
164 4264 0 0 0 -8.617941512651331 0.2785582945077773 -5.041720679139221 25.391069052083672 2.4378392498974715 40.48927571462725 21.111304756418622 0.03070287372793312 -27.749150709364958 -2.1909031674124004 -32.13170492303674 -21.134208652689765 46.25085789622796 -17.669767806501355 -6.933525711479882 -10.402483755066442 3.0782654028552954 37.16478909076407 41.125517370322875 -14.915231142140035
165 4290 0 0 0 -8.617576003640636 0.27833799495819744 -5.041826754384056 25.390949677912932 2.4378836013029104 40.48908449310513 21.1115299856718 0.030874815732391366 -27.748986761858415 -2.191045434488394 -32.13141109376433 -21.134035863475134 46.25074016199822 -17.670121333744333 -6.934045835214867 -10.402328421355216 3.078489809750608 37.16496602209568 41.12592930354028 -14.915281695742586
166 4316 0 0 0 -8.61759064480666 0.2781792332078172 -5.041468670728654 25.391184104890307 2.437939118687311 40.48880009811664 21.111460453716955 0.031139423547865627 -27.74875515397132 -2.190605324780593 -32.131213780324124 -21.134280734126527 46.250467195588215 -17.67011028967243 -6.934126606895098 -10.402153245828075 3.078425801724627 37.16471506078578 41.12593907203619 -14.91527288579837
167 4342 0 0 0 -8.617499618573412 0.27855737969466665 -5.041545422225914 25.391455428435176 2.4380279431794394 40.488865758555335 21.11154967186957 0.03121771635506547 -27.748773110487313 -2.1906181702368657 -32.13154857754826 -21.134254297048862 46.2503216935475 -17.670203239426943 -6.934121982455256 -10.402279324707111 3.078396393899566 37.164351605353765 41.12584374785476 -14.915187502011209
168 4368 0 0 0 -8.617303669349083 0.2783611946384231 -5.0415382063832235 25.391367076647715 2.438211543930113 40.48830829618843 21.111558848692066 0.03052239606429361 -27.74919474423231 -2.190949603934773 -32.13127821822058 -21.13462358333153 46.2504476290143 -17.67050668301454 -6.9341021999525605 -10.40257407863498 3.078510314076715 37.164495927351496 41.12594354402052 -14.915561099368354
169 4394 0 0 0 -8.617095754153508 0.27843678311251563 -5.041704364179294 25.391378202929932 2.438329593309924 40.488323070614314 21.111435398392462 0.03091756868240673 -27.748945580563532 -2.191327728393948 -32.13123516696423 -21.134598654064465 46.25040272958121 -17.67039496813454 -6.934025523171461 -10.402716728754854 3.0786520129997568 37.16460299389686 41.125912728252686 -14.915460721496697
170 4420 0 0 0 -8.617309931370043 0.27835070510371446 -5.041660716973701 25.39122291778853 2.43860413309095 40.4883900707627 21.11177849318793 0.031033509200247954 -27.74909949490145 -2.191163660522073 -32.131543387427456 -21.13467475224993 46.25044075490336 -17.669835883103136 -6.934277390787769 -10.402746594131216 3.078456177528813 37.164056177237754 41.12607893211421 -14.915314580588932
171 4446 0 0 0 -8.617379213746334 0.27845213070780694 -5.041903106447654 25.39109305377877 2.4386243901157445 40.48855291048479 21.11174364335734 0.03102970792487432 -27.74901209069001 -2.191395342354379 -32.13176412022243 -21.13455267893613 46.2503276223478 -17.669893982203597 -6.934194987987569 -10.402602833277012 3.078562552708755 37.164258754963605 41.126013364243974 -14.915103520757937
172 4472 0 0 0 -8.617223161993824 0.2786143053858938 -5.042030938819294 25.39139382130772 2.438722165983175 40.488490333640726 21.1113541418585 0.031202501528807453 -27.74910102209676 -2.1912011930893964 -32.13151128674427 -21.134489276190592 46.2503505641268 -17.669894033493662 -6.934152006406398 -10.402349938037194 3.0784681783394445 37.164329406619025 41.1263293150987 -14.915180252232497
173 4498 0 0 0 -8.617342150648549 0.27865204979691 -5.042207514032282 25.3913908736161 2.43874462037179 40.48840440297706 21.11149411901757 0.03115562923024333 -27.749279507986703 -2.191098717794699 -32.13132863427595 -21.13480144520324 46.25038697394769 -17.669777470282224 -6.933934154660972 -10.402171559390975 3.0784015498923996 37.16424794694367 41.12651883989361 -14.91539495671611
174 4524 0 0 0 -8.617389799427455 0.2787208325824738 -5.04229200891223 25.391246074311947 2.438782637237916 40.488238794684804 21.111451513239327 0.03134402021761688 -27.74907380104194 -2.1910808746301 -32.13157659405018 -21.13461894394969 46.2499671716713 -17.669908261759886 -6.934208495902855 -10.40217412632678 3.0784409199116762 37.163987599913455 41.12630090548245 -14.915270389863968
175 4550 0 0 0 -8.617397381216069 0.2785354796089568 -5.042008675408637 25.391303625093467 2.438800588906139 40.488473378583606 21.11161503025933 0.031211588495801502 -27.749309570473862 -2.1912423140121673 -32.131496307359946 -21.134482292052898 46.24999599746932 -17.670042405613994 -6.934241739395044 -10.402257342425024 3.0784186594569847 37.1641294713798 41.126290105452206 -14.915362375419784
176 4576 0 0 0 -8.61735257231742 0.2786541300233144 -5.0419740012002805 25.391313206125822 2.438797790702636 40.48841644399035 21.111654299877276 0.031179695900571527 -27.74902699361646 -2.1910156456689576 -32.13188048455228 -21.13449780200964 46.25008850725031 -17.67002852546866 -6.934310358632603 -10.40223059409206 3.078664625856404 37.1642170733608 41.12631230336505 -14.915257442613228
177 4602 0 0 0 -8.617278700846946 0.2785650036259457 -5.04212735993841 25.39135623761696 2.438860033618688 40.48839453802349 21.111759885833102 0.031051202212942507 -27.74912503578923 -2.1909444664959263 -32.13194030186161 -21.13457451245893 46.25016439700555 -17.669907739642102 -6.934271976161498 -10.402347980896549 3.0785675602959874 37.16440381323203 41.126205259048724 -14.915136886592565
178 4628 0 0 0 -8.617310342792024 0.27855395730994476 -5.042140299355604 25.391402797038914 2.4387768883274976 40.48837365455534 21.1116499447438 0.031118331397231802 -27.74900632152213 -2.190960841945061 -32.13183401687268 -21.134630392632143 46.2501999061317 -17.669988808624158 -6.9343441526094525 -10.40237754033371 3.078658399006728 37.16458061666876 41.1260862674376 -14.915249277510567
179 4654 0 0 0 -8.617421776687404 0.2785275420061101 -5.042094343019587 25.391210268633053 2.4388504960792767 40.48826273954919 21.111558417997983 0.031084037227786486 -27.749005908947858 -2.1910373612302863 -32.131767618093875 -21.134740335468216 46.25007377237619 -17.67007618271076 -6.934325137719336 -10.40232134140275 3.0786742379652776 37.16447242206218 41.12616819169029 -14.915286828224183
180 4680 0 0 0 -8.617310991680272 0.2784918122831068 -5.042104686007964 25.39114858154712 2.4387644422154895 40.48818867607205 21.111682913481218 0.03101914015492935 -27.74922153619431 -2.190755606554869 -32.13176280628865 -21.134616255855043 46.25001247288631 -17.66996672606886 -6.9344034250939774 -10.402314215027449 3.078635313389596 37.16458271635465 41.12623843466546 -14.915294496432704
181 4706 0 0 0 -8.617332272862095 0.27859478951245603 -5.042256720376055 25.391018504912886 2.4386136928762814 40.488273995150834 21.11163232333596 0.031015424088142847 -27.749086759265015 -2.1907827967656224 -32.13175491991028 -21.134641485707476 46.25010495554333 -17.669934515488343 -6.934404349087183 -10.402414363117751 3.0788357792390397 37.16458131598331 41.12625494174398 -14.91527993963137
182 4732 0 0 0 -8.61726597794182 0.27849207812109206 -5.0422807776283864 25.3910528949533 2.4386180689527066 40.488153260430984 21.111588940939654 0.03106355498951595 -27.74909558614834 -2.190814155256501 -32.13182777532714 -21.134552569344294 46.25005679027398 -17.66980776419161 -6.93440255022821 -10.40237725888772 3.078921110165961 37.164740050651524 41.126141116760316 -14.915207393108705
183 4758 0 0 0 -8.617320000392072 0.2784258370072662 -5.042249994766796 25.391114722050894 2.438719147749351 40.48805913928985 21.111651058468492 0.030991536612325295 -27.749143672251687 -2.19084574198883 -32.131776128338686 -21.1345532515917 46.25015330132458 -17.66983540793676 -6.934370265392558 -10.402278604922936 3.0789024082260226 37.16464275188262 41.12619553000426 -14.9153279717853
184 4784 0 0 0 -8.617282899915576 0.2782612241507788 -5.0422878203912544 25.391043901455717 2.438687363533049 40.488048491906234 21.11164762895147 0.031040621297951432 -27.74908430150834 -2.1908640140150912 -32.13173051073588 -21.134622530457083 46.250087569209995 -17.669881840757128 -6.934286690651269 -10.40225617044342 3.0788943671258755 37.164649882378754 41.126330117323974 -14.915242130204103
185 4810 0 0 0 -8.617294134798868 0.27830994913197526 -5.042227364055994 25.39108670226948 2.4386045342514713 40.48809094665601 21.111558199715937 0.031089658289063536 -27.749134190739074 -2.190852103582886 -32.13172967996131 -21.13464635400911 46.25012791177816 -17.66983174187112 -6.934321158461592 -10.402325875178827 3.0789781892860106 37.164744542558964 41.12630964687085 -14.915288693716121
186 4836 0 0 0 -8.617392065272568 0.27825784129686665 -5.04219064687398 25.391110983001138 2.438630774989424 40.48798311916679 21.111772988985734 0.031149982626345316 -27.74914938556103 -2.1909040540899625 -32.13174241811153 -21.134598299512444 46.250137231691056 -17.669844500515698 -6.9343168447022805 -10.40233527364332 3.078926335326292 37.1646935678158 41.12631951694871 -14.915293791280352
187 4862 0 0 0 -8.617353172344513 0.2781827573664391 -5.042093361642687 25.39118847089051 2.43864057527173 40.48797916171873 21.11165751551878 0.031175483735838425 -27.749127101930423 -2.1908465709853457 -32.13160457249777 -21.134597895205896 46.25005773828881 -17.66978223303339 -6.934283934612056 -10.402223950520801 3.07889872604506 37.16466349380525 41.126302498333395 -14.915262842987698
188 4888 0 0 0 -8.617319055924604 0.2782146232325956 -5.042160612225085 25.39118397836035 2.438564906836504 40.488030980304785 21.11165794981739 0.031169923244944407 -27.749147910753244 -2.190825819875205 -32.13163927649172 -21.134549413671706 46.250074300572905 -17.669806643408254 -6.934273852530001 -10.402310103635152 3.0789301001380975 37.164660259230104 41.126226005947174 -14.915297477751372
189 4914 0 0 0 -8.617387307467817 0.2782726964158925 -5.042066410223392 25.39125659777407 2.4386048064836334 40.48801375488266 21.111673369040147 0.031123363820847565 -27.749187075920183 -2.190763230158049 -32.13161766562814 -21.13454862577032 46.25012188012598 -17.66981843189854 -6.934227116728864 -10.40230084699782 3.0788481869265323 37.16471364517661 41.12624035044699 -14.91528319500693
190 4940 0 0 0 -8.617419726309903 0.278281006675907 -5.042038807720901 25.391256973034423 2.4386765920272375 40.488099359119126 21.11166647124048 0.03103053198238133 -27.74919445034068 -2.1908353584932794 -32.13155955090908 -21.13455142843717 46.25003433226627 -17.66988038437321 -6.934238620257675 -10.402279735873412 3.078817162341825 37.16469054593932 41.12625813089832 -14.915213738577345
191 4966 0 0 0 -8.617427718204002 0.27833871392488035 -5.0420246772707085 25.391316058331075 2.4387127260551953 40.48813214598543 21.111633775773925 0.031066568058353842 -27.74918084482915 -2.190844064259674 -32.13163947618422 -21.13455899383636 46.249995584636665 -17.669875624731546 -6.9342776549866745 -10.402290446947664 3.0787729916744127 37.16465760418526 41.12627891002942 -14.915187383911876
192 4992 0 0 0 -8.617412667290951 0.2782834268109184 -5.041984566986291 25.391321765425396 2.4386342929852924 40.48814312275778 21.111664520057083 0.031001962130029367 -27.749139668129683 -2.1908927970495435 -32.13164463675128 -21.13452485437986 46.24998984226047 -17.669870556587654 -6.9343097046762825 -10.402366245816937 3.0787429343619452 37.16457276332002 41.12629099810088 -14.915178389374349
193 5018 0 0 0 -8.617469290051742 0.27827843187523343 -5.042039611949371 25.391290179966635 2.4385821381156556 40.488193313565134 21.1116091946378 0.031013834461213707 -27.749105155562432 -2.190875429044735 -32.13166724188874 -21.134526692467556 46.249975631125864 -17.669912142523717 -6.934333143470552 -10.402380451720449 3.0787464044674953 37.164567535437996 41.12628850823671 -14.915199855074428
194 5044 0 0 0 -8.617481919109903 0.27830801409880823 -5.042094551982294 25.39132907112686 2.4386289393382725 40.48813350832286 21.111587098078807 0.03107106914115092 -27.749065787196766 -2.1909163232283237 -32.131671204335625 -21.13447142970337 46.2500665865283 -17.669909436582454 -6.93434301486068 -10.40233751654694 3.07875462177847 37.1645559359166 41.126275688362476 -14.91518038307
195 5070 0 0 0 -8.617481452054546 0.2782729985251181 -5.042106020475323 25.39127611438558 2.4385816940935108 40.488128344599005 21.111618090634117 0.03100390115997154 -27.74905813801594 -2.1908839630137473 -32.13170360335174 -21.134530817598396 46.25010624693443 -17.669913476352814 -6.934359189743876 -10.402292638170037 3.0787606860324144 37.164648866649216 41.12628468961853 -14.915198434037135
196 5096 0 0 0 -8.617477273147836 0.2782455064134404 -5.042082872399198 25.391241209712543 2.4385466765202852 40.48812258612855 21.11159344949731 0.031031169472844844 -27.749116893683443 -2.1908611877041064 -32.13171265775596 -21.134518877118357 46.25006697357849 -17.66986493151814 -6.93432718074835 -10.40228505268951 3.078753874816322 37.164617665905155 41.1263097469219 -14.915141894463687
197 5122 0 0 0 -8.61750177688019 0.27824716722164583 -5.042017339655498 25.39129119636155 2.438598540841896 40.488142743575764 21.111607033523338 0.031014647621945512 -27.749129203638365 -2.190837386711469 -32.131763600999705 -21.13452853079159 46.25010938519774 -17.669893133666232 -6.934314389556755 -10.40229204554294 3.0787655668112595 37.164647271889116 41.126274659053045 -14.915182945822297
198 5148 0 0 0 -8.617520190250504 0.27827127716638067 -5.042055839557739 25.39125232163512 2.438613817010032 40.488128105906135 21.111648050641126 0.031044859038750382 -27.749171309422763 -2.1908565853050197 -32.13174828495906 -21.134487601945835 46.250050128331985 -17.66988518041668 -6.934324654776666 -10.402283327867213 3.0787328327004424 37.164662410165654 41.12624021296745 -14.915191637454049
199 5174 0 0 0 -8.617490510476904 0.2782860556360122 -5.042047257406045 25.391268386442388 2.4385913082831907 40.4881095705123 21.111648966461736 0.031079983560424056 -27.749201403404825 -2.1908745384785853 -32.13178645493879 -21.13448374814179 46.25004334731065 -17.669883323502454 -6.934305113994753 -10.402245486764237 3.078747554102958 37.16464413653674 41.12621764266913 -14.915168478249193
200 5200 0 0 0 -8.617520835033927 0.2782817503153378 -5.042035140760348 25.39125542251729 2.4386010463409065 40.488108732718366 21.111637260212365 0.031065738581442282 -27.749159142026567 -2.190832449844472 -32.1318019896016 -21.13446423445143 46.25006401660811 -17.66992068320685 -6.9343016794228145 -10.402205979603218 3.0787744110945425 37.16461381650688 41.1262248994469 -14.915174347230652
201 5226 0 0 0 -8.617510419034438 0.27831759818569585 -5.042073709321939 25.391239310210533 2.4386122197674123 40.48808893723086 21.11161972822599 0.031038215768870673 -27.74912504521612 -2.1908351378052697 -32.13183533727967 -21.134472259758 46.25006548528824 -17.6699071508208 -6.934337479191465 -10.402192157912571 3.078815177791248 37.164646457396955 41.126241255621686 -14.9151716181439
202 5252 0 0 0 -8.617515351386544 0.27829725776916503 -5.0420823344508285 25.391244808390937 2.4385732698282045 40.48813313596941 21.11163720936857 0.031023227990079602 -27.74914153023355 -2.190877749692238 -32.13182679517257 -21.134487284797675 46.25004921893109 -17.669896143011265 -6.934357968382724 -10.40221032104721 3.0788075958785432 37.16464311194639 41.126248540501564 -14.915194016415947
203 5278 0 0 0 -8.617491035379294 0.2783048127962722 -5.042064398456789 25.3912343016518 2.4386010864485343 40.488131436910884 21.111652262484025 0.031033543961010955 -27.74913777447685 -2.1909283369632866 -32.131791742242804 -21.134505589370402 46.250047648116976 -17.669931520091662 -6.934368762280617 -10.402267798181908 3.0788057716611186 37.16464023970125 41.12625595562605 -14.91518086462325
204 5304 0 0 0 -8.617500066053733 0.27831697596295657 -5.042065376647957 25.391246070978294 2.4386315565844243 40.488126127510924 21.11163907569387 0.031036482978484284 -27.7491371096484 -2.1909065281306526 -32.13175749395544 -21.13451510527565 46.25005260201038 -17.669936607501356 -6.934361103099385 -10.402262950482978 3.078811453385784 37.164648602504975 41.126252869989955 -14.915190786671607
205 5330 0 0 0 -8.617508506064915 0.278335838882814 -5.042054289998289 25.391238764844452 2.438624286174974 40.48812612417631 21.111666428966306 0.031012116589124155 -27.74915898049546 -2.190903059735982 -32.13175530752358 -21.134498195234404 46.250054849586235 -17.6699580909638 -6.934380075027738 -10.402253006581706 3.0787923058394977 37.16463171551266 41.12622602077492 -14.915205087600794
206 5356 0 0 0 -8.617509729982764 0.27833083894192645 -5.042069584372486 25.391217911208805 2.438624929671742 40.48810768875082 21.111658985016422 0.0310291023646413 -27.74914041818601 -2.1909143768652304 -32.13176205149149 -21.134493341771357 46.25008281541136 -17.669952488243805 -6.934380872513111 -10.402277358991537 3.0788186407173352 37.16463488073554 41.12623168286649 -14.915171538077162
207 5382 0 0 0 -8.617514995181185 0.2783251487239944 -5.0420762799572065 25.391239979125793 2.4386165685515078 40.48808454687565 21.11166776741006 0.031010257074764003 -27.749139669049498 -2.190930168829478 -32.13177806338246 -21.134507618686612 46.2500930024664 -17.669978130474714 -6.9343734630387885 -10.402288563973938 3.078803463461165 37.164620180300815 41.126234149775065 -14.915164799149213
208 5408 0 0 0 -8.617505837771013 0.2783340025564047 -5.04206657884333 25.391241408154926 2.4386215791124255 40.48808542915771 21.11163337400065 0.03102286098606949 -27.749148661222545 -2.1909093599008536 -32.131772251111244 -21.134492254338266 46.25009530365505 -17.669956727362404 -6.934369259869699 -10.402275225522402 3.0788005862726244 37.16463291512577 41.126248781890844 -14.915178372540861
209 5434 0 0 0 -8.617497961735504 0.2783223430113585 -5.042073282608646 25.39125986955005 2.438607386247003 40.48811487400783 21.111623614020317 0.031022698126827602 -27.749152904161036 -2.1909204342215918 -32.13176646360409 -21.134473112845154 46.250098927726164 -17.669947894932736 -6.9343626968597 -10.402284500761077 3.0787843433613964 37.16463441377397 41.12625020551781 -14.91517649809881
210 5460 0 0 0 -8.617497683363137 0.2783368062947136 -5.0420728598703075 25.39126101744819 2.438604967377893 40.488113122359636 21.111634220036873 0.031028962846582346 -27.74916209768696 -2.1909078070578776 -32.13175964889513 -21.1344843670139 46.250092942209086 -17.669943283080773 -6.9343688889544115 -10.402261726328357 3.078787915886654 37.16464328320818 41.126267013222844 -14.915172083229619
211 5486 0 0 0 -8.617463955642922 0.278340433018465 -5.0420695788867524 25.39126212888895 2.4385998518466403 40.48812302547409 21.111629673279698 0.031042121482152976 -27.7491712101258 -2.1909165166593016 -32.13176153572893 -21.13448499073019 46.2500818716824 -17.669952901236854 -6.93435531929786 -10.402275680086504 3.0787926688192315 37.16464302394595 41.126257201410105 -14.91517688562849
212 5512 0 0 0 -8.617450102857983 0.27833395910124814 -5.042077295206404 25.391246711212144 2.438593851326772 40.488125105801664 21.111638758908107 0.031039823582779735 -27.749168855523425 -2.190904298221339 -32.13175516758525 -21.134480215779256 46.25008422452555 -17.66993842220453 -6.934344763690677 -10.402275699487054 3.0787935371032167 37.16462961770917 41.12624457030931 -14.915179767881883
213 5538 0 0 0 -8.617465898661466 0.2783226091412252 -5.042065932231306 25.391255325424947 2.438606376504088 40.48811927256229 21.111635714793916 0.031015526802903027 -27.749162219517657 -2.190904218151765 -32.13177738306011 -21.134493556644436 46.250070048868764 -17.669944474282367 -6.9343423124647074 -10.40229030920112 3.0787913940408296 37.16463719941727 41.126248472222926 -14.915163591565614
214 5564 0 0 0 -8.6174715201539 0.27832095131362344 -5.042069105182337 25.39125141982772 2.4385926377459692 40.488130422042346 21.111637497515424 0.031037258715382234 -27.749165635135878 -2.190884290198205 -32.131770333464765 -21.134481918816764 46.25006376192526 -17.669941428983606 -6.9343541621609255 -10.402280520108395 3.078795353764643 37.16464742646343 41.12623742901605 -14.915180987722742
215 5590 0 0 0 -8.617479606755282 0.2783204966370159 -5.04207398687623 25.391260978656167 2.438595518919125 40.48812230610378 21.11165679512549 0.031033310563033968 -27.74917360468818 -2.190886441952824 -32.13176628218058 -21.13448651044567 46.250077552963496 -17.669945637861456 -6.934351381390671 -10.402288255426711 3.0787950945936564 37.1646405667884 41.12624360066032 -14.915176690163735
216 5616 0 0 0 -8.617478567124568 0.2783231260987967 -5.042081640968607 25.391260726196005 2.4386048124250332 40.48811975381182 21.11165195294908 0.0310351968044947 -27.749170442295167 -2.190886680600881 -32.131758825117416 -21.134508263505012 46.250076782110135 -17.66993742803351 -6.934345287186697 -10.402297307169666 3.078792864721195 37.16463921157569 41.12625697639928 -14.9151682144292
217 5642 0 0 0 -8.61748317971666 0.2783209559548405 -5.0420887160695536 25.391249182508044 2.438591322252876 40.48812209117818 21.111648114950505 0.03103823153366284 -27.74916299228683 -2.1908858428580213 -32.13175522208383 -21.13450636201377 46.250073640699064 -17.66993625857573 -6.934360730013006 -10.402286804545575 3.0787926514676647 37.164632600954654 41.1262461689342 -14.915159929310441
218 5668 0 0 0 -8.617477002474956 0.2783210036352755 -5.042083115885491 25.39126204102039 2.4385902768235894 40.488123243447745 21.111652658995418 0.031035152378643332 -27.74916780056074 -2.1908881283974004 -32.13175159652622 -21.134498544976083 46.250071737117985 -17.66992893511573 -6.934343551161996 -10.40228019463533 3.0787883904744753 37.1646245588284 41.12625258058825 -14.915169392778742
219 5694 0 0 0 -8.617476899880534 0.27832875737251567 -5.042087863131261 25.391256694990755 2.4385928821453486 40.488121907798664 21.11165295581709 0.03103736797300374 -27.74916117599733 -2.190884002537468 -32.1317489607401 -21.134503527489876 46.25006829746776 -17.66992859081701 -6.934339235226825 -10.40228155102022 3.078781153591423 37.16462650851371 41.126257944514585 -14.915174616138417
220 5720 0 0 0 -8.617475612240312 0.2783254773826309 -5.04207738397136 25.391252466154846 2.438601387039254 40.48811905616582 21.111645278576727 0.03103035984868279 -27.749159640840105 -2.1908912724713843 -32.13175253968545 -21.13449850862141 46.25007070903233 -17.669922034438773 -6.934341698236944 -10.402278976557461 3.078777017760437 37.16462796588717 41.12625556941374 -14.915167320283754
221 5746 0 0 0 -8.617473459194938 0.2783153526146202 -5.042081781696161 25.39124169299304 2.438599785811758 40.488119151224495 21.111645714969466 0.03103508505353474 -27.749159686135062 -2.190889091729996 -32.131754569287786 -21.13449200229566 46.2500698369328 -17.669920772998534 -6.934349308872929 -10.402284466035255 3.0787770483389987 37.164628963020576 41.12624427835887 -14.915163677888215
222 5772 0 0 0 -8.617485265462909 0.2783167385753993 -5.042084691392392 25.391243003990255 2.438600742880992 40.48811595984072 21.111644558998627 0.031039980284290662 -27.74916037786133 -2.1908858888019735 -32.13174355553188 -21.134494113034552 46.250073304660546 -17.669925241806137 -6.934356037366181 -10.402274581820583 3.0787847806188653 37.1646321284156 41.126244721732796 -14.91516557198752
223 5798 0 0 0 -8.617476695877825 0.27832050074419923 -5.04208698890969 25.391246152714494 2.4386035087155356 40.488115295156234 21.111651521179656 0.03104139226812154 -27.749158874426495 -2.190888125959035 -32.13175086187047 -21.13449292389762 46.25006987420154 -17.66992822703295 -6.934354459444696 -10.402280926334576 3.0787846115171176 37.16463199690569 41.126239816637984 -14.915167872387315
224 5824 0 0 0 -8.617481185868705 0.27831442121926975 -5.042084217905104 25.391242759363628 2.438597775454546 40.48811367831297 21.11164836281624 0.031035820106772583 -27.74915383157545 -2.1908913017666687 -32.13176369553896 -21.134488444315657 46.25007441676763 -17.669927310882645 -6.93435006803145 -10.402281145920703 3.078780913659403 37.164629186059024 41.126242705723406 -14.91516508882528
225 5850 0 0 0 -8.617483051120418 0.2783143207553796 -5.042084785997046 25.391247966337215 2.4385968182418023 40.488119695313735 21.11164569275122 0.031039075788949873 -27.74915349238585 -2.1908880355830704 -32.13175543784657 -21.134486954567805 46.25007846734429 -17.669924903895854 -6.9343447111368945 -10.40228239617724 3.078778874129175 37.16462895645564 41.12624198594898 -14.915168321373713
226 5876 0 0 0 -8.617482190378356 0.27831585888855565 -5.0420816339286345 25.39124336987796 2.438596651761259 40.488117214340775 21.111645183261043 0.031035206701019006 -27.749154260301225 -2.1908847234821787 -32.13175283473189 -21.134492103834972 46.25007769711741 -17.669929796717728 -6.934345695556815 -10.402283738304236 3.078779834993125 37.16462557949474 41.12624880865354 -14.915167713784014
227 5902 0 0 0 -8.617482298650357 0.2783233979471765 -5.04207937232107 25.391241114003694 2.438596040389911 40.488117992836926 21.11164270989603 0.031035438558411323 -27.749149153180117 -2.1908857765513026 -32.13175018934703 -21.13449473357244 46.25007412958954 -17.669929683508723 -6.934346130343401 -10.402285738837456 3.078784257747619 37.1646242429217 41.12624406662862 -14.91516770176983
228 5928 0 0 0 -8.617483603892888 0.27831928859003013 -5.04207578310186 25.39124386732469 2.438598615480995 40.48811418993977 21.111646360374493 0.031033024626743805 -27.7491524773202 -2.1908849345475443 -32.131743416543316 -21.13449153664628 46.25007809820293 -17.669927998167438 -6.934344012654679 -10.402283090777216 3.0787828649874647 37.164622877540786 41.126243752735434 -14.91516704808602
229 5954 0 0 0 -8.617481544955236 0.27832160182208054 -5.042074844730909 25.391241471602417 2.4385974995839756 40.48811628689065 21.111645677363686 0.0310306277739576 -27.74915095324006 -2.1908812261892825 -32.13174213057277 -21.13449129881834 46.250076649234124 -17.66992794842782 -6.934345448387076 -10.402284264894528 3.078782884193479 37.1646308295273 41.1262447334517 -14.915172593152434
230 5980 0 0 0 -8.61747699007964 0.27832041820397274 -5.042075962498758 25.391243255442966 2.438597321215905 40.488120419355674 21.111647842618495 0.031028372781978442 -27.749151044170823 -2.1908828989149476 -32.13174594687145 -21.13449082393137 46.2500811100776 -17.669927764966587 -6.9343517033035855 -10.402282771566394 3.078781418936846 37.16462796702277 41.126243748267804 -14.915168198277724
231 6006 0 0 0 -8.617477415931441 0.2783197536183121 -5.042073866966451 25.391242134978395 2.4385982212684665 40.48812160387694 21.111648304829462 0.031029774935663782 -27.749151058436006 -2.190883003739899 -32.131745017369866 -21.13449408124399 46.250078403782354 -17.66993137153235 -6.934351323143159 -10.402284604652252 3.078776552363918 37.1646324844723 41.12624379205825 -14.915166831217137
232 6032 0 0 0 -8.617478091936146 0.2783216725560925 -5.042071274077045 25.391241828956726 2.438598703237001 40.48811871017154 21.111644087727896 0.031027022430516218 -27.74915054134502 -2.1908804638621215 -32.13174686788826 -21.134494477124147 46.250076664194616 -17.669930806180666 -6.934348272156498 -10.402279913249025 3.0787770679266777 37.16462949344711 41.12624349911726 -14.915165765076786
233 6058 0 0 0 -8.617479175594399 0.27832487680924073 -5.042073672374494 25.391239030344245 2.4386010075080393 40.48811761960509 21.1116456741917 0.031030455673080923 -27.749152069963895 -2.190882362621283 -32.131747360996606 -21.134492907826605 46.25007674727703 -17.669934161157116 -6.934352372379774 -10.402279905048998 3.0787742725235288 37.16462785295033 41.1262462890068 -14.915167851890104
234 6084 0 0 0 -8.617477816228144 0.27832684874012964 -5.0420764831947205 25.391240538486063 2.4386017442414993 40.48811788580731 21.111642973790296 0.031031618433020953 -27.749151633802903 -2.19087993642198 -32.13175116379064 -21.134491018651712 46.250079166096214 -17.669932354111285 -6.93435002369473 -10.402278672739843 3.0787748343219756 37.16462888952282 41.126246524365015 -14.915168092628628
235 6110 0 0 0 -8.61747742857621 0.27832479956792167 -5.04207549121693 25.39123964631025 2.4385990312802104 40.488115248450896 21.111644947765743 0.03103066855812474 -27.749152288039422 -2.1908807116905487 -32.13174839938647 -21.13449123159411 46.25007870931011 -17.669930684271854 -6.934348658719572 -10.402280006445764 3.07877328025927 37.16463187518131 41.126246375679536 -14.915168088184261
236 6136 0 0 0 -8.617477667440083 0.27832322469837517 -5.042073117278676 25.391239800442374 2.4385994739885994 40.488116994427656 21.11164682769953 0.03103083260867391 -27.749152102661103 -2.190880564084383 -32.131747016129445 -21.134489346125882 46.25007976707172 -17.669931265116485 -6.934349461898029 -10.402279903620611 3.078772333001411 37.16462998228811 41.12624459047153 -14.915167317913756
237 6162 0 0 0 -8.61747633822101 0.2783246322197314 -5.042071843595068 25.391240338091777 2.438598255176335 40.48811859689523 21.11164570440213 0.03103033919669117 -27.7491511665834 -2.1908816201600607 -32.13174535055837 -21.134489760779893 46.25007750610397 -17.66993058294692 -6.934348902131716 -10.402277022234944 3.0787746951015027 37.16463083831741 41.1262479422129 -14.915167469037891
238 6188 0 0 0 -8.617477052361995 0.2783259387873965 -5.042073265343021 25.391242463443486 2.4385962772647485 40.488117589609956 21.111644024044754 0.031030269358883852 -27.749149212401893 -2.190878569040953 -32.131744588022855 -21.134490672678574 46.25007567179763 -17.669930332985263 -6.934349399685778 -10.402278110260019 3.0787747479806 37.16463052393266 41.12624685201496 -14.915165191962132
239 6214 0 0 0 -8.617477809513455 0.2783240837698221 -5.0420743123639955 25.391243673054625 2.4385959995682667 40.48811883934722 21.111646043631502 0.031031074091135428 -27.749151816283653 -2.190879199522177 -32.13174488909543 -21.134492628467385 46.250076045037524 -17.669932746595943 -6.934351145147226 -10.402279460730027 3.078774002534021 37.16463016076598 41.126244459125154 -14.915167535140109
240 6240 0 0 0 -8.617479184522617 0.2783252801830321 -5.042072692983894 25.391242194194053 2.438595074473243 40.48811844274419 21.111645400059334 0.031031227048868744 -27.749152622116657 -2.1908788858393904 -32.131748179461354 -21.13449210201559 46.25007539840198 -17.66993165826506 -6.934351566350783 -10.40228100742421 3.0787754535022263 37.164630811100054 41.12624572493691 -14.915168561248272
241 6266 0 0 0 -8.617478319582021 0.27832554456578557 -5.042072094204562 25.39124184836559 2.4385962416560876 40.488118142384074 21.11164491998383 0.031031250394280112 -27.749150902415277 -2.190879109026557 -32.13174528334916 -21.134493089325936 46.250077671421835 -17.669929368544967 -6.934350069863189 -10.402282218661512 3.078775488610318 37.164633566682404 41.12624646219005 -14.915168917507717
242 6292 0 0 0 -8.617478770265501 0.27832609644146117 -5.042071079610735 25.391242743050718 2.4385969349339014 40.48812070917043 21.11164650249054 0.031031308558597728 -27.749149913039336 -2.1908779386637054 -32.131744554936056 -21.134491715604657 46.25007678884387 -17.66992879689388 -6.934350326475807 -10.402281341458897 3.0787763418509013 37.16463256232798 41.126246729464235 -14.91516832825281
243 6318 0 0 0 -8.617479036397224 0.2783267978081059 -5.04207016467641 25.39124276604626 2.4385971907604893 40.488120841147634 21.11164539314863 0.031030333398454055 -27.74915088304477 -2.1908787227880224 -32.13174397590381 -21.134493360350127 46.25007690344194 -17.669928917151335 -6.934348765912829 -10.40228042696682 3.078775295565741 37.16463479496095 41.12624704168633 -14.915168623504139
244 6344 0 0 0 -8.617478167764821 0.2783264829087998 -5.042071976782857 25.391241072747142 2.438596965984002 40.48811911880974 21.11164544629499 0.031030555989625855 -27.749150603806196 -2.19087895142674 -32.13174602216475 -21.13449333115437 46.250077435461975 -17.669930406981436 -6.934350368325801 -10.402281061512632 3.078776192112662 37.164634477905295 41.12624646783634 -14.91516960686448
245 6370 0 0 0 -8.617477569099771 0.27832723341990867 -5.042070683566813 25.39124047158803 2.4385968200704484 40.48812140049533 21.11164621172119 0.03103119954541721 -27.749150845638297 -2.1908788672264747 -32.13174537495147 -21.134491745399913 46.25007692726258 -17.66993109092873 -6.934350075562386 -10.402281799218553 3.078774854916771 37.164633746859174 41.126246587049586 -14.915169896862386
246 6396 0 0 0 -8.617477785045606 0.2783269069822739 -5.042070623559169 25.391241986756764 2.4385967098227277 40.48812255195471 21.11164528783611 0.031032324160432948 -27.74915216586309 -2.1908783974913235 -32.13174489222871 -21.134492162453018 46.25007629899532 -17.669932356773753 -6.9343497670244485 -10.402282208247716 3.0787744341992305 37.164634370845555 41.12624563040197 -14.915170143865824
247 6422 0 0 0 -8.617477847541513 0.27832599476021236 -5.042070529030896 25.39124251319053 2.4385957034025263 40.48812271060052 21.111645087070123 0.031032667808971827 -27.749152899068665 -2.190876941641646 -32.1317437764472 -21.13449220328088 46.25007582830926 -17.669932443556394 -6.934349535543794 -10.402282220641471 3.0787741675649922 37.16463434258807 41.12624629659306 -14.915169767343162
248 6448 0 0 0 -8.617477769362125 0.27832588111405165 -5.042070754271806 25.391242286084918 2.438595991280172 40.48812273367461 21.111646071478855 0.031032573990460093 -27.74915335848801 -2.1908771977127 -32.13174394451505 -21.134491722089166 46.25007663927472 -17.66993254172954 -6.934348166912029 -10.402281729309504 3.078773833589381 37.1646332128343 41.12624684486226 -14.915170859708962
249 6474 0 0 0 -8.617478476783486 0.27832578461727275 -5.042070982540779 25.39124234281182 2.438596075978424 40.488122282619464 21.111646072460843 0.03103168076577218 -27.749153503477544 -2.190878306339946 -32.131743205322806 -21.134490688620698 46.25007754796118 -17.669930871731175 -6.934347276709693 -10.402282278481254 3.0787748452215795 37.164633142654885 41.126246724870526 -14.915169773657004
250 6500 0 0 0 -8.617478580300558 0.27832549613034624 -5.042069604630241 25.39124236689913 2.4385960880574475 40.488121818535994 21.11164663713741 0.031031823788387224 -27.749152726032236 -2.1908774064361136 -32.131743872949166 -21.13449037213945 46.25007698363856 -17.669930568234093 -6.934347120091753 -10.402282580194505 3.0787741159245967 37.16463350134951 41.1262463336278 -14.915170356105778
251 6526 0 0 0 -8.61747740635795 0.2783252702726714 -5.042069830637202 25.391241821990672 2.438595572385465 40.48812080914827 21.11164628710843 0.031032331071951802 -27.74915256574072 -2.1908765786864657 -32.13174396611094 -21.13449150312765 46.250076390523674 -17.66993123893254 -6.934347637781788 -10.402282649112303 3.0787741161525775 37.1646337004839 41.1262463618292 -14.91517039584415
252 6552 0 0 0 -8.617478045554725 0.2783246938612603 -5.042069721733207 25.391242137310343 2.43859606110805 40.48812045427936 21.111645365969874 0.03103296968502906 -27.749152352973727 -2.1908771653968424 -32.13174486406801 -21.134489807077077 46.25007668349107 -17.66993067795442 -6.934348152401049 -10.40228216069306 3.078774215210942 37.164633667427395 41.126245861072114 -14.915170568582463
253 6578 0 0 0 -8.617477917043802 0.2783249358951696 -5.042069786905411 25.391241942051952 2.438596005552544 40.48812060293491 21.11164613438939 0.031032060517537183 -27.74915199790249 -2.190877305598778 -32.131744805041734 -21.13449028594271 46.25007645439031 -17.669931395579127 -6.934348500081293 -10.40228206356364 3.078774645924272 37.16463456924238 41.126246145638014 -14.91517101936363
254 6604 0 0 0 -8.617478001760452 0.2783254503353578 -5.042069598136062 25.391242543535252 2.4385966513395294 40.48812068029824 21.111646124611823 0.031032111683597666 -27.749151706361076 -2.190877008412444 -32.131745365441255 -21.134490126814633 46.250076644492765 -17.669931150542716 -6.934348691427888 -10.402282480329218 3.0787749084838785 37.1646346734828 41.12624598843858 -14.915170313029419
255 6630 0 0 0 -8.617477867878069 0.2783250557504423 -5.04206898863544 25.391242332895864 2.43859682097018 40.488120384142235 21.111645769538526 0.031032072350614545 -27.749151682479596 -2.1908775492358825 -32.131745427702896 -21.134490394602693 46.25007696654644 -17.669930481077305 -6.93434819242368 -10.402282028321558 3.0787744630992764 37.16463424798929 41.12624563231229 -14.915170235180526
256 6656 0 0 0 -8.617478078071976 0.2783254496885729 -5.042069460060293 25.391242622607642 2.438597091916976 40.488119867621705 21.111645358612975 0.03103180597476815 -27.749152048191664 -2.1908777175454115 -32.13174590455461 -21.134490780231136 46.250076890107344 -17.66993085964882 -6.934348698424153 -10.402281370842376 3.078774297416065 37.16463342335967 41.12624599060854 -14.91517049903415
257 6682 0 0 0 -8.617478126410795 0.278325972880042 -5.042069634002511 25.391242765982536 2.4385966276187494 40.4881202921558 21.11164618137026 0.031031359158332415 -27.749152894985016 -2.190877181121149 -32.13174545137456 -21.134490774864556 46.25007754792144 -17.66993121291582 -6.934348362962406 -10.402281595808583 3.0787746062845875 37.16463375569476 41.12624651766509 -14.915169970331528
258 6708 0 0 0 -8.61747820410579 0.2783264983754024 -5.042069328902582 25.39124282383392 2.438596281154366 40.48812073068298 21.111646292911328 0.03103144626770207 -27.74915275377932 -2.1908771521198447 -32.13174564315332 -21.13449109522419 46.250077393840996 -17.66993170744093 -6.9343482909815695 -10.402281715630952 3.078774436644735 37.16463378904386 41.12624717140741 -14.915170229446447
259 6734 0 0 0 -8.617478638501932 0.2783262232229987 -5.042069897420104 25.391242819642482 2.4385959260101258 40.488120952044405 21.111646526458756 0.03103133785519125 -27.749152858481512 -2.1908774327750593 -32.1317457421459 -21.134490492184437 46.250077684754345 -17.66993099264313 -6.934349029349224 -10.402282292331458 3.0787741843204346 37.16463380166831 41.1262465086282 -14.915170164053167
260 6760 0 0 0 -8.617477875477322 0.27832596980359414 -5.0420696733981405 25.39124256349285 2.4385954123422415 40.48812086751154 21.111646531200407 0.031031829176249377 -27.74915281701823 -2.190878082807321 -32.131745842915656 -21.13449015227707 46.25007804192906 -17.669931095073675 -6.934349521435503 -10.402282313476677 3.0787742751038523 37.16463345452658 41.12624656225737 -14.915169815137032
261 6786 0 0 0 -8.617477863509233 0.27832611375098515 -5.042069835445699 25.391242616263618 2.4385950616706142 40.48812081015583 21.11164671264404 0.0310319514468706 -27.749152666746493 -2.1908780927418214 -32.13174539749509 -21.134489990821635 46.25007791421929 -17.66993085609805 -6.934349047829465 -10.402282189677077 3.0787742534218316 37.164633206263225 41.12624662967256 -14.915169928614427
262 6812 0 0 0 -8.617477874908408 0.2783263574262343 -5.042070240536023 25.391242766578028 2.4385946700017964 40.48812086257119 21.11164664890849 0.031031776752510967 -27.7491526930008 -2.190878098304302 -32.13174494169922 -21.13449010954491 46.25007774373441 -17.669930816600075 -6.934349163318816 -10.402281953679022 3.0787737362682326 37.164633130379954 41.12624622216418 -14.915169656160694
263 6838 0 0 0 -8.617477752733869 0.278326228854809 -5.042070652595337 25.39124280395145 2.438594985687408 40.488121010513204 21.111646916252116 0.031031643417003905 -27.749152949798383 -2.1908781299529347 -32.131744944388366 -21.134490122284948 46.25007747540969 -17.669931017442643 -6.93434907965529 -10.40228187623453 3.0787734543210523 37.164632730698266 41.12624662382747 -14.91516998239013
264 6864 0 0 0 -8.617477713223957 0.27832665611937063 -5.042070318835296 25.391242641865087 2.4385953826763935 40.48812104758186 21.111646783406172 0.031031576698444596 -27.74915302658196 -2.190878011061881 -32.1317451421221 -21.1344902111916 46.250077353451466 -17.669931028912966 -6.934349113018446 -10.402282409043853 3.0787734272594065 37.16463298148362 41.12624684917635 -14.915169766712886
265 6890 0 0 0 -8.61747759028786 0.278326281049303 -5.042069922062874 25.391242457121876 2.438595773294191 40.48812106208702 21.11164662728907 0.031031649930906683 -27.74915281096444 -2.1908779626014665 -32.1317452049816 -21.134490286452625 46.25007761393912 -17.669930685113826 -6.93434904817139 -10.402282212469636 3.078773561093136 37.16463340811702 41.126246805330034 -14.915169838467968
266 6916 0 0 0 -8.617477743385725 0.2783263641214804 -5.04206966500236 25.39124214147536 2.4385955371849057 40.4881211005655 21.111646403112708 0.03103165788288208 -27.749152570649006 -2.1908775337879924 -32.13174510744323 -21.134490583398634 46.25007790000329 -17.669930574116144 -6.934349313313672 -10.402282210683587 3.078773565265944 37.16463380543031 41.126246881964235 -14.915169397516815
267 6942 0 0 0 -8.617478070677898 0.27832637576530456 -5.042069607495227 25.391242292898877 2.4385957771982536 40.48812062616345 21.111646152099297 0.031031599079223055 -27.74915247809808 -2.1908774244655396 -32.13174500321574 -21.134490583592886 46.25007767612613 -17.66993055986231 -6.93434949669214 -10.40228167057896 3.0787737925851553 37.164633550023495 41.12624663939955 -14.915169315123196
268 6968 0 0 0 -8.617477949818666 0.2783264161010247 -5.042069772674482 25.391242634620703 2.4385954093993867 40.488120617536666 21.111646190748385 0.03103166921453167 -27.749153015943598 -2.190877683931901 -32.13174538419645 -21.134490196415623 46.250077616205544 -17.66993069899935 -6.934349185583471 -10.402281907599242 3.0787734166262277 37.164633460660774 41.12624626415943 -14.915169591263801
269 6994 0 0 0 -8.617477736864801 0.2783264731776988 -5.042069597135011 25.391242480881573 2.4385956345983564 40.48812074235467 21.111646095880488 0.03103147447539259 -27.749152678549347 -2.1908779550385673 -32.13174553844332 -21.13449008312253 46.25007767269338 -17.669930758546737 -6.9343491133317565 -10.402282098493979 3.0787735971051005 37.164633396108336 41.126246406390536 -14.915169836301107
270 7020 0 0 0 -8.617477926867622 0.278326355298014 -5.04206953925929 25.39124232425202 2.438595718782686 40.4881207929756 21.111645927580486 0.031031676411385514 -27.749152701078064 -2.1908780488331328 -32.13174579788086 -21.134490134988436 46.250077577739546 -17.669930807328328 -6.934349081697601 -10.402281925336908 3.078773789822986 37.164633409756526 41.12624648007621 -14.915169772387669
271 7046 0 0 0 -8.617478027210824 0.2783261432468839 -5.042069741545082 25.391242295062526 2.4385956708668983 40.48812086404814 21.111646178520335 0.0310314945371337 -27.749152729433405 -2.190878299356129 -32.131745745036525 -21.13448993554998 46.250077630558 -17.669930982337913 -6.934349206105292 -10.402282029465127 3.07877385760107 37.164633640316296 41.12624631469123 -14.915169923910115
272 7072 0 0 0 -8.617477767503452 0.27832600069392993 -5.04206985238305 25.391242268588655 2.4385957418909885 40.48812075132928 21.11164593146392 0.031031658956621938 -27.749152796271545 -2.1908780115828 -32.13174558631844 -21.13448968582865 46.25007757507538 -17.669930894396725 -6.934349205942926 -10.402282081972881 3.078773989223248 37.164633638519796 41.12624664562158 -14.915169861065484
273 7098 0 0 0 -8.617477750264205 0.2783260378555177 -5.042069908385286 25.39124225473107 2.4385955680022904 40.4881207593801 21.111646129572666 0.031031386517886426 -27.749152624375398 -2.1908777741105325 -32.13174549019329 -21.134489925684942 46.25007760107852 -17.669930869406734 -6.934349102186085 -10.402282203151339 3.0787738685557926 37.1646339078414 41.12624657391339 -14.915169914127338
274 7124 0 0 0 -8.61747773002653 0.27832605322405274 -5.0420697641255074 25.391242282379153 2.438595578397413 40.48812082598327 21.111646080763574 0.031031350293785294 -27.749152524041914 -2.1908777760078997 -32.13174514740223 -21.134490078096302 46.25007765611754 -17.6699308794773 -6.934349193999457 -10.402282111681359 3.0787737145262 37.16463393154792 41.12624643700569 -14.915169703639028
275 7150 0 0 0 -8.617477670846577 0.2783260827373104 -5.042069854640718 25.391242254615644 2.4385955443372556 40.488120798333306 21.111645985168316 0.031031362225147532 -27.749152642407072 -2.190877907398901 -32.131745220077605 -21.13448987154362 46.250077632459195 -17.669930737721902 -6.934349022395417 -10.402282094818995 3.0787737756552267 37.16463374532639 41.126246288560736 -14.915169687082146
276 7176 0 0 0 -8.61747772808805 0.2783259987035048 -5.04206987605943 25.391242120414322 2.4385956371214026 40.488120854876236 21.111646027305344 0.031031460068508578 -27.749152620278803 -2.190877963227575 -32.13174519493525 -21.134489864676514 46.25007753270082 -17.66993085870768 -6.934348973583075 -10.402282243729195 3.078773821270533 37.16463391940179 41.1262462596578 -14.915169593380162
277 7202 0 0 0 -8.617477744247424 0.2783259472566601 -5.042069946383517 25.391242328735537 2.438595526166763 40.48812067271463 21.11164613013664 0.031031602795558347 -27.749152492688882 -2.1908780327398323 -32.13174519488485 -21.134489874025093 46.25007767049288 -17.669930886126124 -6.934349125591384 -10.402282081858004 3.07877390266159 37.16463379548183 41.12624628339843 -14.91516957249095
278 7228 0 0 0 -8.617477786637343 0.2783260189141374 -5.042069852847947 25.391242219038563 2.4385955396511227 40.488120623370364 21.111646027703294 0.031031586337081637 -27.74915241866979 -2.1908780048475403 -32.13174518189559 -21.134489708098567 46.250077708677054 -17.669930835703692 -6.934349130068426 -10.402282153984293 3.0787739479342724 37.164633946622516 41.12624625578092 -14.915169596876302
279 7254 0 0 0 -8.617477808648465 0.27832610196630964 -5.042069885918813 25.391242458946984 2.438595551962601 40.488120668417956 21.111646016831063 0.031031464137087746 -27.74915243593614 -2.1908778040072976 -32.131745135030975 -21.134489712509616 46.25007778680825 -17.66993091188601 -6.934349107034183 -10.402282164972673 3.0787739486436476 37.16463381968883 41.126246197740606 -14.915169659872944
280 7280 0 0 0 -8.61747777549518 0.2783262940499359 -5.042069857491127 25.391242483726753 2.438595521949069 40.48812074504357 21.11164600578965 0.031031552870465235 -27.749152346926962 -2.190877851249319 -32.13174528159279 -21.134489684861396 46.250077774800005 -17.669930920706825 -6.934349227771896 -10.40228220548035 3.0787739965609484 37.164633746947544 41.12624639223889 -14.915169598679656
281 7306 0 0 0 -8.617477771287518 0.2783263187305024 -5.0420698399345625 25.391242509677355 2.438595472561837 40.48812070833733 21.111646015365924 0.03103157754611391 -27.749152466158765 -2.190877926059549 -32.13174527320261 -21.134489806801607 46.25007785633045 -17.669930865924584 -6.934349189825237 -10.402282133323812 3.0787740057536035 37.16463377827734 41.1262465977826 -14.915169598143885
282 7332 0 0 0 -8.61747778278236 0.2783262912892078 -5.042069824061327 25.39124250018202 2.438595474081532 40.48812067162794 21.111646025255393 0.031031397404399544 -27.749152463552704 -2.1908779013533968 -32.131745284396956 -21.134489846993333 46.25007780979854 -17.669930935784375 -6.9343491035920355 -10.402282104748275 3.078773932954452 37.16463381901329 41.126246457326125 -14.915169723958584
283 7358 0 0 0 -8.617477818611352 0.2783262934273926 -5.042069776029939 25.391242439045516 2.4385954750246435 40.48812071335029 21.11164603966747 0.031031410591311558 -27.749152420873596 -2.190877900185484 -32.13174534218822 -21.13448986621365 46.25007784585386 -17.669930895483834 -6.934349096010085 -10.402282121783978 3.0787739783495907 37.16463385343955 41.12624647785178 -14.915169692152897
284 7384 0 0 0 -8.617477765828738 0.27832635692259167 -5.04206980145503 25.39124247317592 2.4385954790289786 40.488120791811106 21.111646072903728 0.031031428736730662 -27.74915251179035 -2.19087793277321 -32.131745359472774 -21.13448989574052 46.25007789441677 -17.66993095759709 -6.934349023401652 -10.402282115627695 3.0787740281916447 37.16463389683953 41.12624646852103 -14.915169699956586
285 7410 0 0 0 -8.61747774628643 0.27832633173436744 -5.04206975454377 25.391242502752757 2.4385954993172594 40.48812074688908 21.111645981535457 0.031031466617500583 -27.749152469098973 -2.190877931951532 -32.13174533129158 -21.13448990479194 46.25007784709932 -17.66993096372543 -6.93434903157379 -10.402282104415642 3.0787739808821426 37.164633965882985 41.12624655289237 -14.915169747799514
286 7436 0 0 0 -8.617477783870019 0.2783263259430884 -5.042069801071081 25.391242508024977 2.4385955702589612 40.48812075901031 21.11164597141072 0.031031441737960273 -27.749152458546124 -2.1908779072707185 -32.131745279802104 -21.134489874869864 46.25007773303364 -17.66993095005142 -6.934349087608323 -10.402282060785534 3.0787740369222862 37.16463390081789 41.12624643074824 -14.915169694032539
287 7462 0 0 0 -8.617477819116075 0.2783262588611716 -5.042069774464929 25.391242547048048 2.438595494661295 40.4881208094358 21.111645929446382 0.031031506673412444 -27.74915248560271 -2.1908779341068882 -32.13174522514631 -21.134489943018174 46.25007775874404 -17.669930958391372 -6.9343490604158236 -10.402282071120887 3.0787739681879467 37.164633848200815 41.12624648249822 -14.915169667675862
288 7488 0 0 0 -8.617477810168712 0.27832623182272387 -5.04206972964151 25.39124257058286 2.4385955204638368 40.488120745514806 21.111645965899328 0.03103135094767277 -27.74915249391244 -2.1908779647051655 -32.13174526100039 -21.13448993736664 46.25007775502854 -17.66993097177436 -6.93434909870367 -10.402282076504317 3.0787739052798084 37.16463389049448 41.12624653132496 -14.91516964681697
289 7514 0 0 0 -8.61747779259478 0.27832620980491074 -5.042069807005942 25.39124252143505 2.4385955196374383 40.488120716181385 21.111645956321485 0.031031330119644776 -27.749152457086186 -2.190878002444248 -32.13174523389216 -21.13448991271183 46.25007773910252 -17.669930962759953 -6.934349164270174 -10.40228206680799 3.078773975751779 37.16463393331361 41.12624650323649 -14.91516968493182
290 7540 0 0 0 -8.617477824743592 0.2783262122240161 -5.042069796572129 25.39124250702959 2.438595473821718 40.48812074346846 21.11164594404265 0.031031268380686573 -27.749152492463566 -2.1908779925575943 -32.131745264229316 -21.134489899332934 46.25007773050462 -17.669930984438945 -6.934349151959032 -10.40228209958041 3.0787739776784164 37.16463391218957 41.12624649296875 -14.915169689330595
291 7566 0 0 0 -8.61747779860585 0.2783262351904791 -5.042069835785932 25.391242485867387 2.4385954924239326 40.488120702833335 21.11164601340735 0.031031291985036378 -27.749152458864593 -2.190877973962923 -32.13174525620371 -21.13448990213898 46.250077684197585 -17.669930978542137 -6.93434912301069 -10.402282049807102 3.078773988818542 37.164633896358 41.12624647871448 -14.915169727410593
292 7592 0 0 0 -8.617477857514597 0.27832623377268 -5.042069814551505 25.391242488461852 2.438595491997324 40.488120714788764 21.111645993317616 0.03103125643855486 -27.749152424428786 -2.190877991907968 -32.13174533772055 -21.134489866373126 46.25007768348522 -17.669931043620448 -6.934349095358199 -10.402282082027261 3.078774015609665 37.16463389519252 41.12624651882275 -14.915169712885238
293 7618 0 0 0 -8.61747783799078 0.27832622954599545 -5.042069874635995 25.39124248354727 2.438595491446032 40.48812077161304 21.111645999586393 0.031031247161086076 -27.74915242924255 -2.1908779756645487 -32.13174530727026 -21.134489908940115 46.250077644319 -17.669931011106733 -6.934349073152151 -10.402282136344484 3.078774016364298 37.16463395674933 41.12624653521239 -14.91516970150593
294 7644 0 0 0 -8.617477806935339 0.27832620921154777 -5.042069884505574 25.391242483575557 2.4385954865452684 40.48812078909644 21.111645971994832 0.031031297933597858 -27.74915243154053 -2.190877980125599 -32.13174524618071 -21.134489917750454 46.250077666696335 -17.669930921998372 -6.934349098698325 -10.402282091154635 3.078773970182912 37.16463393472638 41.12624647585959 -14.915169673102968
295 7670 0 0 0 -8.617477829172042 0.27832620668475677 -5.04206987704795 25.39124251924436 2.4385955146595593 40.48812075419776 21.111645955636508 0.03103128767680839 -27.749152404714824 -2.190878021710843 -32.13174527953553 -21.134489883771128 46.25007768328947 -17.669930936255703 -6.9343490962879395 -10.402282110544725 3.0787739782552506 37.16463386500436 41.126246485210686 -14.9151696965329
296 7696 0 0 0 -8.617477820514 0.2783262055186495 -5.042069880537516 25.39124248505648 2.4385955127192656 40.48812080760173 21.11164594224822 0.031031293565292613 -27.749152398341035 -2.190878007983575 -32.13174529698953 -21.13448987165817 46.250077692565704 -17.669930954367963 -6.934349023017779 -10.402282140883488 3.0787739507557856 37.16463392115286 41.12624646700126 -14.915169706322885
297 7722 0 0 0 -8.617477822633488 0.27832622897341475 -5.0420698578634 25.391242500803926 2.4385954416323026 40.48812082195042 21.111645923163202 0.031031317160798978 -27.749152423183492 -2.190877983847396 -32.1317452762343 -21.134489880336517 46.25007768502108 -17.66993100655345 -6.934349010380216 -10.402282110838376 3.07877393827123 37.1646338746068 41.12624642643909 -14.91516969969027
298 7748 0 0 0 -8.617477811440734 0.27832623175302623 -5.042069861880675 25.391242493155623 2.4385955165504907 40.48812078807892 21.111645958245067 0.03103131466249758 -27.74915243198698 -2.1908780007257183 -32.131745292257456 -21.134489881462795 46.25007769389278 -17.669931019823057 -6.934349025659274 -10.40228214895091 3.078773965351893 37.164633942384235 41.12624645973894 -14.915169677880769
299 7774 0 0 0 -8.617477779463567 0.2783262611237274 -5.042069827260736 25.391242505532738 2.4385955404944886 40.48812078328296 21.111645957777142 0.03103130680991547 -27.749152420264057 -2.1908780064450006 -32.13174533009839 -21.134489866846092 46.25007770604622 -17.66993099123526 -6.934349027732583 -10.4022821384135 3.0787739790125777 37.16463394255701 41.126246464855356 -14.91516968794847
300 7800 0 0 0 -8.617477796609824 0.27832626526418774 -5.042069808616307 25.391242520514737 2.4385955300793265 40.48812076927119 21.111645944091 0.031031292080148074 -27.749152423844755 -2.1908780201315325 -32.13174531597011 -21.134489884367873 46.25007772218783 -17.669930997938756 -6.934349044754438 -10.40228213613362 3.078773978242037 37.164633917636145 41.12624646941883 -14.915169669444595
301 7826 0 0 0 -8.617477773270345 0.27832624923012705 -5.042069868611071 25.39124251959037 2.438595499627824 40.4881207647279 21.11164597130455 0.031031307931627027 -27.749152417298674 -2.1908780447256833 -32.131745312191434 -21.13448988176082 46.25007771146878 -17.669931019840085 -6.934349057071604 -10.40228213594962 3.0787739797292133 37.16463391348619 41.126246466062064 -14.915169682996288
302 7852 0 0 0 -8.617477776118708 0.27832625321305793 -5.042069896310265 25.391242523629785 2.4385955169790376 40.48812077548701 21.111645978971428 0.03103131208529183 -27.749152401752195 -2.1908780305939595 -32.13174532908449 -21.13448991406813 46.25007767789859 -17.66993102938633 -6.934349067929041 -10.402282114805848 3.0787739685140294 37.16463387898305 41.12624648633288 -14.91516967735437
303 7878 0 0 0 -8.617477798620804 0.2783262443127831 -5.042069869270513 25.391242521633444 2.4385955265450527 40.488120784331436 21.111645954130847 0.031031300320238025 -27.749152395459912 -2.1908780443189007 -32.13174532600373 -21.134489905121487 46.25007766033255 -17.66993103036683 -6.934349086612349 -10.40228210323945 3.0787739710714686 37.16463389950559 41.126246434036005 -14.915169689111266
304 7904 0 0 0 -8.617477793996548 0.27832624258744176 -5.0420698475767765 25.391242507594733 2.4385955354586284 40.48812078380196 21.11164595014096 0.03103127944840953 -27.749152385065642 -2.1908780399866172 -32.13174534273271 -21.13448991475124 46.250077670456456 -17.66993102852468 -6.934349058877262 -10.402282115863514 3.07877396889167 37.164633882308465 41.126246448698105 -14.915169677200844
305 7930 0 0 0 -8.61747779047396 0.27832623980338866 -5.042069834855 25.391242499028206 2.438595537554828 40.48812079400608 21.111645954848267 0.03103127168577106 -27.7491523748241 -2.1908780506442445 -32.131745352802454 -21.13448992088826 46.25007766338216 -17.669931049613986 -6.934349085140994 -10.40228211572747 3.078773968802084 37.164633855845366 41.12624645050616 -14.915169691835914
306 7956 0 0 0 -8.617477797000221 0.27832624190854777 -5.042069828174526 25.39124251747064 2.4385955307727825 40.488120806123455 21.11164594944173 0.03103128553015245 -27.749152372738102 -2.19087802969364 -32.131745354637296 -21.134489896525807 46.25007767252411 -17.669931040199703 -6.93434907256049 -10.402282112438654 3.078773974731132 37.16463386366176 41.12624644290665 -14.915169669206414
307 7982 0 0 0 -8.617477781577938 0.2783262452168508 -5.042069833536143 25.391242525400404 2.43859551760668 40.488120810189315 21.111645955264574 0.031031326628105576 -27.74915237599178 -2.190878012513108 -32.13174536519568 -21.134489919278934 46.25007769219026 -17.669931020017742 -6.934349073030597 -10.402282121751366 3.078773986365803 37.16463388847986 41.126246454638256 -14.915169667557159
308 8008 0 0 0 -8.617477804025254 0.2783262433835666 -5.042069834130087 25.39124252384106 2.4385955240027 40.48812081734168 21.111645949387913 0.031031327798806026 -27.7491523816597 -2.190878026735638 -32.13174535938938 -21.134489906792314 46.25007768937702 -17.669931022803304 -6.93434906022172 -10.402282120664038 3.0787739857621945 37.1646339084826 41.12624644492271 -14.915169681807152
309 8034 0 0 0 -8.617477814903408 0.2783262480189063 -5.042069823296203 25.39124254061742 2.4385955313192844 40.48812080381833 21.111645945364632 0.031031328741284163 -27.749152385666324 -2.190878016065497 -32.13174535480347 -21.134489914374544 46.25007769589385 -17.66993101353493 -6.934349063786169 -10.40228209944739 3.078773982501789 37.16463390004763 41.1262464454335 -14.915169699794756
310 8060 0 0 0 -8.617477812329502 0.2783262506680476 -5.042069826941174 25.39124253572613 2.438595541189491 40.48812080776207 21.111645940062473 0.03103131534062654 -27.749152393168984 -2.190878028053199 -32.13174536257412 -21.134489920876124 46.25007768389626 -17.669931019919982 -6.9343490578544 -10.40228209814707 3.078773963771753 37.16463390110715 41.12624646974597 -14.915169698623906
311 8086 0 0 0 -8.617477805013777 0.2783262422043923 -5.042069828237798 25.391242525458892 2.438595545130013 40.48812082297718 21.111645940616413 0.03103133398413161 -27.74915239577063 -2.1908780197193023 -32.13174536171502 -21.134489908722653 46.25007769325665 -17.669931020362032 -6.934349045546034 -10.402282091197268 3.0787739702738794 37.164633907443616 41.126246457776865 -14.915169685767928
312 8112 0 0 0 -8.617477816033812 0.27832624469395545 -5.042069831011976 25.391242518974334 2.438595539754769 40.48812082490927 21.111645935255112 0.031031317474587407 -27.74915238611442 -2.1908780346138914 -32.13174538111219 -21.134489895725054 46.25007769813008 -17.669931015836255 -6.934349049012594 -10.40228209399985 3.0787739750718814 37.16463389797018 41.126246479154275 -14.915169680761442
313 8138 0 0 0 -8.617477808213865 0.2783262503808235 -5.04206983826857 25.391242517810525 2.438595531989164 40.48812081765777 21.111645943887176 0.03103130797944092 -27.749152384512545 -2.1908780266116517 -32.13174537582238 -21.134489902095172 46.25007769525129 -17.669931025489426 -6.934349054872149 -10.402282094137494 3.0787739870486757 37.1646339012062 41.1262464842877 -14.915169676966551
314 8164 0 0 0 -8.617477816917 0.2783262543804685 -5.042069854610779 25.391242521193675 2.43859551781623 40.48812082773861 21.11164594694433 0.031031305635771028 -27.749152394470702 -2.1908780326802115 -32.131745381429546 -21.13448990080573 46.250077690408304 -17.66993102004737 -6.934349056604381 -10.402282097953018 3.0787739791223414 37.16463389962835 41.126246463774486 -14.915169669995755
315 8190 0 0 0 -8.617477801424048 0.2783262514651128 -5.042069848251771 25.39124252472206 2.438595514244158 40.48812082457641 21.111645945398017 0.031031310195814718 -27.749152389610792 -2.190878029231118 -32.13174537838931 -21.13448991291556 46.25007768821872 -17.66993101944419 -6.934349060813684 -10.402282098892117 3.0787739820003823 37.16463389987727 41.12624645637901 -14.915169654910466
316 8216 0 0 0 -8.617477794003747 0.27832624823910546 -5.0420698411359455 25.391242515603032 2.4385955183626846 40.488120827789984 21.111645945445865 0.03103131007427882 -27.749152385195902 -2.19087802630325 -32.13174537033272 -21.13448991455171 46.250077679584344 -17.669931025372282 -6.934349068729494 -10.40228209985 3.078773980762956 37.16463390450321 41.126246463093665 -14.915169660648637
317 8242 0 0 0 -8.617477797162053 0.2783262531646097 -5.042069843035679 25.391242517346715 2.4385955155006367 40.48812081233133 21.111645957769927 0.031031301153253928 -27.749152378269347 -2.1908780213632153 -32.13174538332942 -21.13448990683433 46.25007769080205 -17.669931015615212 -6.934349067155997 -10.402282100365321 3.078773978620106 37.16463389938361 41.12624645900339 -14.915169670424598
318 8268 0 0 0 -8.617477801863396 0.2783262599261425 -5.042069852442241 25.3912425242946 2.438595523032189 40.48812080733699 21.111645952638206 0.031031299626279707 -27.74915237544384 -2.1908780177143288 -32.13174538531748 -21.134489910563936 46.250077690616365 -17.66993101432006 -6.934349073149652 -10.40228209295048 3.078773974142216 37.16463389116999 41.12624646256757 -14.915169671614244
319 8294 0 0 0 -8.617477803045626 0.27832626259977467 -5.042069849627471 25.391242519631792 2.4385955199377096 40.48812081088289 21.111645959921063 0.03103130216368051 -27.749152374326453 -2.1908780184873167 -32.131745381273994 -21.134489908137567 46.2500776881472 -17.66993101326017 -6.934349074961593 -10.402282093778066 3.078773967946361 37.1646338929403 41.12624646816139 -14.91516966759779
320 8320 0 0 0 -8.617477802471383 0.2783262583873206 -5.042069852530848 25.391242518098675 2.4385955186753114 40.48812082012865 21.111645960653686 0.031031302598692887 -27.749152373829595 -2.1908780179899723 -32.13174537161309 -21.134489910370892 46.25007768531874 -17.66993102010696 -6.934349069972955 -10.402282103492738 3.0787739668243157 37.164633893268125 41.126246468628764 -14.915169661800316
321 8346 0 0 0 -8.617477795040077 0.2783262577445962 -5.0420698542769085 25.391242522524934 2.4385955199997276 40.4881208265544 21.11164595419651 0.031031302703757632 -27.749152380322116 -2.1908780215537664 -32.13174537358425 -21.13448991314152 46.25007768019612 -17.66993101655796 -6.934349071072126 -10.402282109605249 3.07877397200543 37.16463389191857 41.126246466335225 -14.915169660875847
322 8372 0 0 0 -8.617477798341287 0.2783262554298764 -5.0420698610000185 25.391242523457066 2.4385955237022707 40.48812082782269 21.111645950814438 0.031031309354593112 -27.749152380783023 -2.1908780255759326 -32.131745374034026 -21.134489904658214 46.25007768588536 -17.669931008128827 -6.9343490716280805 -10.402282109490224 3.078773972669641 37.16463389391937 41.12624645994357 -14.91516966282461
323 8398 0 0 0 -8.617477802974745 0.2783262575784188 -5.04206985341845 25.391242527474056 2.4385955274587303 40.488120827953004 21.11164595549189 0.031031308127356213 -27.74915237696956 -2.190878021599606 -32.13174536866924 -21.134489902442844 46.25007768534934 -17.66993101128723 -6.934349073765697 -10.402282103818234 3.078773983464668 37.16463389489544 41.12624645485793 -14.915169658149917
324 8424 0 0 0 -8.61747780377746 0.278326252977158 -5.042069849530079 25.39124252545555 2.438595523799146 40.48812082943003 21.111645950848573 0.031031305299736828 -27.749152377369715 -2.1908780230249203 -32.1317453711738 -21.134489903163963 46.25007768577116 -17.669931014357573 -6.934349065850731 -10.402282102775128 3.0787739849404727 37.164633897645174 41.12624645880839 -14.915169658307871
325 8450 0 0 0 -8.617477805676916 0.2783262528074733 -5.042069850520063 25.39124252917912 2.4385955266319925 40.48812082784043 21.11164594651012 0.031031305904563856 -27.74915237438101 -2.190878018784681 -32.13174537103405 -21.13448990615788 46.25007768234149 -17.66993101726977 -6.9343490642197185 -10.402282103522626 3.078773980553755 37.164633894996804 41.12624646208117 -14.915169662990206
326 8476 0 0 0 -8.617477808129346 0.2783262587234663 -5.042069845119501 25.391242527163005 2.4385955314809027 40.48812082232512 21.111645942627394 0.03103131067862176 -27.749152378193248 -2.1908780179455105 -32.131745368180304 -21.13448990341801 46.25007768138319 -17.669931016142588 -6.934349062413631 -10.402282097513817 3.078773976458414 37.16463389231499 41.12624646410534 -14.91516966319428
327 8502 0 0 0 -8.617477810640466 0.27832626002564353 -5.042069842298895 25.391242528871445 2.438595532851477 40.488120824087346 21.111645938923033 0.031031308449332218 -27.749152379233678 -2.1908780186968575 -32.13174536669743 -21.134489900292724 46.25007768197661 -17.669931017042142 -6.934349064066281 -10.402282098168213 3.0787739779130887 37.16463389179449 41.12624646740772 -14.91516966157029
328 8528 0 0 0 -8.617477808204839 0.2783262582102583 -5.042069843415373 25.391242529041946 2.4385955307986067 40.488120828570224 21.11164594272011 0.031031308159027077 -27.74915238314106 -2.1908780209721277 -32.13174536377072 -21.134489901683914 46.25007768244067 -17.669931015619248 -6.934349061455592 -10.402282103086106 3.0787739772795573 37.164633890657115 41.12624646629751 -14.915169659160016
329 8554 0 0 0 -8.617477811426532 0.2783262583121126 -5.04206984417078 25.391242526873928 2.43859552931757 40.48812082917183 21.111645946636493 0.03103130937609044 -27.74915238641502 -2.1908780209070984 -32.131745368035915 -21.134489906433604 46.25007768068598 -17.669931015516525 -6.934349062859802 -10.402282102644278 3.078773978182977 37.16463388631605 41.12624646559031 -14.915169654817333
330 8580 0 0 0 -8.617477810769056 0.27832626095163215 -5.042069844306595 25.391242530266712 2.4385955313347076 40.488120832217156 21.11164594412766 0.03103131085747483 -27.749152388159146 -2.190878020267694 -32.13174536644051 -21.134489904901926 46.25007767812569 -17.66993101385738 -6.934349060990104 -10.40228209982348 3.078773977601226 37.164633888870874 41.12624646265324 -14.915169658041606
331 8606 0 0 0 -8.617477807178716 0.27832625773441794 -5.042069845731066 25.39124253081792 2.438595532093046 40.488120830743135 21.11164594337871 0.031031308853751587 -27.749152385858366 -2.190878021369531 -32.131745364489056 -21.13448990092069 46.25007767752808 -17.669931014362664 -6.934349059260537 -10.402282099796347 3.0787739798701375 37.16463389202403 41.126246462332794 -14.915169660306468
332 8632 0 0 0 -8.617477807538691 0.2783262555529527 -5.042069845211574 25.391242529386567 2.438595533602868 40.48812083534728 21.11164594369674 0.031031310733719147 -27.749152387261013 -2.190878021831289 -32.13174536186136 -21.13448990268617 46.25007767790742 -17.66993101480377 -6.934349058919279 -10.40228210311424 3.078773978293735 37.164633895267606 41.12624646106676 -14.915169659038519
333 8658 0 0 0 -8.617477810984962 0.2783262583002246 -5.042069842175597 25.391242530168117 2.4385955322103494 40.48812083495538 21.111645945214143 0.03103131074461744 -27.749152385182523 -2.190878017349486 -32.13174536345104 -21.134489900636996 46.250077675665935 -17.66993101155036 -6.934349058454742 -10.402282102140688 3.078773978866979 37.16463389361326 41.12624646308958 -14.915169663433836
334 8684 0 0 0 -8.617477811246273 0.2783262561339899 -5.042069842828448 25.391242530387657 2.438595532125032 40.48812083570173 21.111645947070098 0.031031310873466892 -27.74915238423534 -2.1908780189646553 -32.13174536276185 -21.134489900356098 46.250077676478625 -17.669931015621696 -6.934349059005701 -10.402282101027385 3.0787739770402003 37.1646338925725 41.126246461839514 -14.915169664963384
335 8710 0 0 0 -8.61747781027053 0.2783262543964244 -5.042069842952001 25.391242529623916 2.438595530994237 40.488120836803624 21.111645948799296 0.03103131089538392 -27.74915238582002 -2.1908780223378677 -32.13174536268286 -21.13448990168707 46.250077678105924 -17.669931015430375 -6.934349059333143 -10.402282103441388 3.0787739770290403 37.16463388835042 41.12624646268713 -14.915169663413721
336 8736 0 0 0 -8.61747781121664 0.2783262526544197 -5.042069842895213 25.391242530632294 2.438595530312223 40.488120837034174 21.111645947370587 0.031031309924176888 -27.74915238499226 -2.19087801995117 -32.13174536398078 -21.134489902635856 46.2500776790688 -17.66993101752598 -6.934349061422029 -10.402282104092754 3.078773975866643 37.16463389075817 41.12624646298709 -14.915169662185182
337 8762 0 0 0 -8.617477807632397 0.27832625218752843 -5.04206984255151 25.391242528706265 2.4385955303634694 40.488120835780194 21.111645947364114 0.031031308185597132 -27.74915238616916 -2.1908780186260146 -32.13174536320928 -21.1344899015743 46.250077679584535 -17.66993101833856 -6.93434906293471 -10.402282102070592 3.078773977757399 37.164633891224284 41.126246463043785 -14.9151696636395
338 8788 0 0 0 -8.617477809774615 0.27832625371648023 -5.042069840735805 25.39124253085435 2.438595530876447 40.48812083376386 21.11164594497408 0.03103130695769089 -27.74915238336414 -2.190878018081076 -32.13174536334967 -21.13448990279429 46.25007768085141 -17.669931018939995 -6.934349062338809 -10.402282102067412 3.0787739794829805 37.164633889750334 41.126246462778276 -14.915169664958833
339 8814 0 0 0 -8.617477811926681 0.27832625565891883 -5.042069840940791 25.39124252947795 2.4385955313614223 40.48812083311739 21.111645944735265 0.031031305468189455 -27.749152384927832 -2.190878017962645 -32.1317453628366 -21.13448990426534 46.25007768205129 -17.669931018585782 -6.934349064324183 -10.402282103577186 3.078773979820381 37.16463389076625 41.126246463584486 -14.915169663916945
340 8840 0 0 0 -8.617477810839196 0.2783262554786802 -5.0420698423314025 25.391242530724348 2.438595531131781 40.48812083422546 21.111645946325932 0.03103130687524315 -27.74915238477522 -2.190878018413461 -32.13174536348331 -21.134489904062438 46.25007768167311 -17.669931017939877 -6.934349065632097 -10.40228210482038 3.078773981519074 37.1646338914851 41.12624646160627 -14.915169663063459
341 8866 0 0 0 -8.617477810727566 0.27832625656021903 -5.042069843179356 25.391242530550674 2.4385955296752146 40.48812083229368 21.111645945963172 0.031031306512201796 -27.749152385354183 -2.1908780160372516 -32.13174536429378 -21.134489901300324 46.25007768057587 -17.6699310177796 -6.934349065317842 -10.402282102306918 3.0787739811993124 37.16463389238521 41.126246461169806 -14.91516966412324
342 8892 0 0 0 -8.617477810848154 0.278326254041646 -5.042069843924229 25.391242531331656 2.4385955302895588 40.48812083266098 21.11164594555732 0.03103130534261746 -27.749152384446802 -2.1908780180309457 -32.13174536290062 -21.13448990256915 46.25007767959245 -17.669931017753836 -6.934349063105246 -10.402282102801054 3.078773980104385 37.16463389136217 41.12624646133346 -14.915169664790335
343 8918 0 0 0 -8.617477810409886 0.2783262543403743 -5.04206984493424 25.391242530897266 2.438595529715299 40.48812083278277 21.111645945475036 0.031031305951458758 -27.749152383128333 -2.1908780184458223 -32.13174536123805 -21.134489901942587 46.25007767902493 -17.669931017842682 -6.934349062677737 -10.402282102842122 3.0787739796083584 37.16463389053665 41.126246462167074 -14.91516966337567
344 8944 0 0 0 -8.617477810191767 0.2783262542539457 -5.0420698456225095 25.391242529858104 2.4385955290001884 40.488120833758884 21.111645944515434 0.03103130752212697 -27.749152383285452 -2.1908780191643684 -32.13174536176864 -21.134489903322827 46.2500776791384 -17.669931018699057 -6.934349064023913 -10.402282101935777 3.0787739798888034 37.16463388936083 41.12624646202687 -14.915169662056934
345 8970 0 0 0 -8.61747781023977 0.27832625305688075 -5.042069844791424 25.391242529631672 2.438595530536407 40.48812083469938 21.1116459432929 0.03103130879011844 -27.749152384043715 -2.1908780192315254 -32.13174536187102 -21.134489902852565 46.25007768148584 -17.669931016723126 -6.934349063214943 -10.40228210283214 3.078773979702369 37.16463388872003 41.12624646272548 -14.9151696621716
346 8996 0 0 0 -8.617477810369415 0.27832625324506727 -5.042069845874706 25.39124253029447 2.438595531077408 40.48812083472672 21.11164594319798 0.031031308346453294 -27.749152384544313 -2.1908780203471334 -32.131745361584635 -21.134489901632666 46.25007768051025 -17.66993101729462 -6.934349062190253 -10.402282103865515 3.0787739810092685 37.16463388883701 41.12624646415716 -14.915169661378709
347 9022 0 0 0 -8.617477810517585 0.2783262533355174 -5.042069845441821 25.391242530986872 2.438595530499258 40.488120834805244 21.111645943038553 0.031031308770986768 -27.749152385559853 -2.1908780197910724 -32.131745361150784 -21.134489901746594 46.25007768019931 -17.66993101898236 -6.9343490616218055 -10.402282102295795 3.078773980319141 37.16463388962431 41.12624646377903 -14.91516966044343
348 9048 0 0 0 -8.617477810266804 0.2783262518162554 -5.042069845485778 25.39124252982335 2.4385955309269316 40.488120835208385 21.111645942114485 0.031031309097645315 -27.74915238507611 -2.1908780192729154 -32.131745359855216 -21.134489901663176 46.2500776797799 -17.669931018966572 -6.934349061873264 -10.402282102532812 3.078773980446837 37.164633890388515 41.126246461480974 -14.915169660493262
349 9074 0 0 0 -8.617477810387516 0.2783262521554558 -5.04206984605726 25.391242529704027 2.4385955295240667 40.48812083459039 21.111645941176743 0.031031309157804603 -27.749152383076467 -2.1908780185650505 -32.13174536296077 -21.1344899016251 46.2500776800195 -17.669931018515705 -6.93434906156528 -10.4022821028299 3.078773980261111 37.16463389068393 41.12624646227273 -14.91516965977055
350 9100 0 0 0 -8.617477810068985 0.2783262531197897 -5.04206984563958 25.391242529734676 2.4385955292363066 40.488120833778616 21.111645941039136 0.031031308019928986 -27.74915238304999 -2.1908780182685397 -32.13174536240285 -21.1344899012976 46.25007768108698 -17.669931019032443 -6.9343490623128465 -10.40228210229773 3.078773979354827 37.1646338907745 41.12624646236259 -14.91516966017097
351 9126 0 0 0 -8.617477808639094 0.2783262525580146 -5.042069846494838 25.391242529658488 2.438595529039076 40.48812083412757 21.1116459413136 0.031031307534851036 -27.749152384974536 -2.1908780179890717 -32.13174536323855 -21.134489902733193 46.250077680553154 -17.66993101898688 -6.934349061840908 -10.402282102643431 3.0787739797473295 37.16463389007649 41.12624646312872 -14.915169659432674
352 9152 0 0 0 -8.617477809536679 0.27832625200825134 -5.04206984642786 25.391242530166615 2.4385955281988165 40.48812083324874 21.11164594182463 0.031031307616505344 -27.74915238357082 -2.190878018487663 -32.13174536454845 -21.134489902043157 46.25007768019311 -17.669931019148862 -6.934349062401709 -10.402282102005076 3.078773980667457 37.16463388967236 41.12624646230437 -14.915169659984263
353 9178 0 0 0 -8.617477809327918 0.2783262517411221 -5.042069846257257 25.39124252995473 2.4385955281615446 40.488120832786244 21.111645942087915 0.03103130785446282 -27.74915238438478 -2.1908780179555096 -32.13174536372365 -21.134489901604628 46.250077679271065 -17.66993101889401 -6.934349062203574 -10.402282102064925 3.0787739805038936 37.16463388959559 41.126246461439656 -14.915169659593117
354 9204 0 0 0 -8.617477809567852 0.2783262522265313 -5.042069845282449 25.391242530706187 2.4385955290642376 40.488120832377135 21.11164594205848 0.031031307335479416 -27.749152385147873 -2.1908780187170454 -32.13174536464318 -21.134489901533794 46.25007767975277 -17.66993101833472 -6.93434906199906 -10.402282101764918 3.078773980314329 37.16463388948633 41.12624646129258 -14.915169661120487
355 9230 0 0 0 -8.617477810919139 0.2783262527870514 -5.042069846235386 25.39124253021966 2.4385955296250605 40.48812083266909 21.111645942576455 0.03103130801686787 -27.74915238526647 -2.1908780186019055 -32.13174536552254 -21.13448990186493 46.250077679362946 -17.669931018535717 -6.934349061695091 -10.402282101512851 3.0787739807357326 37.164633890414734 41.12624646196297 -14.915169661294511
356 9256 0 0 0 -8.617477810312595 0.2783262531971558 -5.042069845412954 25.39124252997468 2.4385955290588277 40.488120832951886 21.11164594240096 0.03103130799344583 -27.749152385076986 -2.1908780184715027 -32.13174536453206 -21.13448990185218 46.250077678803805 -17.66993101855271 -6.93434906118379 -10.40228210221487 3.078773980566031 37.1646338912504 41.12624646207987 -14.915169660668301
357 9282 0 0 0 -8.617477810185827 0.2783262532583364 -5.042069845315802 25.39124252980076 2.438595528981759 40.4881208338244 21.111645942565314 0.031031308556466616 -27.749152385673227 -2.190878018487604 -32.131745365007596 -21.134489901742725 46.25007767912429 -17.669931018136 -6.934349061231488 -10.402282102098413 3.078773980345488 37.164633890968055 41.12624646245236 -14.915169660271939
358 9308 0 0 0 -8.617477810779793 0.2783262533780224 -5.042069845429483 25.391242530330793 2.438595528774854 40.488120833974065 21.1116459428657 0.0310313086965627 -27.74915238496744 -2.1908780184965937 -32.1317453651486 -21.134489902154368 46.250077679406544 -17.669931017567535 -6.934349061617675 -10.402282102427831 3.0787739803811607 37.16463388974635 41.12624646334321 -14.915169660988358
359 9334 0 0 0 -8.617477810956357 0.2783262531289675 -5.042069845201058 25.39124253040699 2.4385955287287886 40.48812083373499 21.111645942508762 0.03103130814216449 -27.74915238520126 -2.190878018782125 -32.131745364613366 -21.13448990214185 46.25007768008027 -17.66993101778177 -6.934349061936443 -10.402282101991183 3.0787739804981626 37.1646338896747 41.126246462675475 -14.915169660132186
360 9360 0 0 0 -8.617477810343784 0.2783262533946161 -5.042069844559996 25.391242530754514 2.4385955296113084 40.488120833212065 21.111645942385895 0.031031308163368205 -27.74915238523579 -2.190878019196315 -32.131745363451614 -21.134489901781286 46.25007767991538 -17.669931017656992 -6.934349062347136 -10.402282101821088 3.078773980353964 37.16463388990516 41.12624646218825 -14.915169660940341
361 9386 0 0 0 -8.617477811110318 0.27832625365871777 -5.042069844534622 25.391242530351924 2.4385955299774187 40.488120833375376 21.11164594274583 0.03103130788978154 -27.74915238525096 -2.1908780189258614 -32.131745364778375 -21.13448990160727 46.25007768001752 -17.669931018022716 -6.934349062259845 -10.402282101421854 3.0787739802952574 37.16463389019928 41.12624646265891 -14.915169660833195
362 9412 0 0 0 -8.61747781098281 0.2783262542209567 -5.042069845169707 25.391242530447418 2.4385955298426722 40.48812083355087 21.111645942990414 0.03103130800727858 -27.749152385388417 -2.1908780193184048 -32.13174536499608 -21.134489901416256 46.25007767967651 -17.66993101824501 -6.934349061695158 -10.402282101809371 3.078773980630473 37.16463389038396 41.126246462674175 -14.915169660675952
363 9438 0 0 0 -8.617477810493773 0.27832625445014647 -5.042069845131433 25.391242530190794 2.4385955300278717 40.48812083359825 21.11164594296295 0.031031307743077448 -27.749152385368756 -2.1908780193339323 -32.13174536399115 -21.13448990131336 46.25007767888602 -17.669931017941153 -6.934349061796245 -10.40228210184235 3.0787739803733634 37.16463389017166 41.1262464631419 -14.915169660223864
364 9464 0 0 0 -8.617477810503765 0.2783262542304499 -5.042069844798354 25.391242530062232 2.4385955295188966 40.48812083328696 21.111645943162998 0.03103130787408079 -27.749152384963864 -2.190878019012901 -32.131745364140386 -21.13448990128641 46.250077678782596 -17.66993101845893 -6.934349062002242 -10.40228210160194 3.0787739800544776 37.16463389026952 41.12624646296315 -14.915169660456922
365 9490 0 0 0 -8.617477810285003 0.2783262535139907 -5.042069844950926 25.391242529895653 2.4385955295644455 40.48812083316556 21.111645943084643 0.031031307396395175 -27.749152384979727 -2.1908780191367634 -32.13174536473972 -21.134489901199963 46.25007767895832 -17.66993101853301 -6.9343490621670725 -10.402282101856182 3.0787739802306113 37.16463389008812 41.12624646328725 -14.915169660696488
366 9516 0 0 0 -8.617477810506395 0.2783262538465331 -5.042069844686111 25.391242530197783 2.438595529403121 40.488120833200476 21.111645942968988 0.031031307915267117 -27.749152384599842 -2.1908780195826507 -32.13174536449302 -21.13448990160318 46.25007767935967 -17.669931018302695 -6.9343490622834585 -10.402282101696429 3.0787739800982123 37.164633889782735 41.12624646323041 -14.915169661148878
367 9542 0 0 0 -8.617477810193982 0.2783262536937055 -5.042069844942755 25.39124253075358 2.438595529538057 40.48812083342488 21.11164594324075 0.03103130781361835 -27.74915238452223 -2.1908780195631987 -32.13174536438269 -21.13448990148957 46.25007767936667 -17.66993101839851 -6.9343490619167065 -10.402282101843731 3.078773980523063 37.16463388952891 41.1262464632584 -14.915169661271095
368 9568 0 0 0 -8.617477810557133 0.27832625367583985 -5.042069845216096 25.39124253078545 2.438595529260314 40.48812083397519 21.111645943212473 0.031031308001044346 -27.749152384543862 -2.190878019494035 -32.13174536381104 -21.13448990151121 46.25007767904378 -17.669931018516596 -6.934349062033526 -10.402282101865834 3.078773980691701 37.16463389007125 41.12624646273653 -14.915169660944992
369 9594 0 0 0 -8.61747781044031 0.27832625381347387 -5.04206984543353 25.39124253053846 2.4385955293024617 40.48812083382415 21.111645943340516 0.03103130781846229 -27.749152384542484 -2.190878019398578 -32.13174536360853 -21.134489901494355 46.25007767909245 -17.66993101863602 -6.934349062023195 -10.402282102114711 3.0787739807398964 37.16463389002759 41.12624646281482 -14.915169661278265
370 9620 0 0 0 -8.61747781018989 0.2783262534141353 -5.042069845488927 25.391242530349768 2.4385955294157178 40.488120833641396 21.11164594335893 0.031031307982880934 -27.749152384614636 -2.1908780195742734 -32.131745363612545 -21.134489901654398 46.25007767906151 -17.66993101854354 -6.934349062022221 -10.402282102565673 3.078773980559435 37.16463388988343 41.12624646278108 -14.915169661180594
371 9646 0 0 0 -8.617477810253927 0.2783262535240079 -5.042069845259926 25.39124253014239 2.438595529642092 40.48812083339629 21.111645943329943 0.031031308089545503 -27.749152384810838 -2.1908780195441024 -32.13174536332226 -21.13448990151753 46.25007767893073 -17.669931018641176 -6.93434906189856 -10.402282102289478 3.0787739804571266 37.16463388995162 41.126246462640374 -14.915169661123054
372 9672 0 0 0 -8.617477810368763 0.278326253414267 -5.042069845393294 25.391242530591207 2.4385955293825794 40.4881208334744 21.11164594320569 0.03103130798471341 -27.749152385071863 -2.1908780195516644 -32.13174536347555 -21.134489901548502 46.25007767910854 -17.66993101863633 -6.934349061987914 -10.402282102303015 3.0787739803243026 37.16463388993831 41.126246462914 -14.915169661295756
373 9698 0 0 0 -8.617477810389046 0.2783262533978199 -5.0420698452982835 25.391242530672923 2.4385955293806245 40.488120833328374 21.11164594312556 0.031031308114058204 -27.749152384915764 -2.190878019541883 -32.13174536394669 -21.1344899014744 46.25007767906403 -17.669931018584716 -6.934349061902703 -10.402282102397972 3.0787739807978522 37.164633890329334 41.12624646283215 -14.915169661195863
374 9724 0 0 0 -8.617477810623386 0.2783262534423984 -5.042069845092214 25.39124253067494 2.4385955294919883 40.48812083329596 21.111645943308062 0.03103130833866104 -27.74915238471006 -2.1908780194349053 -32.13174536413382 -21.134489901586207 46.25007767909734 -17.66993101887017 -6.934349062095691 -10.402282102016793 3.078773980660181 37.164633890464835 41.126246462748796 -14.915169661022697
375 9750 0 0 0 -8.617477810383624 0.27832625341173145 -5.0420698453378066 25.391242530486217 2.4385955295892416 40.48812083342967 21.111645943319076 0.031031308506047964 -27.74915238470339 -2.190878019445609 -32.131745364108724 -21.13448990171833 46.25007767945982 -17.669931018617373 -6.934349062139713 -10.402282102286863 3.07877398083002 37.164633890630434 41.12624646278297 -14.915169661017138
376 9776 0 0 0 -8.61747781049417 0.27832625358311064 -5.042069845375696 25.391242530443176 2.438595529439279 40.488120833458446 21.11164594336419 0.031031308539439924 -27.749152384776988 -2.190878019389366 -32.13174536417917 -21.134489901793973 46.25007767947537 -17.669931018860947 -6.934349062093183 -10.402282102129336 3.0787739806726653 37.16463389049734 41.12624646269831 -14.915169660892543
377 9802 0 0 0 -8.617477810757531 0.2783262534769302 -5.0420698451564165 25.391242530383312 2.4385955294230883 40.48812083331664 21.111645943222943 0.031031308444255917 -27.74915238482721 -2.1908780196637805 -32.13174536407819 -21.134489901528735 46.250077679481045 -17.66993101858401 -6.934349062134437 -10.402282102324419 3.0787739807060333 37.164633890373516 41.12624646270105 -14.915169660859108
378 9828 0 0 0 -8.617477810750463 0.27832625342798584 -5.042069845271434 25.391242530266815 2.438595529413325 40.48812083336305 21.111645943399704 0.031031308206265155 -27.74915238488171 -2.1908780195817332 -32.13174536417109 -21.13448990135033 46.25007767934103 -17.669931018645023 -6.93434906202839 -10.402282102175361 3.078773980525803 37.16463389044967 41.12624646283273 -14.915169660801947
379 9854 0 0 0 -8.61747781057539 0.2783262534169795 -5.04206984514505 25.39124253041682 2.43859552936558 40.48812083345596 21.111645943233317 0.031031307985345237 -27.7491523849044 -2.190878019568526 -32.13174536419693 -21.13448990145223 46.250077679292744 -17.66993101858339 -6.93434906186832 -10.402282102224374 3.0787739806000234 37.16463389022282 41.126246462749386 -14.915169660975717
380 9880 0 0 0 -8.61747781050278 0.2783262535155499 -5.042069845066955 25.391242530319023 2.438595529228719 40.488120833551235 21.111645943195725 0.03103130813770949 -27.74915238487005 -2.1908780194661763 -32.131745364307356 -21.134489901515146 46.25007767925491 -17.669931018643442 -6.934349061876355 -10.402282102176216 3.0787739804229965 37.16463389015279 41.12624646279248 -14.915169661024676
381 9906 0 0 0 -8.617477810468182 0.2783262536229749 -5.042069845023238 25.391242530276593 2.438595529365587 40.4881208334704 21.111645943281488 0.031031308059655763 -27.749152384749074 -2.1908780194054733 -32.13174536421911 -21.134489901476694 46.250077679342105 -17.669931018637193 -6.934349061978657 -10.402282102144431 3.0787739804793754 37.16463389019373 41.12624646286733 -14.915169661014637
382 9932 0 0 0 -8.61747781052473 0.2783262534594718 -5.0420698450708645 25.391242530384268 2.438595529367796 40.488120833496325 21.111645943198358 0.031031308071454114 -27.749152384789515 -2.19087801949012 -32.13174536438709 -21.134489901552374 46.250077679399034 -17.6699310185413 -6.934349061896544 -10.402282102172144 3.078773980438388 37.16463389016696 41.126246462717866 -14.915169661011188
383 9958 0 0 0 -8.617477810489511 0.2783262535705235 -5.042069844927252 25.391242530510556 2.4385955293931834 40.488120833538154 21.111645943246288 0.03103130807049153 -27.74915238476995 -2.1908780194611066 -32.13174536422015 -21.134489901562205 46.2500776794988 -17.669931018616598 -6.934349062029042 -10.402282102136397 3.078773980422436 37.16463389020972 41.12624646282274 -14.915169660910294
384 9984 0 0 0 -8.617477810526532 0.2783262535241026 -5.042069845119048 25.39124253049019 2.4385955293820953 40.488120833472145 21.11164594336046 0.031031308053827297 -27.74915238472206 -2.1908780194058664 -32.13174536422729 -21.134489901564134 46.25007767950551 -17.669931018577483 -6.934349061939913 -10.402282102096605 3.078773980398122 37.164633890246826 41.12624646286904 -14.915169660870562
385 10010 0 0 0 -8.61747781056621 0.27832625342912226 -5.042069845107716 25.391242530448377 2.438595529339011 40.488120833501235 21.1116459433319 0.031031308063516973 -27.7491523846917 -2.190878019477607 -32.13174536422658 -21.134489901610223 46.25007767956218 -17.6699310185697 -6.934349061962329 -10.40228210205008 3.0787739803583825 37.16463389026312 41.12624646288394 -14.9151696607963
385 10010 0 0 0 -8.61747781056621 0.27832625342912226 -5.042069845107716 25.391242530448377 2.438595529339011 40.488120833501235 21.1116459433319 0.031031308063516973 -27.7491523846917 -2.190878019477607 -32.13174536422658 -21.134489901610223 46.25007767956218 -17.6699310185697 -6.934349061962329 -10.40228210205008 3.0787739803583825 37.16463389026312 41.12624646288394 -14.9151696607963
